Chain,Positions,Residues,Distance,Accessibility,Torsion,Total
A,1,MET,0.0,0.954201,0.0,0.954201
A,2,GLU,0.644282,0.552128,1.652244,2.848654
A,3,HIS,0.167938,0.379416,2.456365,3.003719
A,4,ALA,0.662977,1.92133,1.68984,4.274147
A,5,PHE,-1.20639,0.040564,1.342874,0.17704799999999987
A,6,THR,-0.132213,1.185967,-0.650883,0.4028710000000001
A,7,PRO,0.094329,2.623865,3.524396,6.24259
A,8,LEU,-0.701288,0.459062,0.283305,0.04107899999999998
A,9,GLU,0.498858,0.685029,4.443123,5.62701
A,10,PRO,-0.321193,2.702969,1.15991,3.541686
A,11,LEU,-1.392265,-1.263542,1.684521,-0.9712860000000003
A,12,LEU,0.356448,0.33698,0.832991,1.526419
A,13,SER,0.395711,-1.023338,1.56876,0.9411329999999998
A,14,THR,0.112973,-0.658255,2.195996,1.650714
A,15,GLY,0.696749,-0.329708,-10.632252,-10.265210999999999
A,16,ASN,0.16373,-2.184616,-2.527746,-4.548632
A,17,LEU,0.080496,-2.463411,-1.769073,-4.151987999999999
A,18,LYS,1.098866,-1.315419,-0.932874,-1.149427
A,19,TYR,-1.331384,-1.472368,-1.90372,-4.707472
A,20,CYS,-2.560274,-4.462838,-3.501717,-10.524829
A,21,LEU,-1.478352,-3.387684,-2.584703,-7.4507390000000004
A,22,VAL,-2.635677,-2.260375,-4.07103,-8.967082
A,23,ILE,-1.723648,-3.071225,-2.038522,-6.833394999999999
A,24,LEU,-0.404518,-3.147739,0.388457,-3.1638
A,25,ASN,0.866994,-0.409852,1.413486,1.870628
A,26,GLN,1.552938,0.200358,-0.123552,1.629744
A,27,PRO,0.380295,-1.018513,-4.887873,-5.526091
A,28,LEU,-1.996673,-1.408471,-0.189558,-3.594702
A,29,ASP,0.968925,-0.514356,-0.500548,-0.04597899999999999
A,30,ASN,0.162754,-2.063678,1.00214,-0.8987839999999998
A,31,TYR,-0.78995,-2.699034,-0.546453,-4.035437
A,32,PHE,-2.347816,-3.946857,-0.489165,-6.783837999999999
A,33,ARG,-0.120564,-2.705822,-1.214961,-4.041347
A,34,HIS,-0.018747,-1.762557,-0.107044,-1.888348
A,35,LEU,-1.872797,-2.643671,-0.279323,-4.7957909999999995
A,36,TRP,-1.557265,-1.555611,0.139524,-2.9733519999999998
A,37,ASN,-0.621791,-1.194034,1.340588,-0.47523700000000013
A,38,LYS,0.732262,-0.21801,1.418349,1.932601
A,39,ALA,-1.000585,0.750246,3.627949,3.37761
A,40,LEU,-0.483854,1.993382,1.46891,2.9784379999999997
A,41,LEU,-0.491191,-1.849981,2.829242,0.48806999999999956
A,42,ARG,0.545421,1.937186,2.78224,5.264847
A,43,ALA,-0.435678,-1.04555,3.496156,2.0149280000000003
A,44,CYS,-1.861283,-1.819719,2.209058,-1.4719440000000001
A,45,ALA,-0.26331,-0.560888,4.443195,3.6189970000000002
A,46,ASP,1.749593,3.96866,6.211726,11.929979
A,47,GLY,-0.411979,1.273778,1.077333,1.9391320000000003
A,48,GLY,-0.854567,0.557626,4.97644,4.679499
A,49,ALA,-0.973334,-0.641843,3.304507,1.68933
A,50,ASN,-0.037415,2.158108,4.445137,6.56583
A,51,ARG,0.323979,1.790643,3.13424,5.248862
A,52,LEU,-2.108878,-2.02658,3.082043,-1.0534149999999998
A,53,TYR,-1.274747,0.310224,3.631967,2.6674439999999997
A,54,ASP,0.445694,-0.548937,4.341992,4.238749
A,55,ILE,-0.940738,3.187732,5.125503,7.372497
A,56,THR,-0.210947,1.265022,2.009854,3.063929
A,57,GLU,0.142151,-1.668952,2.799713,1.272912
A,58,GLY,-0.419892,0.580079,-4.8992,-4.739013000000001
A,59,GLU,0.179712,-0.025669,1.047127,1.2011699999999998
A,60,ARG,-0.348508,2.245043,-0.447938,1.448597
A,61,GLU,-0.251764,-0.187724,-0.058808,-0.49829599999999996
A,62,SER,-0.260811,-0.407076,-0.991705,-1.659592
A,63,PHE,-1.399215,-1.29803,-1.348033,-4.045278
A,64,LEU,-0.955445,0.197196,-2.703033,-3.4612819999999997
A,65,PRO,-0.248066,2.90318,-3.422067,-0.7669530000000004
A,66,GLU,0.892196,-0.041719,-0.810888,0.039588999999999985
A,67,PHE,-0.96612,-0.820932,-1.998978,-3.7860300000000002
A,68,ILE,-2.158935,-1.067581,-2.363995,-5.590511
A,69,ASN,1.124216,3.468837,-0.348675,4.244378
A,70,GLY,0.252612,1.042362,-9.323986,-8.029012
A,71,ASP,1.274527,0.146693,-2.502764,-1.081544
A,72,PHE,-0.254582,2.239686,1.417647,3.402751
A,73,ASP,0.098201,-1.46886,-1.889624,-3.2602830000000003
A,74,SER,0.305205,-0.250872,1.461408,1.515741
A,75,ILE,-1.050078,-1.808392,-0.384922,-3.243392
A,76,ARG,0.841557,-2.201458,-3.129934,-4.489835
A,77,PRO,-0.714326,-2.123633,-0.907381,-3.7453399999999997
A,78,GLU,-0.193744,-2.26685,0.537498,-1.923096
A,79,VAL,0.020601,-3.950191,0.682607,-3.2469829999999997
A,80,ARG,-0.585892,0.874164,-1.293445,-1.0051729999999999
A,81,GLU,-0.621128,-2.012123,-0.994842,-3.628093
A,82,TYR,-0.692037,-1.719188,-0.835013,-3.246238
A,83,TYR,-1.162148,-1.455808,-0.270564,-2.8885199999999998
A,84,ALA,-1.347468,0.724277,-0.958811,-1.5820020000000001
A,85,THR,-0.532921,-0.270388,-0.455223,-1.258532
A,86,LYS,0.189465,0.865048,-3.462953,-2.40844
A,87,GLY,-0.583815,0.379014,-11.497355,-11.702156
A,88,CYS,-0.939962,-1.038371,-1.626851,-3.605184
A,89,GLU,0.62383,-1.461352,-0.96924,-1.806762
A,90,LEU,-1.223631,-0.387604,-3.182595,-4.79383
A,91,ILE,-0.412154,-0.27742,-4.076631,-4.766205
A,92,SER,0.169639,-0.971546,-2.451412,-3.253319
A,93,THR,0.385682,-0.951784,-4.286155,-4.852257
A,94,PRO,0.361182,-0.760036,-3.037263,-3.436117
A,95,ASP,-0.10874,-0.489599,-1.69385,-2.292189
A,96,GLN,0.04668,-1.694539,-4.02908,-5.676939000000001
A,97,ASP,-0.276433,-2.166215,-4.526898,-6.969545999999999
A,98,HIS,0.323469,-0.674581,0.692293,0.34118100000000007
A,99,THR,0.031176,0.309694,0.918805,1.259675
A,100,ASP,0.991656,1.524377,0.371724,2.887757
A,101,PHE,-1.528798,-2.318246,-1.010448,-4.857492
A,102,THR,-0.674908,0.770907,-1.550011,-1.454012
A,103,LYS,0.79353,6.984528,-2.2216,5.556457999999999
A,104,CYS,-1.589724,-1.655206,-1.886802,-5.131732
A,105,LEU,-2.611077,-1.726484,-2.697154,-7.034715
A,106,LYS,0.201989,-2.281469,-3.484668,-5.564147999999999
A,107,MET,-0.826614,0.705426,-3.381794,-3.5029820000000003
A,108,LEU,-2.787983,-2.304164,-3.341682,-8.433829000000001
A,109,GLN,-0.463329,0.380066,-3.547458,-3.630721
A,110,LYS,-0.601668,-2.232814,-3.229521,-6.064003
A,111,LYS,0.248828,2.460274,-2.784969,-0.07586699999999968
A,112,ILE,-2.065117,-1.136068,-3.255442,-6.456626999999999
A,113,GLU,-0.486081,-1.322646,-3.250686,-5.059413
A,114,GLU,-0.385906,-1.656974,-2.896914,-4.939794
A,115,LYS,0.633243,-1.354743,-2.284957,-3.006457
A,116,ASP,0.0,-1.163266,-4.99611,-6.159376
A,117,LEU,-0.947547,-0.839263,0.035534,-1.751276
A,118,LYS,0.676602,-2.50858,-0.859731,-2.691709
A,119,VAL,-1.373969,-2.001783,-2.51749,-5.893242000000001
A,120,ASP,0.589913,-2.129723,1.015326,-0.5244839999999997
A,121,VAL,-2.23158,-3.95023,-4.755545,-10.937355
A,122,ILE,-2.248336,-3.314395,-4.502151,-10.064882
A,123,VAL,-2.64557,-3.416905,-5.159088,-11.221563
A,124,THR,-0.667773,-1.219142,-3.642664,-5.529579
A,125,LEU,-1.921371,-3.062004,-1.405014,-6.388389
A,126,GLY,-0.29563,-0.127892,-12.00612,-12.429642
A,127,GLY,0.214827,1.201895,-6.721317,-5.304595
A,128,LEU,-1.205804,1.076168,-2.745221,-2.874857
A,129,ALA,0.994863,2.048284,0.913435,3.956582
A,130,GLY,0.322555,0.771886,-12.005827,-10.911386
A,131,ARG,-0.062814,1.639354,0.091296,1.667836
A,132,PHE,-0.220388,5.208474,-0.838095,4.149991
A,133,ASP,-0.391115,1.049853,-0.765984,-0.10724600000000006
A,134,GLN,0.734884,1.425334,-0.078931,2.081287
A,135,ILE,-0.568605,1.486926,0.119478,1.037799
A,136,MET,-0.893748,1.807529,0.692435,1.6062159999999999
A,137,ALA,-1.156486,1.311077,0.012694,0.16728500000000016
A,138,SER,-0.7577,1.175611,1.152642,1.5705529999999999
A,139,VAL,-2.049048,-0.243354,1.041697,-1.250705
A,140,ASN,-0.432268,-0.299301,1.541104,0.8095350000000001
A,141,THR,-1.012864,1.086349,1.333583,1.407068
A,142,LEU,-2.02795,-2.055135,1.01825,-3.0648350000000004
A,143,PHE,-0.358517,1.969931,1.191517,2.802931
A,144,GLN,0.178241,0.437808,1.413473,2.029522
A,145,ALA,-1.030795,-1.342434,0.989744,-1.3834849999999999
A,146,THR,-0.393759,0.025737,-2.620207,-2.988229
A,147,HIS,0.103341,0.502603,-0.750206,-0.144262
A,148,ILE,-0.455593,-0.321248,1.736451,0.95961
A,149,THR,-0.36902,1.837431,-5.016465,-3.548054
A,150,PRO,0.863198,-1.36323,-1.653253,-2.153285
A,151,PHE,-1.2915,-2.427783,-1.585607,-5.30489
A,152,PRO,1.00658,-0.633523,-4.252414,-3.8793569999999997
A,153,ILE,-1.711644,-0.446463,-1.425023,-3.5831299999999997
A,154,ILE,-2.641652,-2.16069,-1.775211,-6.577553
A,155,ILE,-1.558805,-2.996948,-1.526524,-6.082277
A,156,ILE,-2.24378,-2.518791,-1.436479,-6.19905
A,157,GLN,1.318861,2.373918,0.656578,4.349357
A,158,GLU,0.84628,-1.678908,3.297038,2.46441
A,159,GLU,0.80789,-0.708851,-1.16787,-1.0688309999999999
A,160,SER,0.531915,-0.39653,3.372046,3.507431
A,161,LEU,-1.548922,-1.861976,1.307991,-2.102907
A,162,ILE,-1.977403,-0.202768,-0.383207,-2.563378
A,163,TYR,-0.972778,0.10942,-0.927885,-1.7912430000000001
A,164,LEU,-0.481341,-1.315872,0.122173,-1.6750399999999999
A,165,LEU,-1.271907,-1.590867,1.295094,-1.56768
A,166,GLN,0.509551,-1.494038,0.107724,-0.876763
A,167,PRO,0.55157,-0.411188,-4.681912,-4.54153
A,168,GLY,-0.275691,0.358996,-10.435071,-10.351766000000001
A,169,LYS,0.42344,-0.197954,2.338912,2.564398
A,170,HIS,-0.201157,1.252797,-0.464276,0.5873639999999999
A,171,ARG,0.876715,-0.67931,-1.093179,-0.8957739999999998
A,172,LEU,-1.759968,-2.638186,-2.408091,-6.8062450000000005
A,173,HIS,0.494859,-0.081567,-1.586615,-1.1733230000000001
A,174,VAL,-1.887342,-1.635355,2.76397,-0.7587269999999999
A,175,ASP,0.178098,-0.34785,0.094964,-0.07478799999999998
A,176,THR,0.131441,0.219988,-3.868031,-3.5166020000000002
A,177,GLY,-0.083568,0.472386,-6.141072,-5.752254000000001
A,178,MET,-0.560325,-0.193037,-0.296399,-1.049761
A,179,GLU,1.15221,3.138007,-1.693095,2.597122
A,180,GLY,0.34445,0.41561,3.118697,3.8787570000000002
A,181,ASP,0.435486,0.002566,-2.598226,-2.160174
A,182,TRP,-0.211031,2.603131,-0.179318,2.212782
A,183,CYS,-1.315005,-0.057614,-1.163291,-2.5359100000000003
A,184,GLY,-0.226082,0.836729,1.553647,2.164294
A,185,LEU,-1.727608,-1.750183,-1.161073,-4.638864
A,186,ILE,-1.461423,0.614957,-3.92401,-4.770476
A,187,PRO,0.738993,2.996801,-5.627693,-1.8918989999999996
A,188,VAL,-1.126321,1.583931,3.643231,4.100841
A,189,GLY,0.034738,1.377006,7.110555,8.522299
A,190,GLN,0.239391,-0.381126,-2.516669,-2.658404
A,191,PRO,0.734278,-0.456919,-5.846629,-5.56927
A,192,CYS,-0.768912,-1.18179,-1.685035,-3.6357369999999998
A,193,MET,0.048256,1.027351,-0.67757,0.398037
A,194,GLN,0.713958,-1.027078,-1.402523,-1.715643
A,195,VAL,-1.598422,-2.361434,-2.085277,-6.045133
A,196,THR,0.176515,-0.801524,-2.161127,-2.786136
A,197,THR,-0.63996,0.559481,-1.544257,-1.624736
A,198,THR,-0.121867,-0.07365,-0.530119,-0.725636
A,199,GLY,-0.245762,0.475032,-8.214025,-7.984755
A,200,LEU,-0.148784,-0.892816,-0.062731,-1.1043310000000002
A,201,LYS,0.30563,0.039557,-0.14869,0.19649700000000003
A,202,TRP,0.114431,3.28452,-1.201068,2.197883
A,203,ASN,0.492346,-0.140027,2.216123,2.568442
A,204,LEU,-0.682541,-1.180297,0.511891,-1.3509470000000001
A,205,THR,0.157361,0.352976,0.183362,0.6936990000000001
A,206,ASN,0.233622,0.22281,-3.201536,-2.745104
A,207,ASP,0.635822,1.408161,1.491917,3.5359
A,208,VAL,-0.845888,2.36927,0.748835,2.2722170000000004
A,209,LEU,-1.680424,-0.457141,0.897261,-1.240304
A,210,ALA,0.138032,1.400969,0.276817,1.8158179999999997
A,211,PHE,-0.151334,4.183778,2.376847,6.409291
A,212,GLY,0.965156,1.647315,-7.140135,-4.527664
A,213,THR,0.225718,0.493134,4.587433,5.306285
A,214,LEU,0.194526,3.636145,-1.256519,2.574152
A,215,VAL,-0.493208,1.481259,-2.85614,-1.8680889999999999
A,216,SER,0.020857,3.244125,-1.000222,2.26476
A,217,THR,-0.165855,2.009526,-3.041071,-1.1974
A,218,SER,0.102357,1.351708,-0.318906,1.1351589999999998
A,219,ASN,0.379684,4.244412,-1.873135,2.7509609999999998
A,220,THR,-0.102502,0.21634,-4.203426,-4.089588
A,221,TYR,-1.057395,-0.256362,-2.715144,-4.028901
A,222,ASP,-0.008217,-2.093747,-5.878363,-7.980327000000001
A,223,GLY,-0.62049,-0.471685,-13.120049,-14.212223999999999
A,224,SER,-0.833044,-2.059173,-7.181707,-10.073924
A,225,GLY,-0.726653,-0.544257,-11.541015,-12.811925
A,226,VAL,-0.584562,-1.2092,-7.533926,-9.327688
A,227,VAL,-2.142605,-4.088006,-9.34919,-15.579801
A,228,THR,0.268034,-0.734467,-8.070218,-8.536651
A,229,VAL,-2.128109,-2.882188,-6.833607,-11.843903999999998
A,230,GLU,0.716016,-0.49951,-3.592724,-3.376218
A,231,THR,-0.331491,0.91788,-2.206756,-1.620367
A,232,ASP,0.865567,-0.55262,-5.786945,-5.473998
A,233,HIS,0.461764,-1.712908,0.350978,-0.900166
A,234,PRO,0.090328,-0.107292,-2.386204,-2.4031680000000004
A,235,LEU,-1.675564,-1.508862,2.489934,-0.6944920000000003
A,236,LEU,-1.534812,-2.093449,3.322734,-0.3055270000000001
A,237,TRP,-1.737178,-2.02104,2.273838,-1.4843800000000003
A,238,THR,-0.146317,-1.14624,0.103772,-1.188785
A,239,MET,-0.746381,-1.889157,1.138084,-1.4974539999999998
A,240,ALA,0.756371,-1.551283,0.448886,-0.34602599999999994
A,241,ILE,-1.724159,-1.884875,1.251927,-2.357107
A,242,LYS,0.694161,-1.688697,2.00985,1.0153140000000003
A,243,SER,-0.07605,-0.270006,0.0,-0.34605600000000003
