,A119,min dist
A1,49.00354328005272,49.00354328005272
A2,49.94447638127764,49.94447638127764
A3,48.00316998907468,48.00316998907468
A4,49.35968236324055,49.35968236324055
A5,47.99024936380306,47.99024936380306
A6,50.06069110589665,50.06069110589665
A7,51.494066192135186,51.494066192135186
A8,51.83130472986379,51.83130472986379
A9,54.09022967228,54.09022967228
A10,53.87096381168617,53.87096381168617
A11,55.978273812256845,55.978273812256845
A12,57.6754670375542,57.6754670375542
A13,58.628169483619395,58.628169483619395
A14,59.84588865577986,59.84588865577986
A15,61.102696683534354,61.102696683534354
A16,62.131917771786185,62.131917771786185
A17,62.927979063370536,62.927979063370536
A18,63.00877617443462,63.00877617443462
A19,64.87263177180343,64.87263177180343
A20,64.16047776474237,64.16047776474237
A21,65.57750225496547,65.57750225496547
A22,64.30932602663474,64.30932602663474
A23,65.69075023167265,65.69075023167265
A24,62.905742408781734,62.905742408781734
A25,63.29696514051839,63.29696514051839
A26,59.60982899656734,59.60982899656734
A27,58.56343785161524,58.56343785161524
A28,58.36901392005865,58.36901392005865
A29,54.614912523961806,54.614912523961806
A30,53.928936036231974,53.928936036231974
A31,51.26757257760504,51.26757257760504
A32,48.62668118430457,48.62668118430457
A33,47.612674930106586,47.612674930106586
A34,45.4821020842265,45.4821020842265
A35,41.42080991482421,41.42080991482421
A36,39.203822645247236,39.203822645247236
A37,36.8481975678594,36.8481975678594
A38,33.688945635029896,33.688945635029896
A39,31.158805769798047,31.158805769798047
A40,28.860642837608452,28.860642837608452
A41,25.466536258392107,25.466536258392107
A42,23.608926913352075,23.608926913352075
A43,18.26129800972538,18.26129800972538
A44,17.834141667038537,17.834141667038537
A45,16.93480112076903,16.93480112076903
A46,13.57677332800397,13.57677332800397
A47,15.639993957799343,15.639993957799343
A48,17.42730056549206,17.42730056549206
A49,19.17265138159039,19.17265138159039
A50,17.24498358943841,17.24498358943841
A51,19.950006591477607,19.950006591477607
A52,18.72559304801853,18.72559304801853
A53,22.065217470036412,22.065217470036412
A54,19.628499917212217,19.628499917212217
A55,22.92001653577065,22.92001653577065
A56,23.303525419987423,23.303525419987423
A57,25.65645063137144,25.65645063137144
A58,25.562331094796498,25.562331094796498
A59,25.906473978525135,25.906473978525135
A60,23.611937446977958,23.611937446977958
A61,25.714739917020353,25.714739917020353
A62,25.09299699119258,25.09299699119258
A63,20.26739610803519,20.26739610803519
A64,20.970117167054646,20.970117167054646
A65,17.573265632772983,17.573265632772983
A66,15.774464840367802,15.774464840367802
A67,16.59209408121832,16.59209408121832
A68,13.060377674477872,13.060377674477872
A69,15.736483628816192,15.736483628816192
A70,15.629282069244256,15.629282069244256
A71,16.56336152476302,16.56336152476302
A72,19.06221647658005,19.06221647658005
A73,17.329491077351346,17.329491077351346
A74,18.93506928954843,18.93506928954843
A75,22.347003937888406,22.347003937888406
A76,20.944273752030647,20.944273752030647
A77,15.970382118158602,15.970382118158602
A78,17.766737714054315,17.766737714054315
A79,13.720147739729336,13.720147739729336
A80,11.332102496889092,11.332102496889092
A81,9.40503662938109,9.40503662938109
A82,12.234170221147,12.234170221147
A83,10.035403579328538,10.035403579328538
A84,6.299844918726175,6.299844918726175
A85,8.892073661413294,8.892073661413294
A86,11.685734080493189,11.685734080493189
A87,8.963026999847763,8.963026999847763
A88,13.034879285977299,13.034879285977299
A89,15.505221475361129,15.505221475361129
A90,16.916065322645217,16.916065322645217
A91,20.14930599301127,20.14930599301127
A92,18.67276674732483,18.67276674732483
A93,23.662644716937283,23.662644716937283
A94,25.411805170038587,25.411805170038587
A95,20.661783417701386,20.661783417701386
A96,23.681080085165036,23.681080085165036
A97,26.4454987096103,26.4454987096103
A98,26.876157854127886,26.876157854127886
A99,23.94002875938122,23.94002875938122
A100,28.217287573400814,28.217287573400814
A101,22.93627968960965,22.93627968960965
A102,28.11125349393015,28.11125349393015
A103,24.17442545335876,24.17442545335876
A104,22.317209973471147,22.317209973471147
A105,18.83895689787521,18.83895689787521
A106,16.55911866616095,16.55911866616095
A107,14.389828699466854,14.389828699466854
A108,10.46029535911869,10.46029535911869
A109,9.649138096223933,9.649138096223933
A110,5.829581545874455,5.829581545874455
A111,7.73824534374557,7.73824534374557
A112,9.206968828012831,9.206968828012831
A113,5.29496694984964,5.29496694984964
A114,8.612409244804848,8.612409244804848
A115,7.5502752929942885,7.5502752929942885
A116,6.4805785235579085,6.4805785235579085
A117,3.1091556731691643,3.1091556731691643
A118,1.341286695676953,1.341286695676953
A119,0.0,0.0
A120,1.326765616075424,1.326765616075424
A121,3.201276776537761,3.201276776537761
A122,3.2457778728680737,3.2457778728680737
A123,2.7234134831126906,2.7234134831126906
A124,5.003936250593125,5.003936250593125
A125,6.774649880252113,6.774649880252113
A126,6.1077116009189565,6.1077116009189565
A127,8.829232186322885,8.829232186322885
A128,10.826547141171094,10.826547141171094
A129,11.944380310422137,11.944380310422137
A130,13.446219914905452,13.446219914905452
A131,14.063616782321679,14.063616782321679
A132,15.203743025978833,15.203743025978833
A133,17.504314125380635,17.504314125380635
A134,19.41784831025312,19.41784831025312
A135,17.405415076923617,17.405415076923617
A136,13.680946970147938,13.680946970147938
A137,18.860668227822682,18.860668227822682
A138,20.34973046504548,20.34973046504548
A139,20.050430219823216,20.050430219823216
A140,17.362306787981833,17.362306787981833
A141,16.010770281282532,16.010770281282532
A142,11.150884135349987,11.150884135349987
A143,13.02791886680294,13.02791886680294
A144,8.89799983142279,8.89799983142279
A145,9.288630738704173,9.288630738704173
A146,6.455874456647992,6.455874456647992
A147,6.091901345228762,6.091901345228762
A148,6.473763202342205,6.473763202342205
A149,3.6523970211355716,3.6523970211355716
A150,3.5107161662544017,3.5107161662544017
A151,5.964303815199222,5.964303815199222
A152,6.842532499009414,6.842532499009414
A153,4.811821900278522,4.811821900278522
A154,5.835215591561292,5.835215591561292
A155,8.674225498567582,8.674225498567582
A156,8.90885071151156,8.90885071151156
A157,8.44538489353801,8.44538489353801
A158,10.885639990372637,10.885639990372637
A159,13.154378776665965,13.154378776665965
A160,13.168616556039591,13.168616556039591
A161,12.48916738617911,12.48916738617911
A162,16.38325694115795,16.38325694115795
A163,13.825620347745701,13.825620347745701
A164,15.16174719483213,15.16174719483213
A165,11.553682443273228,11.553682443273228
A166,13.682700683710069,13.682700683710069
A167,10.450955458712855,10.450955458712855
A168,12.436276814223781,12.436276814223781
A169,12.41435302381884,12.41435302381884
A170,12.826883799270966,12.826883799270966
A171,16.941216278650128,16.941216278650128
A172,13.427551005302494,13.427551005302494
A173,11.013794668505492,11.013794668505492
A174,12.983218591705217,12.983218591705217
A175,16.20991406516395,16.20991406516395
A176,13.891655696856295,13.891655696856295
A177,8.911750164810503,8.911750164810503
A178,13.884288278482265,13.884288278482265
A179,15.747328821104867,15.747328821104867
A180,11.66752647307903,11.66752647307903
A181,10.495735657875535,10.495735657875535
A182,15.454525486083355,15.454525486083355
A183,16.60503474853335,16.60503474853335
A184,11.088796057282321,11.088796057282321
A185,16.235786183613037,16.235786183613037
A186,13.792271531549833,13.792271531549833
A187,15.64283609196235,15.64283609196235
A188,15.494332415435004,15.494332415435004
A189,16.411738908476455,16.411738908476455
A190,16.286323280593443,16.286323280593443
A191,16.652106413303994,16.652106413303994
A192,18.666147915410935,18.666147915410935
A193,17.382303903683194,17.382303903683194
A194,19.640279096794934,19.640279096794934
A195,18.114996080595766,18.114996080595766
A196,18.78091512679827,18.78091512679827
A197,16.04430419183082,16.04430419183082
A198,19.201586418835294,19.201586418835294
A199,20.61645529667988,20.61645529667988
A200,21.847079942179917,21.847079942179917
A201,19.864235474842722,19.864235474842722
A202,17.380874316328278,17.380874316328278
A203,11.65527442834359,11.65527442834359
A204,13.406819831712516,13.406819831712516
A205,17.73517468197029,17.73517468197029
A206,19.080455864575143,19.080455864575143
A207,15.831087012583815,15.831087012583815
A208,18.53672829816524,18.53672829816524
A209,21.38438937636518,21.38438937636518
A210,19.30809677311568,19.30809677311568
A211,19.076906326760632,19.076906326760632
A212,22.716453420373522,22.716453420373522
A213,24.609997683868233,24.609997683868233
A214,21.132091188521784,21.132091188521784
A215,22.49895039774078,22.49895039774078
A216,19.774220945463313,19.774220945463313
A217,18.390920422860844,18.390920422860844
A218,14.522735623841672,14.522735623841672
A219,13.50224151761477,13.50224151761477
A220,9.65981852831615,9.65981852831615
A221,10.277309375512639,10.277309375512639
A222,4.577007865407268,4.577007865407268
A223,8.48358733084065,8.48358733084065
A224,11.410605505405925,11.410605505405925
A225,10.710044817833397,10.710044817833397
A226,11.8329006587565,11.8329006587565
A227,8.583871504164074,8.583871504164074
A228,5.8799141150190275,5.8799141150190275
A229,9.250267293435364,9.250267293435364
A230,11.00093209687252,11.00093209687252
A231,7.450968863174775,7.450968863174775
A232,5.610311310435455,5.610311310435455
A233,12.192647087486785,12.192647087486785
A234,13.525996525210259,13.525996525210259
A235,10.045226229408675,10.045226229408675
A236,8.377358772310041,8.377358772310041
A237,12.65825762101562,12.65825762101562
A238,15.199030692777747,15.199030692777747
A239,11.516509627486966,11.516509627486966
A240,12.955629702951532,12.955629702951532
A241,17.581100164665465,17.581100164665465
A242,18.399291236349296,18.399291236349296
A243,15.046787497668731,15.046787497668731
A244,19.32222541530866,19.32222541530866
A245,22.858119038976064,22.858119038976064
A246,23.302354923912738,23.302354923912738
A247,23.16010071221626,23.16010071221626
A248,18.265894831625413,18.265894831625413
A249,21.565904664539346,21.565904664539346
A250,18.034188476335718,18.034188476335718
A251,12.650943798784342,12.650943798784342
A252,11.801866038894019,11.801866038894019
A253,9.322079864493759,9.322079864493759
A254,6.4436592088657205,6.4436592088657205
A255,7.212597105065553,7.212597105065553
A256,6.119568040311343,6.119568040311343
A257,4.723257138882024,4.723257138882024
A258,7.127968714858392,7.127968714858392
A259,7.198300771709946,7.198300771709946
A260,4.366923287624823,4.366923287624823
A261,8.097780992345989,8.097780992345989
A262,10.447512431196243,10.447512431196243
A263,11.153158969547595,11.153158969547595
A264,10.006531916703208,10.006531916703208
A265,13.607279375393158,13.607279375393158
A266,15.640982769634395,15.640982769634395
A267,16.79942246031095,16.79942246031095
A268,16.334406815063716,16.334406815063716
A269,19.459382133048315,19.459382133048315
A270,20.736055290242646,20.736055290242646
A271,21.990583939495558,21.990583939495558
A272,22.228668561117193,22.228668561117193
A273,23.952756292335128,23.952756292335128
A274,23.75198362242615,23.75198362242615
A275,19.00970967689933,19.00970967689933
A276,18.10410177280276,18.10410177280276
A277,14.692559137195945,14.692559137195945
A278,13.336164853510173,13.336164853510173
A279,13.136585172715167,13.136585172715167
A280,10.620475789718652,10.620475789718652
A281,12.382857868844331,12.382857868844331
A282,11.854730068626615,11.854730068626615
A283,16.377202264123138,16.377202264123138
A284,16.89938803625741,16.89938803625741
A285,13.212822332870445,13.212822332870445
A286,15.97286774502312,15.97286774502312
A287,10.612115576076242,10.612115576076242
A288,15.651476671547641,15.651476671547641
A289,18.207364059632575,18.207364059632575
A290,21.713112559004525,21.713112559004525
A291,21.149435122480224,21.149435122480224
A292,23.92180396625639,23.92180396625639
A293,20.499370380575108,20.499370380575108
A294,18.210775985662995,18.210775985662995
A295,22.965127019026042,22.965127019026042
A296,21.264921114361087,21.264921114361087
A297,24.397074476256368,24.397074476256368
A298,20.541675223798084,20.541675223798084
A299,18.482883054328944,18.482883054328944
A300,18.350393211045915,18.350393211045915
A301,12.314913154383182,12.314913154383182
A302,14.202691083030707,14.202691083030707
A303,11.081908996197361,11.081908996197361
A304,8.034027943690512,8.034027943690512
A305,4.988922729407622,4.988922729407622
A306,6.882866336055059,6.882866336055059
A307,9.258372913206726,9.258372913206726
A308,7.298851553497989,7.298851553497989
A309,14.338395482061443,14.338395482061443
A310,11.935290612297633,11.935290612297633
A311,13.775951001655022,13.775951001655022
A312,10.169265460199178,10.169265460199178
A313,13.164662737799247,13.164662737799247
A314,9.117535467438554,9.117535467438554
A315,11.408844025579453,11.408844025579453
A316,13.635947051818587,13.635947051818587
A317,15.47191730200236,15.47191730200236
A318,17.912088906657427,17.912088906657427
A319,15.453834993295356,15.453834993295356
A320,14.199659256475135,14.199659256475135
A321,18.34996754765523,18.34996754765523
A322,17.034885881625392,17.034885881625392
A323,12.735220335746062,12.735220335746062
A324,15.626472730594067,15.626472730594067
A325,16.837471395669837,16.837471395669837
A326,14.03980031909286,14.03980031909286
A327,16.993005237449907,16.993005237449907
A328,15.920629949848088,15.920629949848088
A329,19.577100551409547,19.577100551409547
A330,17.996791769646055,17.996791769646055
A331,14.98636693798734,14.98636693798734
A332,15.164352739236845,15.164352739236845
A333,19.462115121435286,19.462115121435286
A334,17.776584289452234,17.776584289452234
A335,15.563705246502197,15.563705246502197
A336,18.64764129856642,18.64764129856642
A337,20.620541166516457,20.620541166516457
A338,15.538189759428219,15.538189759428219
A339,18.07141358610333,18.07141358610333
A340,22.137331794956683,22.137331794956683
A341,23.57854185483063,23.57854185483063
A342,20.570794685670265,20.570794685670265
A343,18.68045700725761,18.68045700725761
A344,16.278052586227872,16.278052586227872
A345,13.268358187809069,13.268358187809069
A346,12.687450886604447,12.687450886604447
A347,11.713008622894462,11.713008622894462
A348,11.519154352642385,11.519154352642385
A349,7.376271822540165,7.376271822540165
A350,10.128734718611204,10.128734718611204
A351,12.913315530877421,12.913315530877421
A352,12.38788420191277,12.38788420191277
A353,10.11756714828224,10.11756714828224
A354,14.423444872845044,14.423444872845044
A355,16.755654269529433,16.755654269529433
A356,16.175489513458317,16.175489513458317
A357,17.08019955972412,17.08019955972412
A358,19.765862971294727,19.765862971294727
A359,20.826422496434667,20.826422496434667
A360,19.763907407190512,19.763907407190512
A361,21.75447296534669,21.75447296534669
A362,24.499361338614523,24.499361338614523
A363,23.506406998943927,23.506406998943927
A364,23.00715380050301,23.00715380050301
A365,28.440547972920637,28.440547972920637
A366,30.518979832228993,30.518979832228993
A367,28.145428847327945,28.145428847327945
A368,25.344681532818672,25.344681532818672
A369,21.437709625797247,21.437709625797247
A370,18.550883698627405,18.550883698627405
A371,14.867519228169842,14.867519228169842
A372,12.437230921712436,12.437230921712436
A373,7.835831162040181,7.835831162040181
A374,8.258607509744001,8.258607509744001
A375,5.101963935584022,5.101963935584022
A376,6.943557949639364,6.943557949639364
A377,9.054659629163318,9.054659629163318
A378,12.693857136426265,12.693857136426265
A379,9.288964097250025,9.288964097250025
A380,8.533422759948087,8.533422759948087
A381,9.265244896925283,9.265244896925283
A382,16.83825186888473,16.83825186888473
A383,19.181616850516015,19.181616850516015
A384,15.854840554228224,15.854840554228224
A385,14.734322006797598,14.734322006797598
A386,19.25093415915186,19.25093415915186
A387,21.817241645084284,21.817241645084284
A388,24.828610915635213,24.828610915635213
A389,26.15413300035006,26.15413300035006
A390,18.639074923396816,18.639074923396816
A391,20.88124024094354,20.88124024094354
A392,26.00940245372815,26.00940245372815
A393,25.3747362744916,25.3747362744916
A394,21.859344226211363,21.859344226211363
A395,25.725631459694043,25.725631459694043
A396,20.29038279579762,20.29038279579762
A397,25.649745749227222,25.649745749227222
A398,28.943790698524612,28.943790698524612
A399,32.107640258978854,32.107640258978854
A400,33.98197064621179,33.98197064621179
A401,29.8841243639495,29.8841243639495
A402,30.203142700719074,30.203142700719074
A403,33.05792374000521,33.05792374000521
A404,32.98201512946109,32.98201512946109
A405,38.50336496983088,38.50336496983088
A406,34.958276430625126,34.958276430625126
A407,40.688827422278955,40.688827422278955
A408,45.197313072792284,45.197313072792284
A409,40.31387410061207,40.31387410061207
A410,35.98157228360095,35.98157228360095
A411,40.56040110748413,40.56040110748413
A412,42.84141241835988,42.84141241835988
A413,44.02273368385929,44.02273368385929
A414,40.761597981433454,40.761597981433454
A415,45.26912709562666,45.26912709562666
A416,47.36866046237745,47.36866046237745
A417,43.83660062094231,43.83660062094231
A418,49.34463583815368,49.34463583815368
A419,44.76926675745315,44.76926675745315
A420,48.34626684657255,48.34626684657255
A421,49.265674185988765,49.265674185988765
A422,45.873917447717496,45.873917447717496
A423,46.10083753035296,46.10083753035296
A424,45.07842848857977,45.07842848857977
A425,43.729464574815005,43.729464574815005
A426,43.84577732233744,43.84577732233744
A427,40.79928000590206,40.79928000590206
A428,43.781502589564006,43.781502589564006
A429,44.85691231014457,44.85691231014457
A430,46.39616322499092,46.39616322499092
A431,43.0901856227146,43.0901856227146
A432,47.880857532003326,47.880857532003326
A433,49.81139814339685,49.81139814339685
A434,45.45781173791804,45.45781173791804
A435,47.32649987057991,47.32649987057991
A436,51.093621617575714,51.093621617575714
A437,49.799144520764614,49.799144520764614
A438,45.975275039960344,45.975275039960344
A439,51.44188501600617,51.44188501600617
A440,54.206609347938375,54.206609347938375
A441,53.271365422710915,53.271365422710915
A442,51.464326256155346,51.464326256155346
A443,48.345653475777944,48.345653475777944
A444,44.358260493396266,44.358260493396266
A445,41.619123597211896,41.619123597211896
A446,41.636500081058685,41.636500081058685
A447,41.31369352890153,41.31369352890153
A448,39.31362473748764,39.31362473748764
A449,41.44090409245435,41.44090409245435
A450,39.27439579420669,39.27439579420669
A451,43.764573001458615,43.764573001458615
A452,41.78742932988341,41.78742932988341
A453,40.546623743537516,40.546623743537516
A454,36.2300784845962,36.2300784845962
A455,35.298124964366025,35.298124964366025
A456,34.29944659903422,34.29944659903422
A457,35.73849500188837,35.73849500188837
A458,36.91221876289747,36.91221876289747
A459,39.60639449634364,39.60639449634364
A460,40.0084789263476,40.0084789263476
A461,43.8078523098314,43.8078523098314
A462,42.08318090401438,42.08318090401438
A463,37.25267943383402,37.25267943383402
A464,41.57706045405327,41.57706045405327
A465,43.99220032005673,43.99220032005673
A466,40.271175237382884,40.271175237382884
A467,38.804871111756064,38.804871111756064
A468,42.944029084379125,42.944029084379125
A469,44.21930304742489,44.21930304742489
A470,40.56642292586321,40.56642292586321
A471,41.589729657693134,41.589729657693134
A472,35.350497450531016,35.350497450531016
A473,40.12103007152234,40.12103007152234
A474,44.06953225302034,44.06953225302034
A475,47.35911410700162,47.35911410700162
A476,46.76543576189578,46.76543576189578
A477,42.64467986748171,42.64467986748171
A478,41.016298723800034,41.016298723800034
A479,38.88231662337006,38.88231662337006
A480,35.90170391499545,35.90170391499545
A481,35.887015646330916,35.887015646330916
A482,36.90044116267446,36.90044116267446
A483,33.869715764972106,33.869715764972106
A484,33.493449180399445,33.493449180399445
A485,30.903180888057463,30.903180888057463
A486,27.375407394228855,27.375407394228855
A487,31.14517082952026,31.14517082952026
A488,28.111943529396896,28.111943529396896
A489,33.66256552908587,33.66256552908587
A490,36.233051182587424,36.233051182587424
A491,36.87582645853514,36.87582645853514
A492,41.96695864605869,41.96695864605869
A493,41.38094836999268,41.38094836999268
A494,36.96386090494336,36.96386090494336
A495,38.03110501944428,38.03110501944428
A496,38.74940164699321,38.74940164699321
A497,35.67426628537719,35.67426628537719
A498,32.26087108247389,32.26087108247389
A499,35.75399532919363,35.75399532919363
A500,34.509512978307875,34.509512978307875
A501,31.185787804703605,31.185787804703605
A502,31.921097192922424,31.921097192922424
A503,33.62760357206561,33.62760357206561
A504,30.196446165070483,30.196446165070483
A505,25.25965276879316,25.25965276879316
A506,29.27363868739245,29.27363868739245
A507,33.06771661303514,33.06771661303514
A508,34.83848392223749,34.83848392223749
A509,36.75295268410417,36.75295268410417
A510,37.49831742891939,37.49831742891939
A511,40.106341281647715,40.106341281647715
A512,38.23273508395653,38.23273508395653
A513,42.05275118229484,42.05275118229484
A514,37.99789502064555,37.99789502064555
A515,44.57665999152471,44.57665999152471
A516,46.033867326132835,46.033867326132835
A517,47.85178886938293,47.85178886938293
A518,50.55248854408653,50.55248854408653
A519,47.60963963316672,47.60963963316672
A520,53.89117768243704,53.89117768243704
A521,51.0097963434476,51.0097963434476
A522,51.40898903888308,51.40898903888308
A523,47.074672978152485,47.074672978152485
A524,45.47135089262249,45.47135089262249
A525,44.45412662509522,44.45412662509522
A526,39.778681539236565,39.778681539236565
A527,42.946624523936684,42.946624523936684
A528,36.9196454614613,36.9196454614613
A529,42.97860915618373,42.97860915618373
A530,41.88095055033971,41.88095055033971
A531,44.45304242681259,44.45304242681259
A532,42.22432905328396,42.22432905328396
A533,40.85062856309557,40.85062856309557
A534,39.09778369677749,39.09778369677749
A535,39.888312223005876,39.888312223005876
A536,38.47108754636396,38.47108754636396
A537,41.589727253253294,41.589727253253294
A538,43.312669405152114,43.312669405152114
A539,40.16612098522833,40.16612098522833
A540,43.76309890764135,43.76309890764135
A541,46.46504004087374,46.46504004087374
A542,46.978279332048764,46.978279332048764
A543,45.17678320774954,45.17678320774954
A544,48.75930834210018,48.75930834210018
A545,51.34847445640425,51.34847445640425
A546,51.33413302082738,51.33413302082738
A547,48.08423495284083,48.08423495284083
A548,53.30429718137179,53.30429718137179
A549,56.42312728837352,56.42312728837352
A550,52.88035332711006,52.88035332711006
A551,54.15082246836146,54.15082246836146
