,A22,A27,A113,A28,A31,A54,min dist
A1,22.54607764113306,17.6587063229445,15.634005916590922,18.38600146850859,13.614791588562788,15.890530135901697,13.614791588562788
A2,20.208208282774603,17.06527919490332,14.646859765833765,18.33063787760808,12.857670473301141,15.42679389892793,12.857670473301141
A3,16.54830776846986,13.741091404979446,11.575837032370488,15.007528010968363,9.051003480277753,12.124109905473475,9.051003480277753
A4,13.462263034126172,10.553018951939771,7.879315515956954,13.361285379782892,7.802524335111041,12.280715736470738,7.802524335111041
A5,10.011530402490921,6.583366464051657,6.057197619361613,7.816464737974579,3.8300528716977262,8.470868078302248,3.8300528716977262
A6,6.943667402749068,5.56588043349837,2.8912549178514158,9.495120904970088,5.94935038470588,11.522442362624341,2.8912549178514158
A7,3.8520007788161204,3.622996549818948,3.3819859550270164,7.452835836109635,6.880123981441032,12.515783555175442,3.3819859550270164
A8,4.799765306762404,6.934211851393062,2.795035956834903,10.74670302930159,10.184242190757248,15.804831761205179,2.795035956834903
A9,3.684643944806608,9.140474495342131,5.200788978606996,12.837065552531856,13.216253743024156,18.426094675758073,3.684643944806608
A10,6.701215859827229,12.33809170820188,7.864599481219625,15.826672707805642,16.834957380403434,22.092146251552837,6.701215859827229
A11,9.483196982030902,15.115371679188044,10.010607474074689,18.79263353018943,18.031249540727895,22.914554981495932,9.483196982030902
A12,7.311738028676903,12.655979179818527,8.134510679813507,15.868654479822794,14.590527063817811,19.028269968654534,7.311738028676903
A13,3.9142056665433405,10.013847612181843,7.085580710146487,13.082824083507353,13.102903533186833,17.620965722683874,3.9142056665433405
A14,4.283035138777174,9.189115844301888,7.414845244507805,10.548809695885124,10.748140025139234,13.927621081864627,4.283035138777174
A15,4.896300746481981,11.04398754979378,10.409475058810603,12.416751950490111,12.959553425947979,15.913157009217246,4.896300746481981
A16,6.850749302083677,13.231787520966318,13.541291629678462,13.73004970857717,15.260813772535197,17.42312377273375,6.850749302083677
A17,10.213823867680507,16.176357655541622,17.01318838430939,15.085749633346035,16.85221750987092,17.063927508050426,10.213823867680507
A18,9.770958908930076,13.154581293222524,15.94587175415631,11.415705365854535,12.973569477980991,13.03401246738701,9.770958908930076
A19,6.2213446295796855,10.987559556152586,12.989517773959124,10.309708579780517,13.133164241720271,14.154785021327594,6.2213446295796855
A20,2.9930203808193485,5.487454965646643,8.789587305442732,4.492579437249829,7.775393301949427,9.865024581824416,2.9930203808193485
A21,1.3352636443788917,10.134789045658524,11.418787764031697,10.459550324942272,14.164680229359222,16.382683205140726,1.3352636443788917
A22,0.0,4.72118724475105,6.585495121856822,6.824233070462937,9.546583367886127,14.035527670878643,0.0
A23,1.3342492270936488,7.050027021224811,9.884978806249409,5.738119901152293,11.896475696608638,14.718358604137897,1.3342492270936488
A24,3.623764065167598,3.1312020056202066,5.460901940156039,3.1665397518426954,7.791702830575613,12.668905951186158,3.1312020056202066
A25,6.955627433955905,3.38390839119501,9.27257919890685,3.40315574136712,7.006601030456921,12.140746476226246,3.38390839119501
A26,8.762601440211691,1.3352531595169495,6.969269832629527,3.410366109378874,5.116398244859367,13.14408475322645,1.3352531595169495
A27,4.72118724475105,0.0,2.6009648209847054,1.3380437212587644,2.7805655899474853,10.575571190247835,0.0
A28,6.824233070462937,1.3380437212587644,6.9156996753763105,0.0,3.6356091649130824,8.03682412399326,0.0
A29,10.242923508452067,3.238399913537549,8.51355736458033,1.336870225564172,3.449522865556917,10.20004200971741,1.336870225564172
A30,10.652584334329392,3.092399392057889,3.780543876216753,3.4344910831155167,1.332617724630736,10.521532302853991,1.332617724630736
A31,9.546583367886127,2.7805655899474853,6.251711045785785,3.6356091649130824,0.0,3.9306979024086806,0.0
A32,12.220746540207763,4.821334358867885,9.03514930701203,2.9588737722315903,1.3402078197055851,7.366344615886499,1.3402078197055851
A33,14.658923903206539,6.629426596622065,10.177768812465724,5.065415481478296,3.3899393799889697,9.747892182415644,3.3899393799889697
A34,14.246995121779188,7.013907969170968,7.46435335444404,7.108946335428339,3.4593999479678565,9.576677555394667,3.4593999479678565
A35,14.2717929497313,8.364809262619202,10.37288325394632,6.7498919250607265,2.6919511511169736,5.486456871242131,2.6919511511169736
A36,17.621120310581844,10.537772724821883,13.511189954996562,8.689826292855342,4.81116836121955,6.805275967953099,4.81116836121955
A37,20.98733889753534,14.031771270940816,17.092363236252616,11.846310564897408,8.365328684516825,7.7818581971146195,7.7818581971146195
A38,19.5371316216071,12.808653754395895,13.369836087252526,12.582725618879241,7.817937963427441,7.077023526879078,7.077023526879078
A39,19.52737171254749,15.147743396295041,16.280733460136247,14.150057561720377,8.866481038157133,8.22523160768133,8.22523160768133
A40,16.799535618581842,12.268315980606303,14.237978894492011,10.912582004273784,5.50563284282561,4.340621499278646,4.340621499278646
A41,15.656109638093366,14.56181475641,15.007901285656166,14.179249451222725,7.733440437476712,7.798715407039802,7.733440437476712
A42,14.949936922943856,14.378221204307575,16.011029760761797,12.256562772653677,6.897471638216427,4.441520685531026,4.441520685531026
A43,15.695332713899377,16.215839571234046,17.40457011821895,15.002782408606745,10.47988897841957,10.04253239974858,10.04253239974858
A44,16.740506264745996,18.016855163984637,20.449182159685506,15.880966154488208,13.185287330960975,11.680692916090209,11.680692916090209
A45,13.520223481880764,15.320491212751632,18.142567458879682,13.335031496025795,11.91481544128989,11.192646782597938,11.192646782597938
A46,11.441829748777073,11.762544452625885,14.063657347930516,10.43877339537553,7.09051140609759,7.3459829158527175,7.09051140609759
A47,14.592919447458073,15.105600352187265,17.781596047599326,12.722748170108533,9.908242124615244,5.190602469848756,5.190602469848756
A48,14.887110196408168,16.187884420145828,19.699083887328364,13.14685916863796,12.120292983257459,10.05121092207302,10.05121092207302
A49,10.283994068454144,12.087144162290778,15.694957502331759,9.719086994157426,10.606420838341274,8.805724331365365,8.805724331365365
A50,12.01890319455149,11.24576555864473,14.203783087614369,8.124137184956936,5.639677118417331,4.020688000827719,4.020688000827719
A51,14.644986753152082,15.250465074875585,18.941843970426955,11.419584361963443,10.935756855380426,7.452544867359069,7.452544867359069
A52,13.801864403043524,12.784399008166163,17.703773411338044,8.31765597990203,9.184573479481777,3.393720082741062,3.393720082741062
A53,18.380437562800296,15.176719342466605,19.13625010288066,12.252281950722486,9.171557828417155,1.330796378113496,1.330796378113496
A54,14.035527670878643,10.575571190247835,13.942775943118356,8.03682412399326,3.9306979024086806,0.0,0.0
A55,18.06752683684184,13.326472976748198,17.58470585480462,10.231485571509154,8.565261525487706,1.3476089937366842,1.3476089937366842
A56,21.336516936932327,15.093748706004085,18.583981166585378,12.48265112065542,9.664182790075941,3.6751073453710172,3.6751073453710172
A57,14.754902100657938,9.04872427472514,13.029617070351684,6.394558937096443,4.006479002815315,3.4401885122766163,3.4401885122766163
A58,21.024981284177162,17.000454199814783,19.172479703992387,14.786203975327812,9.985608744588383,5.362619602395829,5.362619602395829
A59,18.134212251983815,15.023500956834262,18.041910680412983,12.832500535749062,8.128147144337385,2.9417263638890683,2.9417263638890683
A60,19.31800955067576,18.247629681687425,19.46083808575571,16.7733422131667,10.652895615746923,8.261572247459922,8.261572247459922
A61,19.009055789281067,18.119436249508425,20.15445375097028,15.76590327256894,10.780493031397034,7.740871591752444,7.740871591752444
A62,20.01881879632262,20.368372026256786,20.960417863201105,19.081428693889773,13.577782256318592,12.158669746316823,12.158669746316823
A63,22.25040765918683,22.991721140445314,24.030913819495087,21.725914134967947,16.68805827530573,15.282926028742008,15.282926028742008
A64,24.15939165210912,25.658318436717554,26.622557296398107,24.456825652565787,19.884233075479678,18.564504679629888,18.564504679629888
A65,25.63775758524914,27.030065149755007,28.74648218478219,25.070007937772978,20.6845735271482,17.789040080903746,17.789040080903746
A66,26.470535808706252,27.257055637027268,29.60058137942564,24.783958642638186,20.96449679815855,16.995086378127063,16.995086378127063
A67,26.36798054459234,26.543159533107584,28.840166955133945,23.88990439495311,19.744585232412454,15.089580411661553,15.089580411661553
A68,24.130449912921225,24.545193521339367,27.481276262211697,21.36878566975672,18.588665067723397,13.482542564368192,13.482542564368192
A69,23.136431985074967,22.401221774715772,25.711541941314994,18.778580430905848,16.123739206524025,9.023585872589676,9.023585872589676
A70,27.47884009560811,25.353808885451514,28.46749818652844,22.632662658202634,18.570879381440182,11.230524386688272,11.230524386688272
A71,22.31359581062631,21.57670693131832,24.84986036178071,17.969483409380473,14.867410299039976,7.536236925681144,7.536236925681144
A72,21.903095557477716,19.645498950141224,22.589559203313375,17.019909429841277,12.71852110113436,6.098024434191781,6.098024434191781
A73,23.543410203281937,22.26725465790518,23.95125712775845,20.356095720938235,14.656248633262194,9.815436923540387,9.815436923540387
A74,22.032592244218563,22.353570654371975,24.818007998225802,19.747017876124993,15.973420078367688,11.575441719433433,11.575441719433433
A75,23.77970031350269,23.28972552435945,23.818168968247743,22.152412983690965,15.970223386039407,14.428559387548015,14.428559387548015
A76,25.915030040499666,26.450037618120696,26.573078274825445,25.32954571246788,19.496062730715654,17.94995518100254,17.94995518100254
A77,24.895520922447073,24.79504035084436,24.21935465696805,24.423071346577196,18.081308746880023,17.365340278842794,17.365340278842794
A78,22.836193312371478,23.383096309086184,21.631031667491033,23.931721730790702,17.58528728795751,17.384915127776726,17.384915127776726
A79,26.403038480447663,26.137789979261825,24.722844880798004,26.27199621269766,19.689460353194036,19.18391620603051,19.18391620603051
A80,26.64455805600836,25.553874422482398,25.333229403295586,24.667852784545317,18.245047711639454,16.936475459787967,16.936475459787967
A81,22.962631687156417,22.21338762998566,21.82016993517695,21.59154355297462,15.13574345712823,14.315088857565641,14.315088857565641
A82,24.428314227551603,22.97532541662903,21.463116595685722,22.936754652740216,16.50683164632147,15.96723802039664,15.96723802039664
A83,27.531465671118927,25.49953427025678,25.021946606928886,24.802155450686133,18.627008294409492,17.053329088480055,17.053329088480055
A84,26.5471802834124,23.460136764307236,24.64834657740758,22.00079503108922,16.4816555903829,13.311285174617813,13.311285174617813
A85,23.293820596887922,20.19804698479534,20.611658885203784,19.330402815254523,13.465222389548568,12.753979810239626,12.753979810239626
A86,28.07659040909348,24.15287428030047,24.48093666508698,22.99405623199178,17.729919035348132,15.439364268000157,15.439364268000157
A87,29.696702325342457,24.495905474180784,25.212136343435873,23.426475001587416,18.67177447378797,17.213919542045037,17.213919542045037
A88,25.544026875181604,20.630525368976915,21.25241583914638,19.739004888798217,14.892995467668685,13.98950835447765,13.98950835447765
A89,25.43272657423895,20.029133630788927,19.499908640811626,19.705337474907655,14.719384328157208,16.50317633063405,14.719384328157208
A90,19.724793205506614,14.551991375753357,13.292947491057053,14.937389798756675,10.081502070624198,12.86804184792698,10.081502070624198
A91,19.26725040061503,15.732684132086298,14.680871023205672,15.578090544094293,10.203346019811343,11.537635849687753,10.203346019811343
A92,15.613706190395666,10.757548837909127,10.415684086991119,11.197681099227644,6.437777722164691,8.255973110421326,6.437777722164691
A93,13.40268640982098,11.72702796960935,10.696553136408008,13.052478615190296,6.355716246026092,9.129342199742542,6.355716246026092
A94,10.610345941579851,10.264443141252233,11.311637989256905,9.875659674168608,3.7059286285626176,3.9226385252786167,3.7059286285626176
A95,11.748510969480346,12.006806236464385,12.067150865055098,12.510737388339667,6.958265157350645,9.271543830452401,6.958265157350645
A96,11.152336347151659,13.2455658995756,13.562146364053149,13.716105496823799,9.718808054488985,11.115113179810631,9.718808054488985
A97,11.25234922138484,14.346491173802743,13.595274951246848,15.408779932233442,12.018220292539159,14.405016695582132,11.25234922138484
A98,14.105701896750832,17.275269028295913,16.155620879433883,18.308759925237975,14.41736293501693,16.361814019233933,14.105701896750832
A99,15.428350948821457,16.65641576090126,15.382277367152108,17.076904403316195,11.421649180394223,12.460817509296891,11.421649180394223
A100,9.289883799057984,9.34699764630333,8.87598214283918,10.927103230042261,6.238505029251799,10.288196926575619,6.238505029251799
A101,15.690004652644307,17.74170177857806,15.167854693396821,19.584364631000927,14.488806645131268,17.320423638006087,14.488806645131268
A102,18.443236700752934,20.133011846219134,17.60646046200087,21.67897516027914,16.10611486361624,17.65239490834034,16.10611486361624
A103,18.53180317724101,18.188246781919364,15.858062019048859,19.783816037357404,13.263568486647927,14.647880529277947,13.263568486647927
A104,16.999695673746633,16.883916873758885,12.740418321232626,20.592021586041522,14.91309079299124,17.959731345429418,12.740418321232626
A105,20.705618706042088,20.833662688063278,17.18146003691188,23.77488643506,17.65591201269422,20.790192639800143,17.18146003691188
A106,22.407320165517337,20.692979026713385,17.475645309973533,22.912074196807236,16.858742450135477,19.62488399965717,16.858742450135477
A107,19.00748181637957,17.184282207878226,13.793243889672944,19.926159338919277,14.076389984651605,17.592719460049377,13.793243889672944
A108,21.15550396468966,17.784307408499217,14.215477832278449,20.456408800178,15.753933286643054,19.158872122335385,14.215477832278449
A109,17.185980420098236,14.004567861951328,10.644849552717972,16.66664624332082,11.878849481326045,16.051758595244323,10.644849552717972
A110,14.863752789924892,11.054588052026181,7.320101433723442,14.68550894589629,10.710186086151818,16.05687074121231,7.320101433723442
A111,10.888569327510385,7.158094439164659,4.100386079383258,10.888542234844847,7.3169350823961805,13.304502433386977,4.100386079383258
A112,9.920002066532044,6.274247763676535,1.3249584899158162,10.608587889064218,9.071796404241002,15.475453951338553,1.3249584899158162
A113,6.585495121856822,2.6009648209847054,0.0,6.9156996753763105,6.251711045785785,13.942775943118356,0.0
A114,8.124160018118795,6.724622963408432,1.330729123450749,10.922568470831392,11.002193099559742,18.089119685601066,1.330729123450749
A115,3.2896872191744913,5.075188272369804,3.6394887003533887,8.337180218755021,10.169007277015785,16.069221294138682,3.2896872191744913
A116,7.755747352770073,9.997963892713356,7.077327320394331,13.096331623779234,15.281399183320879,21.908080952014032,7.077327320394331
A117,4.933821034451898,10.975866890592288,8.82668828043678,13.649215655120992,16.184826381521674,21.313569245905295,4.933821034451898
A118,7.622320053631964,14.24982368311973,11.494074342895125,17.09572312012569,19.383748605468448,24.423003603160687,7.622320053631964
A119,4.156609555876039,12.225530417940975,10.542930048141267,14.546855399020092,16.722108150589147,20.73961414780902,4.156609555876039
A120,7.197294839035011,15.25687595807215,14.109461860751459,16.705940440454107,18.78967187047182,21.769421604626984,7.197294839035011
A121,8.0574108744683,15.741125404493797,14.065396226199958,17.37048142683443,18.482749281424557,21.4299534763844,8.0574108744683
A122,9.665852781829443,16.369075141864304,15.344291348902367,17.000406730428537,17.108202974012205,19.062993416564986,9.665852781829443
A123,7.547828429422598,13.622979042779152,11.500043739047255,15.643567815559212,14.022941310581029,16.56688884492197,7.547828429422598
A124,9.293311358175835,14.299355020419625,11.162070417265785,16.86337789412311,14.503681222365582,18.06947243280777,9.293311358175835
A125,9.120017872789505,11.671897617782639,8.366172721143164,14.777945391697726,10.495876142561897,15.062077711922749,8.366172721143164
A126,12.371180824804073,15.22291292755759,11.805203683122116,17.941740105129156,13.8548460114142,17.80167691539199,11.805203683122116
A127,14.9529752892192,18.23968283715482,13.757384271728403,21.731300973480625,18.13487220798647,22.392216929102844,13.757384271728403
A128,13.708601898078447,14.010377011344127,8.802389789142492,18.407660253274994,15.77280510879406,21.176071141739207,8.802389789142492
A129,19.378123154733018,20.351874238015526,15.369787278944365,24.56315486658829,20.774735834662255,25.447428907455468,15.369787278944365
A130,19.375335042264428,20.10059133458516,14.88669153976128,24.50094953262016,21.66723992574966,27.057152215264637,14.88669153976128
A131,22.667658811619695,22.317200003584677,17.083971142565183,26.660542305061988,23.59776792410672,28.8357291047062,17.083971142565183
A132,22.834283369530123,21.28935945490141,16.338190964730458,25.314281147210167,21.23392947619446,25.87930928367293,16.338190964730458
A133,19.093556871363702,16.97610158428607,12.512177987864463,20.718617931705772,15.956317024927777,20.24349772149072,12.512177987864463
A134,21.08548099996773,17.293549866930157,12.839662339796947,21.15041302197194,17.980431196164346,23.910919973936593,12.839662339796947
A135,18.886036879133748,15.054209809883746,10.703385866164034,18.99333780566228,16.684005034763086,24.103923871436372,10.703385866164034
A136,20.91988929225009,15.999179322702773,12.360762355130044,19.259392565706737,15.66865412216378,22.176530161411634,12.360762355130044
A137,16.505465458447393,10.57493399506588,8.873698383425031,13.167814587090753,10.668337452480587,19.6314111056745,8.873698383425031
A138,17.2456775454025,12.546450773027408,9.55626396663466,15.605040307541664,14.024491078110463,22.896106590422747,9.55626396663466
A139,13.93398596956377,9.38248229414796,7.323597271833015,11.56154807973396,10.569831077174316,20.21545450886524,7.323597271833015
A140,13.976575152733233,10.84453650461835,8.937015161674505,13.562465336361234,14.00042695777525,23.391391343825614,8.937015161674505
A141,12.001641429404563,7.970151692408369,7.635360698748946,10.656630518132832,10.883555393344585,20.383811248144937,7.635360698748946
A142,12.203649413187843,9.721020831167888,10.512145784757744,12.479672992510661,15.137775827379661,22.935022432951747,9.721020831167888
A143,10.460859859495299,10.733946571508541,11.18437257963092,13.237964005087791,16.48794377719672,23.485411578254276,10.460859859495299
A144,11.101684106476819,9.216300016818028,12.661786801237808,11.380251578941479,14.84125136233465,21.10624661089697,9.216300016818028
A145,11.529074594259507,11.798187318397686,15.453182487759598,13.109872844539721,17.530129121030456,22.06965006519134,11.529074594259507
A146,7.937541495954526,8.209440541230567,12.29810932623385,8.905164007473417,13.82427621975198,18.005961957085216,7.937541495954526
A147,7.780753819521603,4.668668975200533,8.812997390218607,6.726461774216813,10.597489749936067,16.735907564276282,4.668668975200533
A148,4.242019566197214,8.937955526852885,10.852137577454497,10.16063664343923,14.720212022929562,18.961998338782756,4.242019566197214
A149,4.006477130846998,8.231654086512625,8.182637105481337,10.606202006373442,13.857334014881793,20.394499993870898,4.006477130846998
A150,8.249183838416986,8.587005240478197,6.748248365316735,11.579511345475682,13.938240061069402,21.254426386049566,6.748248365316735
A151,7.93475097277791,4.968139490795322,3.888902801562413,7.758496632724668,9.326485136427335,18.020243894020968,3.888902801562413
A152,10.492741348189233,7.022682179908187,3.351120708061707,10.956549137388105,10.557406215543663,18.76257445021871,3.351120708061707
A153,9.504991425561624,3.8082306915416773,3.3701942080538925,6.283032627640892,6.03033846479615,15.240767894039983,3.3701942080538925
A154,13.242183241444744,8.361922566013154,4.927081387596516,12.225778543716553,10.163673450086835,17.336932658345308,4.927081387596516
A155,15.89197023656916,10.70463964830204,7.251667808166615,13.691808828639116,10.177935399677088,17.481684272403506,7.251667808166615
A156,15.363697146194987,12.450670905617898,7.508596007243965,16.63859495269958,13.723616651597347,19.593387583570127,7.508596007243965
A157,20.436389651795153,16.540211727786318,12.345564628642952,19.967168301990142,16.003221238238257,21.44957906346882,12.345564628642952
A158,21.372399982220063,19.06088764984464,14.825132781867419,22.58237677924979,18.3741855057578,22.27334227277083,14.825132781867419
A159,24.9283662521233,22.097595027513744,17.55279789663175,25.908024201007688,21.746018877026664,26.20468456211599,17.55279789663175
