,A205,A169,min dist
A1,54.68063007135159,50.17207715452889,50.17207715452889
A2,53.173862225721386,49.30209740974516,49.30209740974516
A3,52.76276528954865,48.85353978986579,48.85353978986579
A4,51.17529026786267,46.681054925954705,46.681054925954705
A5,47.70880008971091,43.27447687725411,43.27447687725411
A6,47.91941337287008,44.34729472019686,44.34729472019686
A7,47.60502834785418,43.611127307144905,43.611127307144905
A8,45.18983016122101,40.760009384199115,40.760009384199115
A9,43.09305020534054,39.37555918333098,39.37555918333098
A10,43.104968866709555,39.688783982379704,39.688783982379704
A11,42.25620495264571,38.14958974877712,38.14958974877712
A12,39.462586154483084,34.80644200431868,34.80644200431868
A13,38.22342911095236,34.94292514944907,34.94292514944907
A14,38.51964516970529,34.9880159340309,34.9880159340309
A15,36.66465134158513,32.42149467560063,32.42149467560063
A16,33.98499354126759,30.294781481304664,30.294781481304664
A17,33.94130087371431,31.04647862479737,31.04647862479737
A18,34.03284996881689,30.302529498376863,30.302529498376863
A19,30.93533730218567,26.97571198318962,26.97571198318962
A20,29.336578583740813,25.97023800430023,25.97023800430023
A21,30.389070864374908,27.701389531935035,27.701389531935035
A22,27.742129352304595,24.62576829258328,24.62576829258328
A23,24.220932455213198,20.36092694353575,20.36092694353575
A24,27.63362231051152,25.3189989928512,25.3189989928512
A25,22.970439982725626,21.088240751660628,21.088240751660628
A26,27.129558068645345,26.196985666293745,26.196985666293745
A27,26.999008666986274,26.742960643877858,26.742960643877858
A28,27.765396827706244,27.127937149735512,27.127937149735512
A29,24.80234138140994,23.866907696641388,23.866907696641388
A30,22.679497106417504,21.767416429149325,21.767416429149325
A31,24.835516725045203,24.84684036250887,24.835516725045203
A32,23.80640126100541,23.35953967868374,23.35953967868374
A33,19.750465437553615,18.85972232033123,18.85972232033123
A34,20.72583192540169,21.321213520810673,20.72583192540169
A35,22.74184847368393,23.12175877825906,22.74184847368393
A36,20.704080636434934,20.69674732898868,20.69674732898868
A37,15.031096500255728,14.88000729166488,14.88000729166488
A38,19.652825700137882,20.476841211475957,19.652825700137882
A39,21.33279020662792,21.925883380151415,21.33279020662792
A40,18.406241767400534,18.759376881975584,18.406241767400534
A41,15.534725906819212,17.42408186964237,15.534725906819212
A42,19.8595025617461,21.13267777637278,19.8595025617461
A43,20.372975973087485,21.180425727543813,20.372975973087485
A44,17.922348562618684,18.935519137324963,17.922348562618684
A45,17.100763871827482,19.520096234393925,17.100763871827482
A46,21.217222744742063,22.67656678159196,21.217222744742063
A47,23.3114724116689,24.75042803670272,23.3114724116689
A48,25.25361348401452,25.887975123597442,25.25361348401452
A49,21.932437347454112,22.073954788392584,21.932437347454112
A50,16.653777379321486,17.493701066383867,16.653777379321486
A51,20.62291313078732,18.90838980452857,18.90838980452857
A52,21.232559360566967,19.610610342363138,19.610610342363138
A53,17.86714115352537,16.969102922665062,16.969102922665062
A54,14.988971612488962,13.975068121479765,13.975068121479765
A55,13.857961646649192,14.495387162818384,13.857961646649192
A56,13.554584648745235,13.803461051489949,13.554584648745235
A57,13.244499877307563,14.426165568161208,13.244499877307563
A58,10.724611787845749,11.533229122843265,10.724611787845749
A59,11.56731559178706,15.47170022977436,11.56731559178706
A60,8.449229254790048,13.28988777228762,8.449229254790048
A61,12.297839078472283,17.53863067630994,12.297839078472283
A62,9.946712924378586,16.353462202237175,9.946712924378586
A63,14.450057889157401,20.623932723901135,14.450057889157401
A64,13.369519288291558,20.93083185160112,13.369519288291558
A65,12.811244279928472,20.827255364065618,12.811244279928472
A66,12.766254423283284,21.20232586298022,12.766254423283284
A67,17.450414808823314,25.89662427807918,17.450414808823314
A68,18.647717340200114,27.203870717234338,18.647717340200114
A69,20.45127991104713,28.870136715990796,20.45127991104713
A70,17.553811124653247,25.56824239168582,17.553811124653247
A71,20.879945521959584,28.392322131167784,20.879945521959584
A72,19.376198801622575,26.22382104118315,19.376198801622575
A73,19.151108505775845,25.108414744861932,19.151108505775845
A74,15.790869703724367,21.792421870916506,15.790869703724367
A75,13.6917581413053,18.855414235704288,13.6917581413053
A76,10.859163227431479,15.861461345033755,10.859163227431479
A77,8.281646937656785,12.230699775564766,8.281646937656785
A78,5.092493102597195,8.396383685849523,5.092493102597195
A79,6.060120955888587,6.42664562583001,6.060120955888587
A80,5.691334114247731,5.259351576002501,5.259351576002501
A81,6.305115700762358,4.091025421578311,4.091025421578311
A82,8.965623123910575,6.308033687291152,6.308033687291152
A83,9.101497184529586,9.083084112789004,9.083084112789004
A84,11.294170576009554,11.246152942228735,11.246152942228735
A85,8.03872135354871,12.14092879478337,8.03872135354871
A86,13.050172910731874,15.889063660266453,13.050172910731874
A87,11.21607052402935,15.674530774476153,11.21607052402935
A88,16.200359193548767,20.676099317811374,16.200359193548767
A89,13.238427890047971,19.267689249103015,13.238427890047971
A90,17.571741120332952,24.028130056248653,17.571741120332952
A91,15.927593509378623,23.40589175827317,15.927593509378623
A92,20.234552428951822,27.949694488491286,20.234552428951822
A93,23.515590147814706,31.42223636216875,23.515590147814706
A94,24.464949090484534,32.299830928350076,24.464949090484534
A95,27.022054289043236,34.58874499024213,27.022054289043236
A96,28.44476960708242,36.215708691119104,28.44476960708242
A97,26.180764045382634,34.51198478789651,26.180764045382634
A98,23.53369373897774,31.676716464936828,23.53369373897774
A99,18.72402814567421,26.95610457762768,18.72402814567421
A100,18.860090058109478,26.563383462955166,18.860090058109478
A101,14.596198991518307,21.979183720056575,14.596198991518307
A102,17.541644677737604,23.79819186408917,17.541644677737604
A103,14.228597752413974,20.33763663752502,14.228597752413974
A104,16.62851647020864,20.8099473569733,16.62851647020864
A105,14.647151429544246,18.26878791819534,14.647151429544246
A106,14.651662738406179,17.05300172990081,14.651662738406179
A107,13.461408135852654,15.069893728888735,13.461408135852654
A108,13.931210320715138,13.089696482348243,13.089696482348243
A109,15.681163285930033,12.465312230345457,12.465312230345457
A110,11.4730920418168,9.19411735839825,9.19411735839825
A111,17.305416984285586,10.517321379514843,10.517321379514843
A112,18.46649988492676,9.810597025665666,9.810597025665666
A113,20.008802337971154,11.964682737122619,11.964682737122619
A114,16.992418691875507,10.912897965251943,10.912897965251943
A115,13.027040569523072,4.703403980097818,4.703403980097818
A116,17.593455061471015,8.553098502881864,8.553098502881864
A117,19.835605687752516,12.164087881958102,12.164087881958102
A118,19.43660525914955,14.445205882921847,14.445205882921847
A119,18.76599344559195,15.00085810878831,15.00085810878831
A120,20.804851116987113,17.146404316940618,17.146404316940618
A121,19.698187581602525,15.693993914870743,15.693993914870743
A122,13.966084991865115,10.840850197286189,10.840850197286189
A123,13.854282370444166,13.673128610526561,13.673128610526561
A124,19.799424991650643,18.0745362596112,18.0745362596112
A125,16.626339194182226,14.249820560273733,14.249820560273733
A126,13.687404136650603,13.109289301865301,13.109289301865301
A127,18.274031574887903,18.574940026821082,18.274031574887903
A128,20.400730991805172,20.484513247817237,20.400730991805172
A129,17.221934211928694,17.082749251803705,17.082749251803705
A130,16.352623703858658,18.575170739457555,16.352623703858658
A131,20.855493113326283,22.651508956358736,20.855493113326283
A132,21.577577204125586,22.799737651999422,21.577577204125586
A133,18.195664648481518,21.53280441558879,18.195664648481518
A134,21.107325197665386,24.492185651754316,21.107325197665386
A135,24.486988973738686,27.216266128916363,24.486988973738686
A136,23.14339962062618,24.350300696295314,23.14339962062618
A137,21.34145210617122,24.736123604962845,21.34145210617122
A138,26.529212464752888,29.941002471527234,26.529212464752888
A139,21.31870901344638,25.415856881089017,21.31870901344638
A140,25.828609215364267,28.096353838176228,25.828609215364267
A141,27.4994063935933,31.09823449972683,27.4994063935933
A142,23.743648266431173,27.941119573130926,23.743648266431173
A143,22.734703758791316,27.585647445728004,22.734703758791316
A144,19.16768658445771,24.07551525928365,19.16768658445771
A145,16.548294987701905,21.88576315781563,16.548294987701905
A146,13.459547020609573,18.56579807064593,13.459547020609573
A147,10.298696713662364,15.381017033993558,10.298696713662364
A148,6.989780254056633,11.690214369291951,6.989780254056633
A149,3.458687178684999,8.488834195577152,3.458687178684999
A150,4.380900478212213,6.673712909617854,4.380900478212213
A151,2.7658383900727097,2.7549611612507356,2.7549611612507356
A152,5.63837786956497,4.2352352945261496,4.2352352945261496
A153,7.892787150303751,6.697077571597928,6.697077571597928
A154,8.95757048534925,9.864715201160143,8.95757048534925
A155,11.875740524278896,13.344654397922788,11.875740524278896
A156,8.313235952383403,12.583387381782378,8.313235952383403
A157,14.827719615638813,18.387949885726794,14.827719615638813
A158,13.178221010439914,17.956715763190104,13.178221010439914
A159,11.593196194320184,17.074849867568382,11.593196194320184
A160,13.705813511061647,18.585133467371172,13.705813511061647
A161,13.691560356657675,17.3572526339856,13.691560356657675
A162,12.58956532212292,15.270944633518909,12.58956532212292
A163,12.931182660530318,13.716135352204716,12.931182660530318
A164,11.502966356553426,9.467436717507015,9.467436717507015
A165,13.362749567360755,11.255355791799742,11.255355791799742
A166,11.599874956222589,7.2707211471765305,7.2707211471765305
A167,11.282733401086814,4.792315828490439,4.792315828490439
A168,8.378802062347578,1.3399884327858946,1.3399884327858946
A169,3.607477512057421,0.0,0.0
A170,11.9783615741052,1.3392822704717622,1.3392822704717622
A171,10.181113789757976,3.5368921385872074,3.5368921385872074
A172,15.400463434585339,7.112664831130454,7.112664831130454
A173,16.546454423833524,9.635671123486935,9.635671123486935
A174,19.417396607166474,12.921419813627296,12.921419813627296
A175,19.647249222219376,15.34682898842624,15.34682898842624
A176,16.21887708813406,12.763551582533758,12.763551582533758
A177,16.06922390783077,9.39098983068345,9.39098983068345
A178,17.554157171450868,14.862393111474343,14.862393111474343
A179,15.506277599733599,16.12322170039226,15.506277599733599
A180,15.23042816207082,17.044684948687085,15.23042816207082
A181,11.269620978542267,12.836226898898289,11.269620978542267
A182,12.799219663713878,16.360786533660296,12.799219663713878
A183,16.60262322646635,19.055243792720155,16.60262322646635
A184,16.707559396871822,16.203737408388225,16.203737408388225
A185,13.962462891624813,16.74629917325019,13.962462891624813
A186,17.77295301856166,20.402649950435357,17.77295301856166
A187,20.67083428408249,22.49014802085571,20.67083428408249
A188,19.989867083099877,20.350764629369582,19.989867083099877
A189,18.41679225598204,21.15461488659153,18.41679225598204
A190,23.35198263531386,25.237461223348124,23.35198263531386
A191,22.081341444758287,21.269116883406323,21.269116883406323
A192,23.395984313552617,22.36472780965599,22.36472780965599
A193,26.622955020057404,28.053091808212514,26.622955020057404
A194,25.594460045095698,27.127880916134973,25.594460045095698
A195,20.750664784531605,23.214035646565204,20.750664784531605
A196,22.265034134265324,26.086805956268392,22.265034134265324
A197,17.816558309617488,21.205596053872195,17.816558309617488
A198,17.10225935366436,22.161879545742504,17.10225935366436
A199,13.460102265584759,18.029778395754064,13.460102265584759
A200,14.240452134676062,20.03235175909209,14.240452134676062
A201,10.617683881148468,16.107475810939466,10.617683881148468
A202,7.806040545628751,12.77989749567656,7.806040545628751
A203,4.045865296818469,9.579041079356534,4.045865296818469
A204,1.3346793622439812,5.773316291352831,1.3346793622439812
A205,0.0,3.607477512057421,0.0
A206,1.3322766229278364,7.275397033839459,1.3322766229278364
A207,3.3309438602294104,10.094237811741905,3.3309438602294104
A208,3.3436662512876496,11.301221349924973,3.3436662512876496
A209,2.8648331539550433,10.170523388695392,2.8648331539550433
A210,4.951879441181903,13.181776587395191,4.951879441181903
A211,6.897575951013516,15.428389028022336,6.897575951013516
A212,7.58915153360374,15.82576491042376,7.58915153360374
A213,8.864227151872859,16.3639149655576,8.864227151872859
A214,10.657587391150026,19.059738114675135,10.657587391150026
A215,12.46730776872056,21.058458751770036,12.46730776872056
A216,13.289967080470891,20.898030553140647,13.289967080470891
A217,14.288785182792832,22.363342192078537,14.288785182792832
A218,16.319675885261937,24.326358913737995,16.319675885261937
A219,15.01323905757848,22.087163262854737,15.01323905757848
A220,10.237429413676072,17.76529951900615,10.237429413676072
A221,11.394401212876435,17.63001908677356,11.394401212876435
A222,8.674314324486978,14.832118493323872,8.674314324486978
A223,6.338224120366839,11.077124310939189,6.338224120366839
A224,6.192403975840078,9.447669818531976,6.192403975840078
A225,3.616874341195724,5.538617607309607,3.616874341195724
A226,7.591672542990773,8.541834346321638,7.591672542990773
A227,7.9648498416479905,7.41387172805141,7.41387172805141
A228,7.956069192760958,4.913059128486039,4.913059128486039
A229,7.280231521043819,4.4232933432002906,4.4232933432002906
A230,7.47917201299716,5.541546715493789,5.541546715493789
A231,4.881917143909757,5.833568633349573,4.881917143909757
A232,7.033977679805361,8.844310600606471,7.033977679805361
A233,6.23358043182247,11.029015323228089,6.23358043182247
A234,9.773533700765554,14.425129080878271,9.773533700765554
A235,12.267819284616152,17.88227972043833,12.267819284616152
A236,14.939781290233135,19.87667726256076,14.939781290233135
A237,18.5210136601645,23.155960031922664,18.5210136601645
A238,18.6378945431076,23.37721114675572,18.6378945431076
A239,22.691784196047696,26.83069175403422,22.691784196047696
A240,20.82359061257208,23.499077726583224,20.82359061257208
A241,17.509724298229255,20.9842073236041,17.509724298229255
A242,21.22116540155135,24.054039764663234,21.22116540155135
A243,17.133460537789787,19.110995421484457,17.133460537789787
A244,17.46893966444443,21.381127683076024,17.46893966444443
A245,22.049593579020907,25.997594984921204,22.049593579020907
A246,22.877055623484416,27.236900521167968,22.877055623484416
A247,24.187240975357238,28.905891337234355,24.187240975357238
A248,22.15176771727259,27.45275711108085,22.15176771727259
A249,20.45056082360579,26.080148274118383,20.45056082360579
A250,16.950887941343957,22.621257856273157,16.950887941343957
A251,13.80321839282419,19.0311296827067,13.80321839282419
A252,8.774062229093204,14.592401378799858,8.774062229093204
A253,9.869872136963073,13.596451963655813,9.869872136963073
A254,6.243212634533602,8.500985237018119,6.243212634533602
A255,9.317526066504993,11.057536977102993,9.317526066504993
A256,6.335467464994197,6.7949986019130275,6.335467464994197
A257,9.492681654832843,9.698400125793945,9.492681654832843
A258,10.470386716831428,8.699627693183198,8.699627693183198
A259,12.462928909369577,10.246390096028941,10.246390096028941
A260,14.675306265969374,12.841970059145908,12.841970059145908
A261,18.118396838572664,15.621212276900918,15.621212276900918
A262,16.24732716479852,11.334139623279748,11.334139623279748
A263,20.980904270312084,17.034732783345913,17.034732783345913
A264,23.072029906360644,19.041478435247615,19.041478435247615
A265,20.63898519792095,18.054590579683605,18.054590579683605
A266,18.59567874534296,16.143716951185684,16.143716951185684
A267,24.42815402358516,20.204263733182657,20.204263733182657
A268,26.663026347359743,22.94867741287066,22.94867741287066
A269,23.884962131014568,20.444413686873,20.444413686873
A270,21.507898409654068,16.591188836246786,16.591188836246786
A271,25.27291382092694,19.467691516972423,19.467691516972423
A272,26.307742605552455,19.414430354764466,19.414430354764466
A273,23.20231714721614,16.546949990859343,16.546949990859343
A274,21.431768242494595,14.555267774932895,14.555267774932895
A275,23.62296215549608,15.760425311519992,15.760425311519992
A276,23.39575495682924,14.918508403992673,14.918508403992673
A277,18.694374501437593,11.53477615734263,11.53477615734263
A278,19.440175050652194,11.334498974370238,11.334498974370238
A279,22.51402558406648,13.835477331845114,13.835477331845114
A280,21.304681199210656,11.191511962197064,11.191511962197064
A281,18.068072974171873,8.926112031562228,8.926112031562228
A282,16.748636481815467,6.286327147070855,6.286327147070855
A283,14.455742768879086,5.7368121809939,5.7368121809939
A284,19.757147516784908,10.440368623760369,10.440368623760369
A285,19.53361843079771,12.172339380743539,12.172339380743539
A286,16.050240527792724,8.736188814351484,8.736188814351484
A287,10.798234670537585,6.295019856998071,6.295019856998071
A288,15.748271047959518,10.433450148440832,10.433450148440832
A289,13.38544683602307,10.88646563398792,10.88646563398792
A290,7.906682300434235,3.9940225337371347,3.9940225337371347
A291,13.874159073615957,8.129202297888767,8.129202297888767
A292,15.835229268943348,11.963382381249879,11.963382381249879
A293,12.855154841541195,10.750801644528654,10.750801644528654
A294,11.387948630021125,8.627904148748987,8.627904148748987
A295,11.71921516143466,9.135982815220267,9.135982815220267
A296,12.000004249999249,2.7749127914224627,2.7749127914224627
A297,12.726214441066126,5.054613041569057,5.054613041569057
A298,15.936727142045195,11.939937939537208,11.939937939537208
A299,18.306311179481245,13.56151754045247,13.56151754045247
A300,19.9084660383466,12.791740968296693,12.791740968296693
A301,19.014403908616224,14.490747220209178,14.490747220209178
A302,22.50431962979552,17.40289185738968,17.40289185738968
A303,24.26703723160287,16.888839895031275,16.888839895031275
A304,24.200318241709137,16.964669934897053,16.964669934897053
A305,26.351576764967977,21.002603195794563,21.002603195794563
A306,28.07767997894413,22.44889467212139,22.44889467212139
A307,29.628284071137163,21.49999334883618,21.49999334883618
A308,31.543242968978316,24.8087871932507,24.8087871932507
A309,31.75663779432577,26.89681224606366,26.89681224606366
A310,34.41807857797992,27.566344516457022,27.566344516457022
A311,34.61490365435097,26.872142564373238,26.872142564373238
A312,37.11861264918181,30.902543924408555,30.902543924408555
A313,39.39935536274673,32.88940306542519,32.88940306542519
A314,37.46762032742405,32.10273404244567,32.10273404244567
A315,32.68682746918091,27.054608683180025,27.054608683180025
A316,32.95947144600471,26.80476265517007,26.80476265517007
A317,39.96316824277074,33.568116613834626,33.568116613834626
A318,39.42196926841682,31.8129415961492,31.8129415961492
A319,37.20866486451778,29.81081917693642,29.81081917693642
A320,34.269717798663,26.339978682603373,26.339978682603373
A321,32.98658977524048,24.76513523080381,24.76513523080381
A322,31.539271662484534,22.502240021828936,22.502240021828936
A323,28.73152152253688,20.297246956176103,20.297246956176103
A324,28.586842025659287,20.397573238010448,20.397573238010448
A325,29.073493322956566,19.87581210919443,19.87581210919443
A326,26.100114827333616,17.268241688139533,17.268241688139533
A327,20.474479456142472,10.834374647389668,10.834374647389668
A328,21.54399825937609,13.059356492568844,13.059356492568844
A329,23.567970319906635,15.268256154518761,15.268256154518761
A330,21.02759655785701,14.746251794947758,14.746251794947758
A331,19.47065448309327,14.079631955417018,14.079631955417018
A332,15.717468180339988,12.159760112765383,12.159760112765383
A333,18.231488282638914,15.07824041458419,15.07824041458419
A334,21.033576633563776,17.599007102674857,17.599007102674857
A335,20.423063849481547,17.164696123147653,17.164696123147653
A336,18.208585365151244,17.52065869195562,17.52065869195562
A337,22.420349105221355,21.05424349151496,21.05424349151496
A338,24.916809125568225,22.966309411831933,22.966309411831933
A339,22.746223730544813,21.462372608824026,21.462372608824026
A340,23.576598779298084,23.530567757706145,23.530567757706145
A341,27.880500174853392,27.31883712752064,27.31883712752064
A342,31.091516141867384,30.775472474033606,30.775472474033606
A343,33.19719567975584,32.64206459463004,32.64206459463004
A344,34.633892951847045,33.15991643535912,33.15991643535912
A345,33.90844383040897,30.941886787977232,30.941886787977232
A346,32.95753548128258,29.85023328217051,29.85023328217051
A347,26.212064569583223,24.83230226942319,24.83230226942319
A348,30.134039457065825,26.88260898796841,26.88260898796841
A349,32.63223628561181,28.701007822026043,28.701007822026043
A350,31.118533786153872,26.389001553677623,26.389001553677623
A351,26.397757328985353,22.347218596505474,22.347218596505474
A352,30.447570642006895,25.09873803600492,25.09873803600492
A353,32.84449935681773,27.01687276499632,27.01687276499632
A354,28.835639840308726,23.123127945846772,23.123127945846772
A355,27.72542656119108,20.732328643931922,20.732328643931922
A356,33.19691234136091,26.12715782476158,26.12715782476158
A357,32.473531452553786,25.898057185819944,25.898057185819944
A358,37.39967128197787,31.088897712849196,31.088897712849196
A359,35.498332298855956,30.502438672997936,30.502438672997936
A360,37.540451062820225,33.250030300738075,33.250030300738075
A361,37.18789600125288,33.79778977980661,33.79778977980661
A362,36.4075733604974,32.570267223343436,32.570267223343436
A363,33.65776090294778,29.42794579986853,29.42794579986853
A364,32.151800229536136,28.958487546831584,28.958487546831584
A365,32.47473587267493,29.738414096921844,29.738414096921844
A366,30.86971203299441,27.354604877424205,27.354604877424205
A367,27.995558451297235,24.655088440319982,24.655088440319982
A368,27.580252446270322,25.47600363086801,25.47600363086801
A369,27.958798793939625,25.510127479101314,25.510127479101314
A370,25.325451348396538,22.40422783762029,22.40422783762029
A371,23.09091953560966,20.92937483538388,20.92937483538388
A372,24.191983155582758,22.602453539383728,22.602453539383728
A373,23.66090666056565,21.485303581750948,21.485303581750948
A374,20.351103581869953,17.438303071113314,17.438303071113314
A375,19.4126909262987,18.124893765205908,18.124893765205908
A376,21.21937817185037,19.946121252012883,19.946121252012883
A377,19.785539820788312,17.328284450573864,17.328284450573864
A378,16.634661282995815,15.22538203133176,15.22538203133176
A379,17.909296859452635,16.81674127172087,16.81674127172087
A380,19.38880347004425,18.620149542901096,18.620149542901096
A381,16.984575149234672,16.114410228115702,16.114410228115702
A382,13.039406428208302,13.131814078793532,13.039406428208302
A383,16.766263924917798,16.874470450950454,16.766263924917798
A384,17.83835592200133,18.291361485684984,17.83835592200133
A385,15.256067710914238,16.140373353798232,15.256067710914238
A386,13.370193267114727,16.133774852773918,13.370193267114727
A387,17.425518787112193,18.85311510069357,17.425518787112193
A388,17.92494733604537,19.604688954431285,17.92494733604537
A389,13.71018894836975,15.737869805027616,13.71018894836975
A390,16.184926104248976,19.739205531125105,16.184926104248976
A391,19.74301522057864,22.5060363902665,19.74301522057864
A392,18.320259414102193,20.70213759494415,18.320259414102193
A393,15.059534156141751,19.66442419701121,15.059534156141751
A394,20.800164758962847,24.83839008470557,20.800164758962847
A395,23.330777162366452,26.432309187810286,23.330777162366452
A396,20.91658664792131,24.92609293491461,20.91658664792131
A397,17.099810788426872,22.935449178073664,17.099810788426872
A398,25.78990727009308,30.234805291253323,25.78990727009308
A399,22.842835922888383,28.428905096749684,22.842835922888383
A400,27.746347255089272,32.080414055931385,27.746347255089272
A401,25.201884453349912,30.39542653097666,25.201884453349912
A402,19.04389001753581,23.723964192352003,19.04389001753581
A403,19.419940937088352,25.70812319092936,19.419940937088352
A404,15.512946496394552,21.05162005642321,15.512946496394552
A405,12.749996823529015,19.184975397430144,12.749996823529015
A406,10.930858063299514,15.821841959771943,10.930858063299514
A407,7.609823519635656,13.327310081182924,7.609823519635656
A408,8.228372560840935,12.759909599993254,8.228372560840935
A409,6.38171928245046,9.864599839831314,6.38171928245046
A410,8.030714725352905,9.59852514712547,8.030714725352905
A411,9.638963844729371,10.411157620553057,9.638963844729371
A412,11.598109070016543,11.310330278113014,11.310330278113014
A413,12.188618338433606,13.204655315455984,12.188618338433606
A414,10.288331934769602,13.87656585758883,10.288331934769602
A415,14.698245881737044,15.538544494256852,14.698245881737044
A416,16.74007479075288,16.998118278209503,16.74007479075288
A417,20.085702651388623,20.30783961922095,20.085702651388623
A418,20.693389669167303,20.87632498788999,20.693389669167303
A419,14.67383712598719,14.310845886948822,14.310845886948822
A420,16.32590582479269,18.751397201275427,16.32590582479269
A421,20.228678800158946,21.352791105614273,20.228678800158946
A422,21.099256242815763,21.352775018718294,21.099256242815763
A423,14.361201238058047,15.93003141867586,14.361201238058047
A424,16.29129967191077,19.36254593280543,16.29129967191077
A425,21.810954151526705,23.44873568020246,21.810954151526705
A426,22.03065956797481,22.34366518725162,22.03065956797481
A427,17.791047776901728,19.461550529184464,17.791047776901728
A428,21.279755825666797,24.025005993755755,21.279755825666797
A429,24.468070684056805,25.589301748973146,24.468070684056805
A430,21.929075425106276,22.47910830082012,21.929075425106276
A431,20.660426423479258,23.192831608063727,20.660426423479258
A432,25.404898779566118,28.15684644984235,25.404898779566118
A433,24.821588869369343,28.999197971668114,24.821588869369343
A434,21.576915581240986,25.74784041429494,21.576915581240986
A435,20.272279521553564,25.74283595488267,20.272279521553564
A436,16.940522305997533,21.4913957201481,16.940522305997533
A437,15.168556786985372,20.827922820098983,15.168556786985372
A438,14.244471980385935,18.259566205142992,14.244471980385935
A439,10.955292830408505,16.728677562796168,10.955292830408505
A440,11.130498326669834,16.807302966270345,11.130498326669834
A441,7.32250756230405,14.171954769896777,7.32250756230405
A442,10.354693380298617,16.353753514101896,10.354693380298617
A443,8.24626806500977,14.207912337848937,8.24626806500977
A444,5.51509981777302,12.584392317470082,5.51509981777302
A445,4.396450045206928,9.548644720587316,4.396450045206928
A446,7.077948360930589,12.666950895933876,7.077948360930589
A447,8.749751196462674,15.35486431069972,8.749751196462674
A448,7.124784207258491,15.120832186093462,7.124784207258491
A449,7.387496598983989,13.972662273167558,7.387496598983989
A450,10.22416793680542,16.890599160479773,10.22416793680542
A451,11.16893951993653,18.863574051594785,11.16893951993653
A452,9.043600499800952,16.44678923072829,9.043600499800952
A453,12.559702942347004,18.836056115864594,12.559702942347004
A454,14.897205946082643,21.87962022065283,14.897205946082643
A455,14.832518262250684,22.63486735105819,14.832518262250684
A456,15.569509594075207,22.063029053146803,15.569509594075207
A457,18.14979831843869,24.680517843027523,18.14979831843869
A458,20.132056949055155,27.009200228810922,20.132056949055155
A459,18.04773661709412,24.796701131400525,18.04773661709412
A460,21.769816122328642,28.131104848547984,21.769816122328642
A461,24.009283058850386,30.509242288198507,24.009283058850386
A462,23.997392483351184,31.54999645007904,23.997392483351184
A463,23.73794451927125,30.01286184288329,23.73794451927125
A464,27.69486966930879,34.05581345379963,27.69486966930879
A465,29.953441154565198,36.51282829362853,29.953441154565198
