,A149,A261,A150,A98,A99,A167,A173,min dist
A1,88.76443798053363,86.25441748687426,86.86980758583503,80.00502572963777,79.31976362798872,87.09120315508335,85.30664999283469,79.31976362798872
A2,86.06889902862706,83.63647887136331,84.10008638521128,77.410382843647,76.60696588431107,84.28003332343907,82.32960904194798,76.60696588431107
A3,83.08152211532959,80.45539699112794,81.14613995132486,74.33715585761941,73.50799940822768,81.07488041927661,79.40566358894056,73.50799940822768
A4,79.54134424310416,77.00131337840934,77.66685518288996,70.76294383361957,70.0707434383281,77.91941186251344,76.25324248187745,70.0707434383281
A5,76.74097214005046,73.97284238827112,74.86250606278152,67.87616324601738,67.13225458004521,74.85622443725036,73.2917336471174,67.13225458004521
A6,73.29231798763088,70.81158417942646,71.28225592670312,64.68481871351268,63.72654151921317,71.33666138108791,69.46249691020328,63.72654151921317
A7,70.51606595663148,67.67085108080141,68.6076569924961,61.71025326475334,60.780164609846196,68.33357163942186,66.97239485788155,60.780164609846196
A8,67.7484663368847,65.0407041859173,65.67847051355565,59.17258327130902,57.962733933105675,65.24471324176389,63.5422312324646,57.962733933105675
A9,64.95274185898545,62.11459832438748,63.05501186265846,56.15040910803767,55.20823834356607,62.84507393583048,61.53060335312827,55.20823834356607
A10,62.10518089499458,59.042491156793176,60.153941018024746,53.33256260484771,52.157849840651984,59.459599132520225,58.322503032705995,52.157849840651984
A11,58.9288837413369,56.21967389624383,57.00506802907966,50.20412344618717,49.21889605629123,56.976254229283974,55.537831655548096,49.21889605629123
A12,56.66941592252385,53.47200189818967,54.8995280216506,47.68264624577793,46.76242227472824,54.3236943791565,53.309649867542745,46.76242227472824
A13,53.2266673764195,50.36266023553561,51.37857633294251,44.404171245503505,43.44459282810693,51.31987654895518,49.924305042734446,43.44459282810693
A14,51.3536748149536,48.34903565739445,49.772544429635104,42.23003917829109,41.72412571882124,50.04295836578809,48.69412772604105,41.72412571882124
A15,48.429486741034125,45.33393492738084,46.75523895778953,39.39282348347221,38.621344797922305,46.76679107016003,45.43801789250936,38.621344797922305
A16,45.4220952731157,42.596131714041825,43.81016422018981,36.389953489940055,35.83367663246405,44.42298718006253,42.84534865069953,35.83367663246405
A17,43.13187774720688,39.80021133109722,41.711884901068665,33.82948025021964,33.37818732346021,41.96258844494701,40.67248197491764,33.37818732346021
A18,40.32410031234423,37.08964542834024,38.682391459163945,31.224475239785857,30.43094569677387,38.81187304163508,37.46159788369952,30.43094569677387
A19,34.842230439511184,30.947850620034988,34.15381366699771,24.98577519309737,24.64103638242515,35.07424036240842,33.9260599539646,24.64103638242515
A20,34.89423793407731,31.251505787721655,33.43633504138873,25.677529651428696,24.864149150936175,32.988301896278315,31.741317946802397,24.864149150936175
A21,30.482315036755327,27.165536291411584,29.28500571965114,21.07235283493516,20.72261124955057,29.865625056241495,28.347855739014904,20.72261124955057
A22,28.837063477406986,24.66016151609717,27.49916976928576,19.6210358034432,18.303590931836297,26.76857711945108,25.833844351934925,18.303590931836297
A23,25.075588706947634,22.217977698251477,23.428109334728653,16.413074574862563,15.049018672325447,23.557266055295973,22.282136724291053,15.049018672325447
A24,22.888969504982086,19.131185091363264,21.26075607780683,14.445772565010152,12.22693964162742,20.622068397714134,19.2907956549231,12.22693964162742
A25,20.983790363039752,18.197475209489912,18.745749971660242,13.96868920120997,10.587247328744144,17.602155180545363,16.387288549360445,10.587247328744144
A26,15.042471904577386,11.07229854185661,13.068475542311734,9.145073482482248,5.022818033733652,9.104897198760675,8.511847390549246,5.022818033733652
A27,21.658499001546716,18.653085589253056,18.696233551172813,15.547876285846886,11.711125565034303,14.83281190469292,13.73823631329728,11.711125565034303
A28,17.351114344617756,15.7439769118225,14.443887323016613,11.238700325215545,8.198606527941196,11.909737990400965,10.465488856236005,8.198606527941196
A29,19.098261543920696,19.250963820027295,15.755976770736874,13.136364908147154,11.416713887980201,13.693203788741332,10.456128442210339,10.456128442210339
A30,12.920888553036901,14.367225375833707,9.770964179649825,6.930576455100975,6.8222894251123645,12.845335768285702,9.370136871999255,6.8222894251123645
A31,17.24082698132546,16.024407196523683,14.365800395383474,10.895936536158787,7.934298708770674,14.972833966888166,12.359918163159493,7.934298708770674
A32,19.95198062849902,19.039362095406453,17.142547914472924,13.494996146720457,10.770172932687757,17.263303652545765,15.012307251052384,10.770172932687757
A33,19.649392535139604,20.776558401236716,16.513438588010676,13.72733160523195,12.401795716750055,17.764840922451288,14.344110882170424,12.401795716750055
A34,13.898950284104192,14.429555814369337,11.861220889942148,7.526555453858026,6.507364212951354,15.919697673008743,12.3202043814216,6.507364212951354
A35,20.34627666183668,19.27650458459728,18.119530402303475,13.440814781850094,11.328873333213679,20.50488200404967,17.861177648744217,11.328873333213679
A36,22.96598639292465,22.637400049475648,20.589130360459617,16.238452728015684,14.422642094983848,22.54871071702327,19.976581038806412,14.422642094983848
A37,20.16914596605419,21.361996044377502,18.160680961902283,13.862755750571386,13.582680037459472,23.36410514015035,19.854408603632596,13.582680037459472
A38,20.815885904760336,20.376447040639835,19.42566853418435,12.698854830259302,13.14438229815308,24.330240627663343,20.833554617491465,12.698854830259302
A39,24.992633954827575,24.438204066583943,23.21486907135166,17.14671117153374,16.80462406601231,26.974924151885947,23.85615195290305,16.80462406601231
A40,26.729653589225585,26.86292484075403,24.761491332308722,19.419696624818833,19.08432102538626,28.743894186418096,25.669508857786898,19.08432102538626
A41,24.677364121801986,25.82710796817948,23.26178871024324,17.620686592752282,18.736851870044763,29.47882266984216,25.770587226526292,17.620686592752282
A42,26.99819566193267,25.32062011483921,25.838744416089572,18.017635721703332,18.612671409553226,29.308512961254106,26.63058724474547,18.017635721703332
A43,30.28268979136431,29.860785337964572,28.730267123714672,22.211402949836376,22.577929156590073,31.399184862031053,29.07485607874956,22.211402949836376
A44,30.992917336062444,31.733676528256222,29.471292557334504,23.816948419140516,24.431562168637516,34.739084415108,31.47153027737927,23.816948419140516
A45,30.109473027603787,30.353678755630263,29.17024891906135,22.121854307449002,23.797715478591634,35.30686014077151,31.6769007006683,22.121854307449002
A46,31.48478837470565,30.20679911874146,30.741839518805634,22.5052693163179,23.83927438073567,35.255210139779344,32.446951243529796,22.5052693163179
A47,36.013565971727935,35.42929914632803,34.614622199296065,27.726156855936594,28.411238797349192,38.96852613327838,35.82117002555891,27.726156855936594
A48,38.03229099068317,36.544066276209605,36.56667698875576,29.471828684355508,29.581355378007952,39.41481664298338,36.960989137197075,29.471828684355508
A49,34.37843595918813,32.13846058852228,33.2912475134231,25.132774041080303,25.72647169745591,35.94947880011614,33.52194020339515,25.132774041080303
A50,33.89020774501095,31.3246198859619,32.243612840375064,25.040648414128576,24.30199631717526,33.35303446464804,31.432417676659874,24.30199631717526
A51,30.033216511056555,27.915511207928827,28.481890456920162,21.23348120304346,20.821489764183543,30.550600468730558,28.233470491599153,20.821489764183543
A52,29.815126999561816,26.59397078286731,27.882533815993124,21.436318573859644,19.440311623016747,27.262693355572925,25.836381325564926,19.440311623016747
A53,26.095861089452477,23.64428298764841,23.77182630762727,18.713154036666293,15.907744591864681,23.44162513564279,21.484867744531268,15.907744591864681
A54,26.133845507311012,22.025302426981565,24.072500264825003,18.55651058254218,15.228292254878747,21.273091453759136,20.634561032403866,15.228292254878747
A55,25.942097101044087,21.981447518305067,23.35055652441714,19.272380755890023,15.264301294196207,19.546777330291558,19.244982047276636,15.264301294196207
A56,23.366511271475684,18.81143080682594,21.092385806257195,17.071315502913066,12.781743660393131,15.744620605146382,15.986157105445947,12.781743660393131
A57,23.785808920446662,18.165024194864152,21.53726649322054,17.563026903128062,13.59088760898272,14.1488833128272,15.824416513729663,13.59088760898272
A58,19.638919522214046,14.070909636551574,17.53309265360792,13.768202497058212,9.81215603218783,10.61521554185312,12.011507565663853,9.81215603218783
A59,21.07782002485077,14.579693583885774,18.81377040893186,15.98011107595939,12.58663195616683,8.389017463326681,12.498645806646415,8.389017463326681
A60,18.02814491288552,12.589707224554509,15.152910578499432,13.878053645954825,10.756161443563405,5.908921390575442,8.698851935744166,5.908921390575442
A61,18.73125527026953,14.363817946493194,15.820743282159661,13.363818092147168,9.73092421098839,8.123580552933541,9.939142115897125,8.123580552933541
A62,21.60628228085526,16.53078425241827,18.53520250766093,17.24941581619505,13.83827684359581,8.223153774556328,11.89239109683162,8.223153774556328
A63,18.04671310793187,13.571935860443785,15.729185198223078,15.872616324979319,13.475095880920477,4.10454625994153,9.229849023683974,4.10454625994153
A64,17.240481199780938,14.636478435744031,14.869340704953936,15.784211256822433,13.833953773234898,3.695617133849231,8.095345143970084,3.695617133849231
A65,18.03582008116071,15.126441385864688,17.179431480698074,18.757590943402086,16.83150694382413,5.643114476953306,11.01276468467387,5.643114476953306
A66,14.723993547947511,11.343013752967066,14.447415028301776,15.817998419521984,13.87519531394063,3.0718668590939946,9.223247421597232,3.0718668590939946
A67,12.043652020878053,8.665350021782155,13.58606970392836,14.257032019322956,12.994979376666976,4.170574780530856,9.581851752140606,4.170574780530856
A68,10.722093359041413,6.091782908147662,9.508491152648775,9.419486928702645,7.473112604530993,3.1605066049606663,5.209817079322458,3.1605066049606663
A69,8.81822828010253,4.627730005088889,11.124872493651331,12.056052961064827,11.59293983422669,5.6157130446631625,10.124743947379606,4.627730005088889
A70,12.23013352339213,7.578099299956422,14.449132430703237,14.23423907344541,13.771197115719461,7.610550965600323,12.618047749156762,7.578099299956422
A71,14.578020304554386,9.186426998566962,16.148615048975564,14.325983107626506,12.347248519407067,4.778834481335382,10.978235650595227,4.778834481335382
A72,15.160698202919283,7.871382597739738,17.404191133172493,11.915204110715015,9.576408355954753,9.730650235210389,14.265830434993962,7.871382597739738
A73,9.91515365488604,2.747913572148877,12.361923070461167,7.365719381024504,5.928073717490361,9.976806904014932,12.677218819599194,2.747913572148877
A74,16.159788643419812,7.89730321059031,18.10660205560392,10.545936990139852,7.583548377903314,12.205360502664394,15.344134579701782,7.583548377903314
A75,18.14737661481681,9.55029941938995,18.890800591822465,11.316906025941897,7.677621506690728,11.403493719031902,14.658383198702372,7.677621506690728
A76,15.83349531846964,9.183963142347643,15.732930146670073,11.509251235419269,7.812810633824424,6.187534242329492,10.889168241881471,6.187534242329492
A77,13.689015669506702,7.811617246127718,12.121291185348202,8.520365837216145,5.606503544991299,5.78385459706587,7.044387908115226,5.606503544991299
A78,17.185968084457738,10.056217231146114,16.9166875303648,8.490569415533919,4.322470358487146,12.677214441666592,14.133570709484562,4.322470358487146
A79,21.099802676802454,13.231985527501154,20.59901378707243,12.987709690318766,8.634743887342578,14.540799221500862,16.70445608213569,8.634743887342578
A80,22.433162371810173,15.204373186685467,21.098232058634675,15.30608761245015,11.24625141991766,13.313154509732094,15.936283569264196,11.24625141991766
A81,20.238761548078973,14.745905635124622,18.91619314238465,12.188194000753352,8.974727516755037,15.776683491786226,15.72861936089751,8.974727516755037
A82,20.172787561465075,12.580207231997415,20.6312407770352,11.472794167071942,7.441885580953258,17.12358096310465,18.479043373508276,7.441885580953258
A83,26.26714089884927,18.680165657723702,25.713981119227725,17.42886602736965,13.369150384373722,20.3012753786554,22.202500332169798,13.369150384373722
A84,27.853269646488545,20.81050585641781,26.69419077252577,19.082256103511448,15.232334850573631,21.76337540456443,23.062033236468984,15.232334850573631
A85,24.546014034869287,18.454819668585223,24.13067750810159,15.034232571036009,12.30395131654868,22.345316601024027,22.51427673721721,12.30395131654868
A86,29.120615189243512,21.851819352172946,28.73614899390661,19.898994271068073,16.295603149316076,24.14055629019348,26.0665926235095,16.295603149316076
A87,31.645809153820036,24.37925534137579,31.087202013047104,22.506371120196167,18.782045256041737,25.24238540629629,27.918593965312795,18.782045256041737
A88,32.60423711728278,25.904255094482064,31.89939582499957,23.36775954172757,20.020936316766004,27.905197562461368,29.056727448217565,20.020936316766004
A89,31.32927823937219,24.76064791155514,29.989226415497946,22.470173875606747,19.23810380468927,24.15971287081036,25.71328125696913,19.23810380468927
A90,27.33252013627722,21.794156120391538,26.19904748268532,18.29898644734183,15.618270518850672,23.512869029533594,23.61920872933723,15.618270518850672
A91,28.17562068526619,23.304184195118264,27.476537500201875,18.32128611751915,17.0442070510775,26.997881805800986,26.342155207955177,17.0442070510775
A92,24.844873153228214,20.54019912269596,23.7265078340661,15.40203941041575,14.234560864318926,23.731395281356722,22.725015401534936,14.234560864318926
A93,20.99454714920043,16.548702063908216,20.196016835009818,11.400677786868638,10.302443350972624,19.09612554944065,18.333140538380217,10.302443350972624
A94,18.387287945752085,15.314498359397868,16.923594003638826,9.61141061447278,8.050326328789412,18.026316179408372,15.917253469113318,8.050326328789412
A95,14.927692922886644,12.212689261583625,13.894985354436326,6.224960722767654,5.657054092016446,16.02958078054445,14.529877150203303,5.657054092016446
A96,11.400895403432136,9.53115171424734,10.139390316976657,3.1702676543156416,2.976658025370062,14.690380287793777,11.090812413885647,2.976658025370062
A97,11.357951091636203,8.593787232646617,11.90314928915873,1.3376370957774757,3.131891600933851,16.400782664251118,14.400190484851233,1.3376370957774757
A98,6.313901567176986,4.942855955821492,4.563985429424594,0.0,1.3343792564334924,12.157435955003011,8.026019000725078,0.0
A99,9.335268930245126,6.069679151322581,8.615377763046727,1.3343792564334924,0.0,10.692638729518546,8.597396931629946,0.0
A100,12.445687486033064,7.146297153071652,13.226650974453054,3.3724545956913934,1.3438102544630324,14.54454609123296,13.70014467076899,1.3438102544630324
A101,14.119726095077057,7.541837773381233,15.95418800816889,5.990756713471178,4.115368999251464,15.922559907251093,16.167844475996173,4.115368999251464
A102,12.740520319045059,8.926427560900274,16.776043961554226,7.756897962458962,7.4090626262706145,18.331143826831976,18.80100324450799,7.4090626262706145
A103,16.885371449867485,11.167828929563704,20.189868275944743,10.379076355822805,8.928723872984314,19.68612084693173,20.837532747424778,8.928723872984314
A104,18.31957251138792,12.640289276753125,20.106737055027104,10.019017965848748,8.29633057441662,20.84670357634511,20.75911296274482,8.29633057441662
A105,21.30654138991122,13.871453853147479,22.725971706397946,12.972904300888063,9.558121729712383,19.78662108597625,21.428515254212087,9.558121729712383
A106,25.355465544927384,18.034123128114658,27.252636367881912,17.36251709862369,14.230536672943856,24.176689765143614,26.103412669610844,14.230536672943856
A107,27.13311250114885,20.545757153242125,28.283169094003593,18.267534480602468,15.551792983447278,26.60035114429883,27.519343269780258,15.551792983447278
A108,23.971157585732065,17.345271776481336,24.835101328563166,14.94817493876761,12.142812730170881,22.399429479341656,23.650406952101267,12.142812730170881
A109,22.362256192075076,17.478903455308632,23.286087992619112,12.796699730789967,12.011673904997588,24.682579869211406,23.98369487797908,12.011673904997588
A110,17.130061792066016,13.222756180161532,18.4481442156115,7.888482426931051,8.163050226477845,21.397764696341532,20.275852361861386,7.888482426931051
A111,22.758232224845585,19.024186342653397,23.20976402292794,12.855438382256748,13.233387094769048,26.168439024901733,24.681866582574344,12.855438382256748
A112,19.641471024340312,17.721062439932883,19.79684454654327,10.090192069529698,11.662728668712138,24.61793982038302,22.229830363725224,10.090192069529698
A113,16.972386927005875,15.634893443832613,17.663470949957713,8.142020449495323,10.119677514624664,23.45432169132162,21.309377161240544,8.142020449495323
A114,17.07674796323937,18.648713923485445,17.029807661861597,10.111450390522618,12.527294121237833,24.90907786330116,21.15656486767169,10.111450390522618
A115,16.781978697400376,19.67146163862767,16.192102797351552,11.28159195326617,13.674335852245255,24.919186262797588,20.40617918670715,11.28159195326617
A116,9.544424864809821,13.71100572532883,11.219405064440807,7.331773932685049,10.321132011557648,20.674659489336214,16.931500524170914,7.331773932685049
A117,12.366549316604047,17.932816510520595,12.02511280612369,10.177323862391331,12.422570587442843,20.853595397436866,16.17732885862187,10.177323862391331
A118,9.925611971057503,16.62237218329562,8.992637266119432,8.047796344341723,12.551096246941938,20.191946785785664,14.486865395937107,8.047796344341723
A119,6.453230586303267,14.024222794864606,7.0353117201727455,7.077729296886114,11.43937135510514,18.426306900732985,13.364578444530153,6.453230586303267
A120,6.855683262811957,15.424003047198868,6.1159527467108505,7.315376476983259,12.303389695527,17.76152825631849,12.137449402572189,6.1159527467108505
A121,2.772255579848294,11.965143751748242,2.6767110415582778,5.785260322578407,10.30033407225222,14.490940652697462,9.11884170276028,2.6767110415582778
A122,8.014548458896485,16.84146789920641,6.07806556397675,9.237727750913642,14.146253249535723,13.865845700857918,9.68328647722456,6.07806556397675
A123,10.7803237428196,18.91857283200823,8.517185333195469,12.20296541829075,16.89288270248746,15.039560532143218,10.719183784225365,8.517185333195469
A124,12.810430359671763,19.91238413651163,9.400148296702557,12.36496995548311,16.533481454309616,12.97357919003079,7.405614154140087,7.405614154140087
A125,15.716745846389449,22.6417018794966,12.401172767121665,16.550647691253655,20.642308640265988,15.10231495499945,8.857815983638405,8.857815983638405
A126,18.486648452329046,23.97787707450349,14.418006693021058,19.03442160928459,22.65244916118343,14.25211893018017,8.82998369194417,8.82998369194417
A127,21.74952599483492,26.935522493540017,17.3564004908852,21.37917330020036,24.693890782944674,15.533606825203218,9.242024453549124,9.242024453549124
A128,23.865102304410932,29.236507144322147,19.811965122117495,24.236187262026178,27.81955359095469,18.85162727724055,12.79166486427783,12.79166486427783
A129,20.786915355578852,26.20316740396092,17.6050804599127,22.25665329738503,26.46407663229533,17.44985140337877,12.813430532062831,12.813430532062831
A130,22.010976852470677,28.620434046324313,18.589987762233733,22.184246888276373,26.315771411835907,19.864974754577464,13.412968537948634,13.412968537948634
A131,21.74033113823246,29.357786258503893,19.259546775560427,23.026286739289947,27.546531142777305,22.47260879381831,16.492162562866035,16.492162562866035
A132,18.39165185620911,26.24453838420482,16.230936171398124,20.84578585709831,25.434412849523383,21.124882650561638,16.325528322232024,16.230936171398124
A133,16.77050032050326,24.354648201113477,13.599197954291274,20.669498832821272,25.043588341130352,20.558465725826917,17.0787718820763,13.599197954291274
A134,10.987804921821281,18.709612850083243,7.8785786154610395,16.11578114768254,20.190936654845906,16.240533150115485,13.996650063497336,7.8785786154610395
A135,15.765373386000093,23.917890166149693,12.664513255549934,21.58590005072756,25.779747981700677,21.567704606656687,19.090706482474662,12.664513255549934
A136,18.510958943285463,26.462605635122177,15.30492486097204,23.961896377373808,28.18308231900833,22.760199845344065,19.440534586271024,15.30492486097204
A137,16.039695539504482,22.475992013702086,12.490556312670783,20.185304208755436,23.94032650153293,16.976479523152026,14.061591695110478,12.490556312670783
A138,19.08471349012083,25.435005425594074,15.542184820674342,25.312935783903058,28.619720106947238,20.124368437295118,17.675895451150417,15.542184820674342
A139,19.85754959706761,25.82011200595381,16.42984960369388,26.913008954778725,29.88062633212363,20.769338289892627,19.56087393241928,16.42984960369388
A140,18.297513738210448,23.15571214625022,14.857895039338512,24.610044412800235,27.127864733517082,16.939886097609985,16.555684371236364,14.857895039338512
A141,15.446538414803493,20.77119565648545,11.928819681762317,21.502005534368184,24.306903319838995,15.36196732192853,14.40674703047152,11.928819681762317
A142,14.732889261784328,18.77756323381711,11.4739212564842,18.991115870322105,21.74799386150364,10.939565302149807,10.509371294230688,10.509371294230688
A143,10.891819131807136,15.14239759747445,7.587200999050966,15.07182649847058,18.168186508289704,9.69075709116682,9.996557707531128,7.587200999050966
A144,10.453494391828983,13.79079036893825,6.209583641436841,12.127036983533943,14.689422759250956,7.372844430747199,6.44409629040411,6.209583641436841
A145,6.56457104463041,9.84262170359097,3.5012724829695845,10.07906528404296,12.143815710064114,6.732027480633156,5.90937940904119,3.5012724829695845
A146,6.39098779532554,6.087423264403421,6.054021225598736,10.922649907417155,10.997515264822322,3.386403697139489,5.028760582887199,3.386403697139489
A147,3.2829227831309105,6.024293236554807,3.121078980096467,8.415638953757464,9.603279543989126,7.245874205366802,6.322764268893788,3.121078980096467
A148,1.3420007451562763,4.127128057136099,3.341135735045794,11.634513354670233,12.002741395198015,9.259292305570657,9.598745178407436,1.3420007451562763
A149,0.0,5.791058884176537,1.3366562759363376,6.313901567176986,9.335268930245126,11.854763177727337,9.469137658731126,0.0
A150,1.3366562759363376,8.262233172696108,0.0,4.563985429424594,8.615377763046727,10.143478791814967,4.912121537584347,0.0
A151,3.4776663152177196,9.653845969353354,1.333883803035331,12.87355945339128,14.855289495664499,12.196952324248874,10.85346857000102,1.333883803035331
A152,3.9461168254373815,10.09074972437628,3.4289097392611536,15.271570613397955,16.945200087340368,14.655186556301492,13.619205777136932,3.4289097392611536
A153,3.1071842558818425,11.19043135897808,3.5876603796903646,12.022277529653023,14.83652162738962,16.966521210902368,14.280044537745672,3.1071842558818425
A154,5.146543111642999,13.851189479607878,3.0092640296258497,13.097187178932735,16.594360517959107,14.641488278177187,11.72987233519615,3.0092640296258497
A155,7.203243227880064,13.9068404391508,4.6171321185341885,17.722835834030626,20.356957361059635,16.18015976435338,15.691879205499895,4.6171321185341885
A156,8.354560491132972,16.176086702289897,6.760284387509155,19.836559933617522,22.328230986802335,19.804557985473952,18.299010601669156,6.760284387509155
A157,9.413620238781679,18.041503651303568,7.697085422418023,19.35865610004992,22.793438375988824,21.29111932238416,19.026597409941697,7.697085422418023
A158,10.512041333632586,19.03646618992086,7.61625242491345,18.04120907810782,21.967153069981556,19.280263405877005,17.125193400367774,7.61625242491345
A159,13.027566157959052,20.785151334546498,10.395357136722144,23.07827105742542,26.082841754686164,21.041910226973215,20.594663920540196,10.395357136722144
A160,15.142146083035918,22.369484035176136,12.213022967308298,23.599947351636185,27.207553399745443,19.92417739832689,19.696502557560823,12.213022967308298
A161,12.995832370417832,18.90863556685146,9.516168451640608,19.840830098561906,23.329494936667615,16.727319032050534,16.348152800851846,9.516168451640608
A162,12.593218055763188,17.183675800014385,9.433065567460028,19.21580068589389,21.565549679987292,12.90954944992272,13.8269627539818,9.433065567460028
A163,8.456046653135258,13.730027458093446,4.921508914956874,15.70815924925642,18.276936668927867,10.77377904915448,11.84244932435854,4.921508914956874
A164,11.144743110543194,13.31646890132666,9.009471294143738,15.310396826993088,16.669428724464435,6.888108303445874,8.658806730722196,6.888108303445874
A165,11.222324625495377,11.035149160749937,10.147329698004299,15.015838371532906,14.73906364054379,3.8881628052333403,7.747859188188695,3.8881628052333403
A166,12.010238756993965,12.249220750725328,7.399800740560518,11.962858604865309,12.379885661830643,1.3369199676869221,3.6582524516495574,1.3369199676869221
A167,11.854763177727337,9.13925746436766,10.143478791814967,12.157435955003011,10.692638729518546,0.0,3.893804823049044,0.0
A168,13.768079495703095,13.45166104984808,9.443452175978868,10.76465763505742,10.255977817838726,1.3339737628604265,2.76130059935531,1.3339737628604265
A169,14.863799446978556,14.997644148332098,10.400614308780035,10.995485391741466,10.171532136310637,4.73077171294494,2.966648951257968,2.966648951257968
A170,11.625787801263192,14.869310609439834,7.507109830021139,7.6298557653470755,9.521913778227567,7.333378211983889,3.3255035708896767,3.3255035708896767
A171,16.780557231510517,18.628200691424816,12.218807838737787,12.743069802837933,13.074460409515952,7.48288099598009,3.3768307627122804,3.3768307627122804
A172,17.542622067410562,18.646209078523174,12.521338147338728,14.589757571666501,14.646454349090774,3.9202915707890917,1.3382570754529943,1.3382570754529943
A173,9.469137658731126,10.781041044351886,4.912121537584347,8.026019000725078,8.597396931629946,3.893804823049044,0.0,0.0
A174,16.22773539345524,19.582366710895798,11.191443785320999,13.929187090422758,15.711592599097012,7.170906428060542,1.3342604693237379,1.3342604693237379
A175,19.056632047662568,22.172423074621324,14.00776788071533,16.68539379217644,18.15556005745898,7.84850087596351,3.371909548015783,3.371909548015783
A176,18.331793638375924,17.894913830471495,13.41646044976096,17.151843457774444,17.273040409840995,3.0725015866554095,3.405929388581038,3.0725015866554095
A177,16.29164997782606,21.274063481149998,11.718560363798959,15.94031712357066,19.23893554747767,8.388936821790947,2.9955179852573086,2.9955179852573086
A178,20.186416621084582,24.126827764959074,15.356027285727258,18.829909558996828,21.266328902751415,11.04688014780644,5.14647199545475,5.14647199545475
A179,22.862658047567436,26.082770309152362,17.866918061042313,21.682817252377514,23.634711950857366,11.468314348673914,7.127783596602803,7.127783596602803
A180,20.848968343781422,21.720110266755093,16.00419713700128,20.402945596163313,21.51700234698133,7.807505299389812,6.92276144323925,6.92276144323925
A181,22.01379213129805,24.883001607523155,18.40400556944058,23.747472581308525,25.878341929111297,13.359377605262903,10.063241078300766,10.063241078300766
A182,17.918585518952103,19.246461389045002,15.621180525171587,20.969930734268054,21.930151344667003,8.337853021012062,9.39646023777039,8.337853021012062
A183,14.908546441554922,16.982832095972682,11.65741978312525,17.254568235687614,18.886072831586773,6.230735510355099,6.199427796176031,6.199427796176031
A184,17.384523260647672,21.877417100745692,13.721115187913846,19.152398779265223,22.508139105665755,12.782861142952308,9.692463206017342,9.692463206017342
A185,13.989057938260173,18.23180920808464,10.035350367575614,15.518262177189817,18.76355843117184,10.372790704530772,7.7255760950235945,7.7255760950235945
A186,10.828159308026457,16.472672825015376,6.731963606556412,12.01722850743881,15.403907231608477,8.059026740245995,3.7176887981647972,3.7176887981647972
A187,6.5340022956837105,13.222425609546836,2.8566905677724366,8.252659692487022,11.629649220849268,9.365651872667488,5.007146992050464,2.8566905677724366
A188,6.932194024982279,14.222809427113898,3.4609175084072725,6.2928515793716295,10.897813542174411,8.860753241118951,4.075599342428056,3.4609175084072725
A189,6.572221846529528,12.618140195765776,3.251692789917276,3.4108797985270605,8.458092811030156,12.985379855822469,7.35099353829127,3.251692789917276
A190,8.517423847619655,15.88220926067907,6.0339470498173915,6.777970935316852,11.8164351223201,16.412680128486024,10.865344587264595,6.0339470498173915
A191,10.437730883673904,16.020525022607718,8.159821689228265,6.850307219388047,10.552852789648872,17.07860140643841,12.258269290564634,6.850307219388047
A192,10.921496966991292,15.825472062469416,7.980014411014556,6.313355763775712,9.545599666862215,14.757802715851707,10.264648605773118,6.313355763775712
A193,11.89614899873064,17.677744284834535,8.44249850458974,8.328199925554141,11.826442618133317,13.403774505712933,8.584670581915184,8.328199925554141
A194,14.296686434275601,20.084878789776155,11.249557413516321,10.563898002158105,13.965169171907657,17.81795400712439,13.370001159311844,10.563898002158105
A195,12.56723652996155,14.93770558017529,10.672973625002546,6.913025459232737,7.981988098212123,17.95215276784375,13.39659411940214,6.913025459232737
A196,16.10488885400952,19.33737202931153,12.369369628238944,11.046126289337815,12.198894171194372,13.353719594180491,9.51986517761675,9.51986517761675
A197,18.75296096620478,23.289588424873465,15.24336166992045,14.214712800475427,16.206161390039284,18.527544737498275,13.985787964930685,13.985787964930685
A198,15.93610768035909,19.917024225521242,11.670976565823445,12.23137363504198,14.202257919077516,11.33947948540849,6.663138824908272,6.663138824908272
A199,17.797205005281025,24.359454304232678,14.607888759160236,14.998501691835756,18.53102355510888,19.244318772042828,13.997840297703071,13.997840297703071
A200,19.441289180504466,26.410205054107397,16.146081072507965,17.180539630640244,21.025544202231725,19.591513086027838,13.679191971750377,13.679191971750377
A201,16.15600600396026,23.57757862885839,12.849641629243985,15.342705432875912,19.07957937167379,14.065079807807704,7.579911938802455,7.579911938802455
A202,14.194759244171774,21.943629462784866,11.294661924998021,12.926730870564297,17.69144889487574,17.99435469807128,12.46996828384098,11.294661924998021
A203,15.830048926014094,23.994433208559023,13.22144836997823,16.062239756646644,20.80495928859271,18.73927962863034,13.305215255680759,13.22144836997823
A204,12.038428842668797,20.946569886260612,10.505855986067958,13.716482821773225,18.644205051436224,18.42320021060402,14.42508474845122,10.505855986067958
A205,10.92160450666476,20.748137362182657,10.745918015693217,12.601451384662006,17.686374359941613,20.40902290654798,15.547059979301554,10.745918015693217
A206,7.229538436165894,16.121070963183556,6.383677545114571,11.909123981217089,16.270915493603916,16.381687855651503,12.390262345890823,6.383677545114571
A207,8.612886914385907,18.56476539038401,10.121085613707653,14.771428671594363,19.102302845468657,22.158949388452513,17.611390518638782,8.612886914385907
A208,8.92917778969598,17.9441973072077,10.482622334129948,15.334342013924172,19.278529689787028,23.41821756667232,19.200755558050314,8.92917778969598
A209,10.53526145854957,19.613655957011176,10.304283138578832,17.356273966494076,21.289523503357234,24.133188102693765,20.232382311532174,10.304283138578832
A210,7.106739125646867,16.21362442515553,6.222969468027302,15.351540020467002,19.069108500399278,20.071639519481213,16.516783131106372,6.222969468027302
A211,3.5427811109353056,12.737403620832621,4.225605400413058,11.011414078128205,14.555903029355479,16.631103811834016,12.59487518794847,3.5427811109353056
A212,2.729289467975136,12.031307992068028,6.0925943570863135,10.042988449659793,13.42318151557223,17.451325479745083,13.961728904401488,2.729289467975136
A213,3.644791626417071,10.866627627741737,7.177072940969738,7.546939578398651,10.829676911154829,17.039729369916646,13.697368433388947,3.644791626417071
A214,3.447139393758251,7.581028096505117,6.7745140785151525,4.565122342281749,7.4481192928147975,14.11063683892403,11.502254431197391,3.447139393758251
A215,5.7724124073042455,8.341489075698655,9.809061372017203,3.171955390606873,5.663487088358196,16.46208768656029,14.351589946761996,3.171955390606873
A216,8.956946019710067,10.542430080394178,10.258105770560178,3.6735281406299314,6.380166847348116,18.043648771797795,14.877326675179248,3.6735281406299314
A217,3.9313215335304235,10.027736484371735,3.621179503973809,2.9625748935680933,6.9229052427431075,13.792492305598724,9.221781877706716,2.9625748935680933
A218,8.960148826888982,12.870226299486733,8.69509614667946,5.1321989439225755,8.200734784151965,17.992648998966217,13.549929999819186,5.1321989439225755
A219,11.58744014008271,13.250377013504183,11.448764867879854,4.901450499597033,7.024752878215717,18.79350792162017,15.313211061041379,4.901450499597033
A220,14.538198272138127,15.193574859130422,13.565351672551655,6.813395996124106,8.394275072929169,19.553642601827413,15.732993675712198,6.813395996124106
A221,16.01989197841234,14.547254620717958,15.701916984877993,6.582935743268348,8.043764479396447,20.584807553144625,17.860454669464602,6.582935743268348
A222,19.344569134514213,16.698245686298904,19.091770295077403,9.51341762985311,10.503058364114711,22.81345326775409,20.518731369166076,9.51341762985311
A223,20.23072499936668,14.025092013958412,20.157486946541724,10.876254226524864,7.917128583015436,19.118787644618056,19.06860907355332,7.917128583015436
A224,24.045416070428058,18.96163938060209,24.006684527439436,14.029971560912017,12.90738401071263,24.569695704261378,23.89518298737216,12.90738401071263
A225,27.376015542806808,21.69475653239741,27.473327155624965,17.491408319515042,15.795140835079629,26.97771357991629,26.900441427604864,15.795140835079629
A226,27.737688980879422,22.101112641674852,28.883889004079766,18.55990328638595,16.91642423800018,28.567463398068792,28.73801064792064,16.91642423800018
A227,30.62821772483668,25.007415880094445,31.5813418809271,21.180254224158876,19.705329279156945,31.34275121938085,31.555791148377185,19.705329279156945
A228,31.325928509782436,26.39236158436755,31.49147940316555,21.300927984479923,20.504346002738053,31.550788341973327,31.32195709083326,20.504346002738053
A229,32.47215664226815,28.1284993734113,33.04649405005015,22.92746058768829,22.712825649839342,34.554633495379456,34.01021983169177,22.712825649839342
A230,32.805159670393316,29.2093715611959,32.5496538384051,22.9119515755424,23.062544027058244,34.64594158050839,33.30630524390239,22.9119515755424
A231,28.93211820797088,24.809533530479772,28.528448853731955,18.94777221733468,18.55279941140959,29.733244979315664,28.589128458209426,18.55279941140959
A232,27.251027980610196,23.300796638741772,27.88111514986443,17.496589896319797,17.6401113942061,30.380603071696914,29.219048204895383,17.496589896319797
A233,30.904478785444677,27.775849995994722,30.82137211416779,21.167381911800053,21.81613698618525,34.22827386825109,32.560791283382535,21.167381911800053
A234,29.206312708043104,27.21472581158958,28.731301258383684,19.900992588310764,20.887077943072843,31.85018533698038,29.675667524084446,19.900992588310764
A235,25.64485870501142,23.092802644980104,25.44841798619317,16.191173336111255,16.97062715399758,28.948245179975938,26.923296343501473,16.191173336111255
A236,26.619160204634557,25.49177275122309,26.77839819705428,17.899757596124033,19.494289266346698,32.03065327151478,29.592732655163832,17.899757596124033
A237,26.45413655744598,26.362183976294528,26.15538577425307,18.151581914532958,20.03993847295944,32.560181986592156,29.3651585045952,18.151581914532958
A238,22.266982440375703,22.635900534328208,22.076844996511618,14.225144603834437,16.327509638643612,28.1679634691612,25.162280560394365,14.225144603834437
A239,22.358488812976606,21.118945878049878,23.003444176905337,13.665460475227318,15.61715137276962,28.875707021647106,26.508665300237205,13.665460475227318
A240,19.79442522530018,21.987564371707933,20.302794487459106,13.975986870343004,16.558517113558207,29.301603454418668,25.28817324363308,13.975986870343004
A241,21.38258417497754,22.928621851301923,22.790704201494083,15.548767861152214,18.164410422581845,31.028660348136203,27.855824058892964,15.548767861152214
A242,18.491271697749728,21.011205795955643,19.940225425004602,13.869224167198395,16.60132533865896,28.921256438820222,25.45386907721496,13.869224167198395
A243,15.765460538785412,17.933783705621074,16.46359681236151,9.862261708147884,12.606942769759845,24.98775270007289,21.316570784251393,9.862261708147884
A244,17.689524414183666,18.333422757357667,19.71032911952512,11.718316773325425,14.130745627885318,27.01779600559601,24.520249019942682,11.718316773325425
A245,17.173941335639878,19.08083093054388,20.443177761786448,13.416636426466956,15.812739832173298,28.023185507718427,25.641693489315404,13.416636426466956
A246,13.443919815291967,16.34059209453562,15.367921557582207,11.039785958070022,13.434037442258377,25.082777936265355,21.536228523118897,11.039785958070022
A247,13.495085809286284,14.136552479299894,14.971887022015627,7.492511661652586,10.192980476779105,22.696001982728145,19.787023500264006,7.492511661652586
A248,15.461753361116584,15.47761638625276,18.85461439542055,10.736299455585243,12.939502849800682,25.420021970879567,23.517187884608994,10.736299455585243
A249,13.562671602601014,14.696555684921552,18.224071498981782,12.198019921282308,14.215888751675006,24.944323803222247,23.538294012098667,12.198019921282308
A250,9.987592753011107,11.286105085457958,12.91050057124045,7.645220467717069,10.23290276510043,21.106017862211715,18.28051779901215,7.645220467717069
A251,12.212492865913985,9.89082428314243,15.754715389368352,5.946156826051597,6.507097893838696,18.94888128623957,18.16887550180253,5.946156826051597
A252,14.21044946509434,13.14025471594824,18.774714565073953,11.544634121530228,13.070990704609962,23.794644544518835,23.272975013951267,11.544634121530228
A253,9.145561382441212,11.41350923248411,13.153233442769881,12.37376082684646,14.208675237333,21.721559198179122,20.858647199662784,9.145561382441212
A254,8.226121200176909,6.07768204169978,11.983133187943793,6.591151492721131,8.52653862947914,16.730281587588415,16.922051205453787,6.07768204169978
A255,12.92623719417217,9.912758748199211,16.923651526783456,11.149384422469252,12.631023473970746,21.2037054073103,21.815762970842897,9.912758748199211
A256,15.000107499614796,12.005367258022554,18.83689963874098,13.954647469570846,15.341406291471456,23.46512505826466,24.383691783649166,12.005367258022554
A257,10.962532326064082,9.993556223887472,14.265306796560667,14.107724515314297,16.14674010442975,21.054218793391502,22.171102115140783,9.993556223887472
A258,12.796982808459187,7.439298017958415,15.640619041457406,12.634888325584837,14.004110610817097,18.328103720789013,20.56862059059868,7.439298017958415
A259,10.32867048559494,4.862841144845264,13.294607440612905,9.35798851249562,10.742651907234078,16.302115230852714,17.908872828852182,4.862841144845264
A260,6.908291322751234,1.325308643297855,9.670043019552706,7.649808232890547,9.541127711125139,12.698193651067067,14.269963454753483,1.325308643297855
A261,5.791058884176537,0.0,8.262233172696108,4.942855955821492,6.069679151322581,9.13925746436766,10.781041044351886,0.0
A262,6.993685866551342,1.334805229237584,9.885856159180143,9.621605999000375,11.031847080158427,10.680206084153994,13.252519798136504,1.334805229237584
A263,4.746191209801813,3.3053456702741393,7.3644897311354836,10.400191200165507,12.537319091416634,12.561290498989345,14.31806683878798,3.3053456702741393
A264,3.801432624682437,5.7835001512924675,6.040229796953093,12.360507675657988,14.42034552290617,14.314578338183768,14.995238544284648,3.801432624682437
A265,3.0977774290610354,7.052667580426571,6.956616993913061,9.375019679979346,11.557977374956227,15.670369523403076,14.622284671008153,3.0977774290610354
A266,3.7217826373930007,9.565603953750124,7.140321071212414,10.389838737920815,13.05073676081163,17.85875575173142,15.831629796075955,3.7217826373930007
A267,5.6015224716143015,11.851805178959026,9.863276990939674,8.710129447947372,11.573297023752566,19.736817600616366,17.307624793714474,5.6015224716143015
A268,8.763257442298498,15.280571815216865,12.710858035553695,12.11752755309432,15.216895379807275,22.847134481155397,19.697086916597595,8.763257442298498
A269,11.506027550810055,17.167247944851265,15.141065550350147,12.051067214151615,14.845502147115132,25.01128325376369,21.39709720966842,11.506027550810055
A270,14.929564695596452,21.01409396095868,18.15987431123905,15.685098342057023,18.600659262510025,28.36099945347484,24.477236547453636,14.929564695596452
A271,18.04651694926198,23.625099809312978,20.673110917324465,17.74868597953099,20.440996281981953,31.011420444732934,26.912126355975662,17.74868597953099
A272,21.24650251217833,26.976314611154727,24.01491965424827,21.133405262758767,23.827230346811184,34.44954073714191,30.3055654624691,21.133405262758767
A273,24.677568295924136,30.45607666788354,27.374000000000002,24.43825349733487,27.162201567619665,37.92964235265079,33.67163687734827,24.43825349733487
A274,24.88748143143456,29.036867616876307,28.073869238136734,23.644209143043884,26.27233687740776,37.66351299334676,34.172937626139195,23.644209143043884
A275,21.201566828892624,26.096547166244044,24.43854025918897,20.87653855408027,23.485564204421404,34.27866302818708,30.649688122393677,20.87653855408027
A276,17.168825877153044,21.102643696939964,20.654624082756868,16.064396222703174,18.595643629624654,29.714827965175903,26.57331281568032,16.064396222703174
A277,15.215250835921173,20.344913221736782,19.23462331318188,16.23450119344601,18.96082028816264,28.75011459107598,25.538583555083868,15.215250835921173
A278,11.745629740460917,15.79445655918557,16.191031498950274,13.245739352712631,15.742606010441854,25.051916912683545,22.764767426881388,11.745629740460917
A279,9.94210058287483,15.575358808066028,13.848182877186451,13.833693830644076,16.67225977484756,24.138415751660258,21.630827954565216,9.94210058287483
A280,9.751714208281536,14.626035006111533,12.98615243249516,14.676877426755325,17.247469495552092,23.609065398698014,21.998618002047312,9.751714208281536
A281,6.885575792916667,11.264856190826405,9.929844208244155,13.828111657055711,16.06658031442908,20.05134494242219,19.166429897088292,6.885575792916667
A282,8.113735637793482,11.382466209042748,10.132173557534433,15.456060041291249,17.667353027547733,20.37335941861332,20.135442905483853,8.113735637793482
A283,5.4556937230750036,10.03396222835227,7.536403187197457,14.250484412819096,16.77895267887719,17.947742448564387,17.74607567886489,5.4556937230750036
A284,7.208738724631375,10.863370839661142,8.488598824305457,18.13982566068373,19.567891301824012,17.363754461521275,17.886355134571158,7.208738724631375
A285,6.745155965580041,7.557089783772587,7.288259394395893,16.29100104352093,17.44714790445705,13.767645005591916,15.855565931243198,6.745155965580041
A286,8.672282513848359,12.190071738919343,8.434198065020766,20.126552759973578,21.06791026656417,17.203285965187,18.10699558181865,8.434198065020766
A287,7.758898568740284,13.221784864381966,8.179816929491762,19.918988377927228,21.407924911116446,18.67893846020164,18.655136906493077,7.758898568740284
A288,10.229575015610374,15.759664875878547,10.547419637048675,22.349358916980144,23.95218397140436,21.51100625261403,21.389048436057177,10.229575015610374
A289,9.726726530544589,14.613670620347236,11.420407567158012,20.727334753894432,22.708647361743058,21.90657449260381,21.863519410195604,9.726726530544589
A290,9.743422961156925,15.796020353240875,11.590855921803188,20.375336119926953,22.730015596123113,23.282019113470376,22.41291379986101,9.743422961156925
A291,10.838058405452518,15.618282524016525,13.181327550743893,18.50542185414858,20.830720222786343,24.08221372714726,23.212190784154778,10.838058405452518
A292,9.986258007882633,17.198202260701553,11.896715218916523,17.898585251354366,20.841010556112675,24.344997761347194,21.84311060723724,9.986258007882633
A293,13.40541771076157,18.544596787204622,16.140366569567124,18.396394130372396,21.070932632420426,27.385948751138784,25.524830616480106,13.40541771076157
A294,15.175207082606814,20.76279581366633,18.171815126728536,19.91726956688592,22.83367434295234,29.61507604244838,26.82801259877444,15.175207082606814
A295,16.88426456793425,21.47118864897796,20.53552796983803,19.76166991931603,22.322715538213533,30.956429202994325,28.735278944182877,16.88426456793425
A296,19.53042370252115,23.764479838616285,23.469547950482557,21.648727352895364,24.069310147987206,33.389284343932864,30.981812019312233,19.53042370252115
A297,21.161044232267933,24.666523670756686,25.41415530762335,21.623834442577476,23.81326873824759,34.50328839400674,32.01422088697459,21.161044232267933
A298,24.340528712417072,27.672545961656652,28.69242776413317,23.697819245660558,26.066016841857518,37.339112536320414,34.77070839082805,23.697819245660558
A299,22.332294239508848,24.893933839391472,26.09021717042616,20.010367163048258,22.399506289202,34.28365454557025,31.792112386565325,20.010367163048258
A300,27.427735761451398,30.084029400996137,30.86351316684476,24.542424391245458,27.016296174716473,39.26185148461544,36.508845544607404,24.542424391245458
A301,27.12563750402928,29.34207078581878,29.317254066504933,22.50986348248252,25.08589870823846,37.85197607787472,34.717395783670185,22.50986348248252
A302,30.908879646470528,32.29036662845437,33.57718646640901,25.887025727186195,28.25425286571917,41.24393223251149,38.710247080069124,25.887025727186195
A303,34.574674691166656,36.214643640383926,36.67713443005056,29.315405710990937,31.774768417724147,44.8434063492059,41.88159944414731,29.315405710990937
A304,34.84002878873667,35.354589433339484,37.0216508816125,28.679703450349688,30.91627568126536,44.16459533381914,41.78491227704086,28.679703450349688
A305,31.28507780076629,30.485163424197022,32.90542783493325,23.703251485819408,25.70137309561495,39.016548873522886,36.967981943838915,23.703251485819408
A306,34.60635253822627,34.03952772880376,37.436866989640045,28.28700517905704,30.178682509347553,43.233901177201204,41.73376894075109,28.28700517905704
A307,31.293353303856716,30.443278026520076,33.91939387724963,24.593286096005958,26.453076664161394,39.541140676515646,38.02597771261115,24.593286096005958
A308,35.019777569253634,32.671170487143556,37.66294487954972,27.619812363591464,28.556770703285064,41.654100710494276,40.70949222233066,27.619812363591464
A309,35.73293542377956,32.74732767723192,38.53637907224809,28.311638702130963,28.746559411519144,41.68523715897511,41.107380991739184,28.311638702130963
A310,30.110117070513024,27.87240093712775,33.349569502468846,23.483605941166697,24.382166310645985,37.22010436578597,36.54576552762303,23.483605941166697
A311,31.81365747599606,27.475539812713414,34.91095968317113,24.647269909667475,24.009977342763154,36.231846061165584,36.49245448034429,24.009977342763154
A312,26.633571934684237,22.331840273475002,30.177017231661583,20.053867532224302,19.560959000008157,31.870643498366956,32.006707125226114,19.560959000008157
A313,25.982676113133532,23.059492925907975,28.624596486238893,18.426957480821404,19.077720985484614,32.07702681047606,31.328790975714337,18.426957480821404
A314,23.540061299835223,18.55662151362688,25.890380375730288,15.571153008046641,14.582717647955745,27.043081203886512,27.069371917353383,14.582717647955745
A315,19.75189775692452,17.178302157081763,22.824827118731918,12.9854104671358,13.882129915830639,26.526233091036502,25.84670224612803,12.9854104671358
A316,17.146241862285738,13.8529721359714,20.298448142653665,10.466064828769218,10.716143476083175,23.17888957650905,22.768421135423512,10.466064828769218
A317,19.49543120836264,15.495716633960496,22.116951010480626,11.619895610546594,11.355009114923686,24.410405424736393,23.755583301615644,11.355009114923686
A318,17.575177780039667,15.694586264059337,19.67488124487668,9.792625899114089,11.517826965187488,24.5713053173819,23.144685351069263,9.792625899114089
A319,23.124278799564756,19.843691844009268,24.771906709012125,14.335671592220576,15.053739668268479,28.2814840664347,27.123542578358013,14.335671592220576
A320,24.208542500530672,22.653805463983307,25.666419111360273,15.939390327111008,17.7864826202372,31.068205435782737,29.197527121316284,15.939390327111008
A321,27.80942110149005,25.69222859154106,29.158139995548414,19.205327437979285,20.764668020462064,33.980688412685225,32.244368748666794,19.205327437979285
A322,27.467197254179393,26.214560858423702,28.176471975746008,18.828970789716575,20.739879001575687,33.98505056638874,31.634272063696994,18.828970789716575
A323,25.501155483624654,25.42333495039547,26.83482084903866,18.04669271639543,20.268122508017363,33.59253088113487,31.098660003286312,18.04669271639543
A324,27.003686063202554,27.14636957311235,29.673778407880583,20.997581598841325,23.13177920091751,36.22064154594725,34.28580944064177,20.997581598841325
A325,25.874344610057275,23.923504362864566,29.044868892801013,19.286673404192854,20.451254851475497,33.26473583240968,32.436760704484655,19.286673404192854
A326,26.004779733733567,26.711742343022106,29.932917949976076,22.068697673401573,24.15203745028564,36.56192787586563,34.89286782424168,22.068697673401573
A327,22.950531170323703,24.200632119843483,26.61439101313423,19.052557439881923,21.27809016335818,33.7037735276037,31.705610371036858,19.052557439881923
A328,21.671421019397876,21.808758126037347,25.65883631422127,16.75550336456652,18.603062247920366,31.660913284363737,30.185116746502736,16.75550336456652
A329,22.726956527436755,22.903078504864798,27.39039850020441,19.54901294183417,21.45535501920208,33.38758023577031,32.30708050876773,19.54901294183417
A330,21.221601117729076,22.652870546577535,25.8384230749479,19.57381733336653,21.628689026383455,32.95304448757353,31.355127268119965,19.57381733336653
A331,18.0515044248395,19.259235239230033,22.72025415790941,16.265015155234256,18.25154311284391,29.485867038294806,27.994708964373963,16.265015155234256
A332,18.545014667020354,18.537039380656235,23.09015985219678,16.61525148771453,18.07879901984642,29.38014108203022,28.664594799159467,16.61525148771453
A333,19.9441610001524,20.697305911639802,24.303950687079663,18.813378936278298,20.499255205982486,31.478367953246877,30.591896574092946,18.813378936278298
A334,17.142113230287567,18.966354051319406,21.437778732881817,17.82475528583773,19.805831615966042,29.634176232856554,28.441583746338743,17.142113230287567
A335,15.321845058608313,16.022170327393226,19.545081862197456,15.70113285721766,17.601361708686063,27.026718983258032,26.418804022892484,15.321845058608313
A336,17.15942668039932,17.28803835025825,21.492672355944944,17.155558078943397,18.861830186914524,28.38339181634218,27.909879648611888,17.155558078943397
A337,18.307015294689627,19.299011399551016,22.181936164365816,19.739937335260212,21.499405875512004,30.452128168651857,29.997177683908866,18.307015294689627
A338,13.27974446290289,16.87614686473189,17.203500632138798,16.62021973380617,18.93688134303006,26.81464760163743,25.22112469736431,13.27974446290289
A339,14.918213029716394,14.698440801663285,18.685167941444895,16.75782148729363,18.562386969352836,25.9322462389975,26.086397259874733,14.698440801663285
A340,17.46731516289782,17.57353478956354,20.976895432832762,19.94522213463666,21.7643225715849,28.741040621383213,28.947735956374895,17.46731516289782
A341,17.62400235474337,19.377936371038064,20.596321928927015,21.993536186798156,23.86603974269715,29.830964768173352,29.722464063398245,17.62400235474337
A342,11.696260684509387,14.577750821028598,14.69026480360378,17.414958455305026,19.49109707020105,24.392853994561605,23.897808790765733,11.696260684509387
A343,16.443699158036186,15.020596026789349,19.17067515764638,19.473992040667984,21.53141381795445,25.774948341364336,27.21835757352012,15.020596026789349
A344,19.262713204530662,19.80071041654819,21.992361810410447,23.670829601008915,25.720605999859334,30.288964260931735,31.023336845026844,19.262713204530662
A345,17.997824896359003,20.26522035409435,20.17120048484968,24.4448902840655,26.567969775652784,29.530543797905242,30.07889286526351,17.997824896359003
A346,16.06851558172067,17.091838110630466,18.223080118355405,22.572681475624467,24.80129186151399,26.166872854813963,27.538539794259247,16.06851558172067
A347,13.324447643335915,13.643141646996119,15.631261785281442,19.108207582083672,21.334844128795503,22.975154819935383,24.454742157708395,13.324447643335915
A348,15.009872950828065,14.007131362274002,17.4319331687567,20.251250479908638,22.328271160123432,23.10621500808819,25.503475704303522,14.007131362274002
A349,14.61650741456385,14.592102315979009,16.931178015719993,21.68640262929746,23.857740274384746,22.833991087849707,25.290700504335582,14.592102315979009
A350,10.67649572659494,11.730321777342681,12.675694261065152,18.954129945740057,21.15327525467392,19.864927988794722,21.985096974996495,10.67649572659494
A351,9.588052878452434,9.1427972196697,12.019897586918118,14.733115420711263,16.971356251048412,18.379174655027356,20.11072681431479,9.1427972196697
A352,13.324232848460733,11.955018276857633,15.937529137228267,19.002588376323896,20.888052015446537,19.637128430603084,23.222900206477227,11.955018276857633
A353,12.459613356761919,11.93720993364865,14.987486146782587,20.218091131459467,22.052544773789712,18.367826109804064,21.83543297028937,11.93720993364865
A354,8.908444252505598,8.615592028409887,11.479757706502346,17.009794501992083,18.849712517701693,15.039127002588947,18.572301688266858,8.615592028409887
A355,10.898600781751755,8.202175930812507,13.698213642661585,14.791074673599617,16.29302814089511,15.21699135834676,19.400837224202466,8.202175930812507
A356,13.386606627521404,11.065286349661267,16.163254406214115,19.450541097871803,20.51911954738799,16.85268646240118,21.339152794804203,11.065286349661267
A357,12.280196496799228,10.83661187825789,14.609210587844917,19.905104521202595,20.766681318881936,14.5276326357738,18.87272325341523,10.83661187825789
A358,9.03486369570676,6.213574575073514,11.48911380394502,14.896647475187162,15.513853841002886,9.731326219996944,13.88206472395227,6.213574575073514
A359,12.967693202724993,8.97997138080072,15.593106842448044,16.954635029985162,17.021882240222435,13.398880363672182,18.004285212137695,8.97997138080072
A360,15.282838577960574,12.650067667803203,17.769996876758306,21.282418777009347,21.630776985582372,15.214565685552776,20.090682517027638,12.650067667803203
A361,13.443744939562043,12.437074937460174,15.223790953635694,20.821580271439533,20.645513168725063,12.294395999804138,17.4233008353756,12.294395999804138
