,A149,min dist
A1,49.25625278073841,49.25625278073841
A2,44.689258910838966,44.689258910838966
A3,45.21916024209207,45.21916024209207
A4,42.038980363467424,42.038980363467424
A5,41.43182425382692,41.43182425382692
A6,37.80832424215598,37.80832424215598
A7,40.05417581226706,40.05417581226706
A8,38.2103111214761,38.2103111214761
A9,34.58570949106003,34.58570949106003
A10,32.34650338135484,32.34650338135484
A11,29.4050643767362,29.4050643767362
A12,26.88829421886037,26.88829421886037
A13,26.134076318094735,26.134076318094735
A14,22.494845742969655,22.494845742969655
A15,19.87317750134588,19.87317750134588
A16,24.778271307740578,24.778271307740578
A17,19.000259603489635,19.000259603489635
A18,23.2537392476995,23.2537392476995
A19,19.449474774399437,19.449474774399437
A20,25.33769328490658,25.33769328490658
A21,23.56662697544984,23.56662697544984
A22,28.38540868122212,28.38540868122212
A23,31.501022872281467,31.501022872281467
A24,27.582672423099254,27.582672423099254
A25,25.122941567420007,25.122941567420007
A26,27.668533210128793,27.668533210128793
A27,26.756978790588448,26.756978790588448
A28,23.613595342514024,23.613595342514024
A29,21.349653065096867,21.349653065096867
A30,16.54768083448554,16.54768083448554
A31,16.259606545055142,16.259606545055142
A32,14.381122661322378,14.381122661322378
A33,11.419441580042346,11.419441580042346
A34,9.817808971455902,9.817808971455902
A35,8.553650039602976,8.553650039602976
A36,8.68213625785728,8.68213625785728
A37,12.69580974180064,12.69580974180064
A38,14.846084500635175,14.846084500635175
A39,13.241129974439492,13.241129974439492
A40,17.96386709481007,17.96386709481007
A41,20.43747415900507,20.43747415900507
A42,23.076230541403422,23.076230541403422
A43,26.5377139558026,26.5377139558026
A44,27.140682323773657,27.140682323773657
A45,30.378494712542953,30.378494712542953
A46,31.448433426802044,31.448433426802044
A47,27.48718796093918,27.48718796093918
A48,29.949051737909834,29.949051737909834
A49,25.931582443036522,25.931582443036522
A50,23.212424776399384,23.212424776399384
A51,20.892955391710384,20.892955391710384
A52,17.33687667949449,17.33687667949449
A53,17.481747681510566,17.481747681510566
A54,9.65221099023431,9.65221099023431
A55,15.264237845369156,15.264237845369156
A56,13.397347722590467,13.397347722590467
A57,16.503449881767146,16.503449881767146
A58,15.49960467237794,15.49960467237794
A59,18.48039233890883,18.48039233890883
A60,19.362895367170687,19.362895367170687
A61,16.21043380048788,16.21043380048788
A62,15.48510164642131,15.48510164642131
A63,11.885455060703398,11.885455060703398
A64,11.629332783956267,11.629332783956267
A65,14.70346170124573,14.70346170124573
A66,12.776680554823306,12.776680554823306
A67,6.764295824400349,6.764295824400349
A68,12.056755824018333,12.056755824018333
A69,14.406815956345108,14.406815956345108
A70,10.856714281954739,10.856714281954739
A71,9.729415038942475,9.729415038942475
A72,13.824162144593068,13.824162144593068
A73,15.629860428039656,15.629860428039656
A74,10.559795357865607,10.559795357865607
A75,12.132500195755203,12.132500195755203
A76,16.82117371053518,16.82117371053518
A77,17.7104735679202,17.7104735679202
A78,14.014336766326117,14.014336766326117
A79,17.958293599337324,17.958293599337324
A80,15.759186876231908,15.759186876231908
A81,16.229337940901964,16.229337940901964
A82,11.946658486790353,11.946658486790353
A83,12.157128649479693,12.157128649479693
A84,11.454257068880548,11.454257068880548
A85,15.323041767221023,15.323041767221023
A86,16.10272067074381,16.10272067074381
A87,20.020639275507666,20.020639275507666
A88,20.586455887306098,20.586455887306098
A89,19.57578631881744,19.57578631881744
A90,22.113923102877973,22.113923102877973
A91,23.4383004929965,23.4383004929965
A92,26.103407689418635,26.103407689418635
A93,29.507558709591684,29.507558709591684
A94,28.414519967791115,28.414519967791115
A95,26.76440148779718,26.76440148779718
A96,28.774447501211906,28.774447501211906
A97,27.16320654856492,27.16320654856492
A98,23.13195032849587,23.13195032849587
A99,21.119520567475014,21.119520567475014
A100,20.766724175950337,20.766724175950337
A101,17.923529618911562,17.923529618911562
A102,19.042716350352965,19.042716350352965
A103,14.783241525457129,14.783241525457129
A104,18.924458671253984,18.924458671253984
A105,13.603131587983702,13.603131587983702
A106,16.799381833865198,16.799381833865198
A107,18.322647925450074,18.322647925450074
A108,15.188510591891491,15.188510591891491
A109,17.594676069766106,17.594676069766106
A110,13.860639812072169,13.860639812072169
A111,11.168328433566055,11.168328433566055
A112,10.924871623959708,10.924871623959708
A113,10.591364218078802,10.591364218078802
A114,13.416451468253443,13.416451468253443
A115,15.38864678911047,15.38864678911047
A116,13.003458155429271,13.003458155429271
A117,15.523930172478876,15.523930172478876
A118,19.390225630456186,19.390225630456186
A119,19.658701126981914,19.658701126981914
A120,21.68227130629999,21.68227130629999
A121,16.79973681341467,16.79973681341467
A122,21.580788238616307,21.580788238616307
A123,21.737727503122308,21.737727503122308
A124,21.386835997874954,21.386835997874954
A125,18.192606767585563,18.192606767585563
A126,17.079816655924617,17.079816655924617
A127,18.524509548163483,18.524509548163483
A128,17.16270546854429,17.16270546854429
A129,13.845311336333321,13.845311336333321
A130,13.851113276556507,13.851113276556507
A131,15.78262877343315,15.78262877343315
A132,13.548982286504032,13.548982286504032
A133,9.796559855377804,9.796559855377804
A134,12.882251433658636,12.882251433658636
A135,14.829655761345236,14.829655761345236
A136,12.31745286169182,12.31745286169182
A137,8.639235787961804,8.639235787961804
A138,13.525891135152612,13.525891135152612
A139,14.098392638879087,14.098392638879087
A140,9.24516787300263,9.24516787300263
A141,9.360931310505382,9.360931310505382
A142,14.901321485022729,14.901321485022729
A143,14.888221989210129,14.888221989210129
A144,12.912801903537437,12.912801903537437
A145,9.561947970994193,9.561947970994193
A146,6.250147998247722,6.250147998247722
A147,3.0802275889940334,3.0802275889940334
A148,1.3319054020462564,1.3319054020462564
A149,0.0,0.0
A150,1.3406274650326988,1.3406274650326988
A151,2.681628982540277,2.681628982540277
A152,6.588362543151371,6.588362543151371
A153,6.466696993056038,6.466696993056038
A154,3.0513213531190053,3.0513213531190053
A155,7.198787745169321,7.198787745169321
A156,10.183525028201188,10.183525028201188
A157,13.672373385773227,13.672373385773227
A158,17.11423430948636,17.11423430948636
A159,20.699273658754304,20.699273658754304
A160,21.362292479975082,21.362292479975082
A161,17.893179622414795,17.893179622414795
A162,16.098854897165822,16.098854897165822
A163,11.435662945365257,11.435662945365257
A164,10.035982363475934,10.035982363475934
A165,7.035333254366846,7.035333254366846
A166,5.58215540808387,5.58215540808387
A167,4.344723926787523,4.344723926787523
A168,7.160694728865349,7.160694728865349
A169,6.851971249209967,6.851971249209967
A170,3.9131323770094975,3.9131323770094975
A171,6.15350095474113,6.15350095474113
A172,8.08733985931097,8.08733985931097
A173,11.420726334169819,11.420726334169819
A174,12.334510813161582,12.334510813161582
A175,13.925676895576746,13.925676895576746
A176,15.976810601618833,15.976810601618833
A177,18.350428687090666,18.350428687090666
A178,16.438663540568008,16.438663540568008
A179,12.92594178387014,12.92594178387014
A180,17.30459531454001,17.30459531454001
A181,15.845225179845189,15.845225179845189
A182,18.197444023818292,18.197444023818292
A183,19.448654452172264,19.448654452172264
A184,17.115484100661597,17.115484100661597
A185,13.676705963059964,13.676705963059964
A186,12.622664378014653,12.622664378014653
A187,5.661398413819682,5.661398413819682
A188,6.581531812579804,6.581531812579804
A189,4.295416277847818,4.295416277847818
A190,4.920700051821894,4.920700051821894
A191,6.977934794765568,6.977934794765568
A192,8.03788087744525,8.03788087744525
A193,6.070761731446886,6.070761731446886
A194,6.916395882249656,6.916395882249656
A195,9.64347644783768,9.64347644783768
A196,13.22845709068144,13.22845709068144
A197,12.076652888942366,12.076652888942366
A198,9.449988148140717,9.449988148140717
A199,12.432507751857628,12.432507751857628
A200,16.370387014362244,16.370387014362244
A201,16.486976102366377,16.486976102366377
A202,12.667501292678049,12.667501292678049
A203,9.882613115972921,9.882613115972921
A204,8.417803692175294,8.417803692175294
A205,10.622638184556603,10.622638184556603
A206,9.775198463458429,9.775198463458429
A207,9.900512057464503,9.900512057464503
A208,10.429094208031684,10.429094208031684
A209,6.363783387262643,6.363783387262643
A210,4.675157109659525,4.675157109659525
A211,9.213422165514832,9.213422165514832
A212,9.50294917380915,9.50294917380915
A213,5.6809401510665465,5.6809401510665465
A214,8.244153686097803,8.244153686097803
A215,10.998346148398857,10.998346148398857
A216,9.994843570561772,9.994843570561772
A217,6.882048968148949,6.882048968148949
A218,12.3168961187468,12.3168961187468
A219,14.486178550604711,14.486178550604711
A220,10.837325638735786,10.837325638735786
A221,13.863270645846889,13.863270645846889
A222,17.27265830727859,17.27265830727859
A223,18.03283785209638,18.03283785209638
A224,17.061041410183613,17.061041410183613
A225,15.5459805737689,15.5459805737689
A226,12.763479580427902,12.763479580427902
A227,13.851962929491256,13.851962929491256
A228,12.303712488513376,12.303712488513376
A229,13.727919470917652,13.727919470917652
A230,12.789495768012122,12.789495768012122
A231,14.46450773445125,14.46450773445125
A232,14.553434268240608,14.553434268240608
A233,13.17818265164055,13.17818265164055
A234,16.498908024472406,16.498908024472406
A235,16.422914479470442,16.422914479470442
A236,11.488325552490231,11.488325552490231
A237,15.701143939216657,15.701143939216657
A238,18.389071591573078,18.389071591573078
A239,16.755308024623123,16.755308024623123
A240,14.123989910786543,14.123989910786543
A241,19.5266145043118,19.5266145043118
A242,21.46043995355174,21.46043995355174
A243,19.378016978008873,19.378016978008873
A244,18.49697245497219,18.49697245497219
A245,23.576676228849564,23.576676228849564
A246,25.467224308903397,25.467224308903397
A247,22.96947367703492,22.96947367703492
A248,25.854397575654318,25.854397575654318
A249,28.303235751411886,28.303235751411886
A250,25.95915907728908,25.95915907728908
A251,23.16324064115382,23.16324064115382
A252,24.96323320405432,24.96323320405432
A253,25.866387262236678,25.866387262236678
A254,22.22705812742658,22.22705812742658
A255,21.447219726575284,21.447219726575284
A256,23.194163878010347,23.194163878010347
A257,22.058832562037367,22.058832562037367
A258,25.736986323188656,25.736986323188656
A259,24.756566320877376,24.756566320877376
A260,21.54744154186292,21.54744154186292
A261,24.32153389488418,24.32153389488418
A262,26.973974957354727,26.973974957354727
A263,21.91508487321005,21.91508487321005
A264,22.240605162629908,22.240605162629908
A265,27.500434432932146,27.500434432932146
A266,28.06980878096607,28.06980878096607
A267,23.874515680951518,23.874515680951518
A268,28.364238082486896,28.364238082486896
A269,29.670984917929502,29.670984917929502
A270,24.946670419116057,24.946670419116057
A271,26.95239870586661,26.95239870586661
A272,22.621069492842285,22.621069492842285
A273,24.35207697507545,24.35207697507545
A274,25.35435280183661,25.35435280183661
A275,18.939920036790017,18.939920036790017
A276,25.537744477537558,25.537744477537558
A277,26.189265644534597,26.189265644534597
A278,21.62909679112838,21.62909679112838
A279,18.881335996162985,18.881335996162985
A280,26.074873518389307,26.074873518389307
A281,26.110755561645473,26.110755561645473
A282,23.22361145472426,23.22361145472426
A283,24.114214687606978,24.114214687606978
A284,25.023188326030716,25.023188326030716
A285,22.51917247591483,22.51917247591483
A286,19.925268856404422,19.925268856404422
A287,21.43145450033665,21.43145450033665
A288,21.438729883087756,21.438729883087756
A289,17.973932763866678,17.973932763866678
A290,15.889379912381727,15.889379912381727
A291,19.17659662192434,19.17659662192434
A292,17.52462624423129,17.52462624423129
A293,14.089354456468188,14.089354456468188
A294,13.477315199994397,13.477315199994397
A295,16.407751460818755,16.407751460818755
A296,17.00532110840604,17.00532110840604
A297,17.845714919834396,17.845714919834396
A298,15.118966697496226,15.118966697496226
A299,17.97964574178257,17.97964574178257
A300,19.36102523111832,19.36102523111832
A301,12.279486349192297,12.279486349192297
A302,15.358914870523893,15.358914870523893
A303,16.152931065289668,16.152931065289668
A304,13.994839155917441,13.994839155917441
A305,17.440195354410456,17.440195354410456
A306,19.564761051441444,19.564761051441444
A307,16.68119282305675,16.68119282305675
A308,17.714792011197872,17.714792011197872
A309,21.4312420778638,21.4312420778638
A310,21.47656627582724,21.47656627582724
A311,24.585147650563336,24.585147650563336
A312,19.797667817195034,19.797667817195034
A313,18.460700772180886,18.460700772180886
A314,24.51318139287514,24.51318139287514
A315,24.3605839626229,24.3605839626229
A316,22.019293948716886,22.019293948716886
A317,22.82794701675996,22.82794701675996
A318,24.016137116530626,24.016137116530626
A319,24.504784777671482,24.504784777671482
A320,25.95053080381979,25.95053080381979
A321,22.071118820757594,22.071118820757594
A322,20.818870310369867,20.818870310369867
A323,18.84272437839072,18.84272437839072
A324,19.526857632501958,19.526857632501958
A325,17.80165896763557,17.80165896763557
A326,21.12615786175991,21.12615786175991
A327,19.159137637169373,19.159137637169373
A328,18.33160047568133,18.33160047568133
A329,15.002779542471457,15.002779542471457
A330,17.845047436193607,17.845047436193607
A331,13.588195833148712,13.588195833148712
A332,20.54907854381797,20.54907854381797
A333,19.116522408639078,19.116522408639078
A334,18.11948023537099,18.11948023537099
A335,15.644473560973536,15.644473560973536
A336,14.555965752913822,14.555965752913822
A337,19.625317678957455,19.625317678957455
A338,20.361267224807005,20.361267224807005
A339,21.863296823672318,21.863296823672318
A340,20.572421977006012,20.572421977006012
A341,23.131101897661512,23.131101897661512
A342,22.915756871637473,22.915756871637473
A343,18.16412932127494,18.16412932127494
A344,21.387469345390073,21.387469345390073
A345,23.76599187915371,23.76599187915371
A346,21.528136240743184,21.528136240743184
A347,17.678928757139104,17.678928757139104
A348,22.80540317556346,22.80540317556346
A349,24.536644147071133,24.536644147071133
A350,20.733729307579956,20.733729307579956
A351,20.942621540771825,20.942621540771825
A352,25.442590611020726,25.442590611020726
A353,21.95674374765074,21.95674374765074
A354,22.442395995080382,22.442395995080382
A355,26.55612769211656,26.55612769211656
A356,30.872408360864885,30.872408360864885
A357,34.15882194982725,34.15882194982725
A358,29.501976086357335,29.501976086357335
A359,29.657595907288236,29.657595907288236
A360,36.860216629857185,36.860216629857185
