,A61,A63,A159,A319,min dist
A1,56.19382202698087,59.17156889926107,60.53553120275728,57.23260871216687,56.19382202698087
A2,58.10565763331485,61.007203705791994,61.60272115742941,59.157028737082456,58.10565763331485
A3,57.91655826272828,60.20207748076472,60.73219735033469,58.806656570493786,57.91655826272828
A4,60.17965259122056,62.44673424607567,62.57725729048853,61.06637442979565,60.17965259122056
A5,60.25260390223812,61.90316674452124,61.644975796896865,60.93103881438425,60.25260390223812
A6,62.867304865088656,64.76543301021,64.82567883948458,63.697957243541175,62.867304865088656
A7,64.22430736099845,66.01260512962656,66.04194498952918,65.0395534886272,64.22430736099845
A8,66.71424731644659,68.51563917092214,68.53636368381386,67.56538786242554,66.71424731644659
A9,68.32757665101258,70.04162977115824,70.34664362284813,69.22074218758421,68.32757665101258
A10,70.09931118777132,71.8042933674582,72.91868470426492,71.17299901648096,70.09931118777132
A11,71.51473383156788,73.35858470554076,74.74408836155538,72.68892642624459,71.51473383156788
A12,73.44565330909651,75.15891218611404,76.91420392879327,74.67940422901083,73.44565330909651
A13,72.9743297947984,74.95985652334187,77.99100582118427,74.53417886446458,72.9743297947984
A14,75.08065848139587,76.90308682361197,79.98343669785638,76.62254998366997,75.08065848139587
A15,75.23126272368422,76.95871135875392,81.00107735703271,76.94307631619625,75.23126272368422
A16,75.10206618995247,77.00659813938024,81.42584194222373,76.93509853116458,75.10206618995247
A17,73.03996639511823,74.94078410318377,80.51462692579528,75.08924909066543,73.03996639511823
A18,71.66352771807985,73.71708229440446,79.90360234057034,73.86706828485883,71.66352771807985
A19,71.06634963891139,73.47601540638958,80.14878432640135,73.44613177696971,71.06634963891139
A20,68.44413776942478,70.62506164245097,78.07959734143101,70.91520655684505,68.44413776942478
A21,66.21298855209602,68.42377982836085,76.42364667431148,68.7833254866323,66.21298855209602
A22,62.93012374054258,65.43529118908236,73.70561445371716,65.55465658517328,62.93012374054258
A23,59.689325293556465,62.1109884400498,70.72620112801195,62.34875270604857,59.689325293556465
A24,57.7616490848383,60.3583888618641,69.56883282763914,60.52718031595392,57.7616490848383
A25,53.84369391117218,56.390658596969764,65.34216485547445,56.53566486740914,53.84369391117218
A26,50.97338075898046,53.617444968965096,63.37915349702929,53.79549689332742,50.97338075898046
A27,48.03724736077204,50.81370544449598,59.83573218403866,50.71615852960475,48.03724736077204
A28,46.07961933436517,48.972627262584155,59.10987958032059,48.9524355880277,46.07961933436517
A29,42.072814619419034,44.91097719934404,54.965651747250305,44.891553437144495,42.072814619419034
A30,40.409023126029666,43.51850237542648,54.32235190968815,43.41628969638009,40.409023126029666
A31,35.58339451204733,38.010035543261466,47.08499422321298,38.09810469039109,35.58339451204733
A32,34.772168842337116,38.027560860512736,49.94389306011297,37.89424513036247,34.772168842337116
A33,32.605966708564246,36.23053598830688,47.72169835619851,35.74691350312639,32.605966708564246
A34,29.32389165850945,33.084042210709384,45.46218171183605,32.50890271910143,29.32389165850945
A35,27.6021819608523,31.64408554532742,44.82514839908509,30.967565144841462,27.6021819608523
A36,24.670001601134928,28.856196717516326,42.14030837571078,28.03343305769024,24.670001601134928
A37,21.284029153334668,25.175407484289106,38.90752571161523,24.64317842730519,21.284029153334668
A38,17.564754965555313,22.19406846434425,36.95314262684569,21.396096232724325,17.564754965555313
A39,18.862095456231792,23.55352487420938,35.848275844174154,21.87589237036972,18.862095456231792
A40,14.094712129022003,19.28361252462826,32.793152486456684,17.901529683242153,14.094712129022003
A41,17.213410527841365,20.938231467819815,32.74085270728299,20.009767265013355,17.213410527841365
A42,18.05260781715484,22.254442927199953,32.40013558613606,20.598706391421768,18.05260781715484
A43,14.804785341233421,18.97473399023027,29.668956520241828,17.19895866033755,14.804785341233421
A44,13.038225262665161,17.582727660974562,25.282010758640222,15.096694770710574,13.038225262665161
A45,7.730034023211023,11.809992421674112,22.01073115550685,9.158322553830478,7.730034023211023
A46,11.919894001206554,16.600673420075463,25.516988086371008,13.369245191857317,11.919894001206554
A47,13.869994484497822,18.94111696811991,28.30600567017537,15.65010392936737,13.869994484497822
A48,11.286702397068863,16.15602593461647,29.031107815582924,14.07227689466065,11.286702397068863
A49,8.089698758297494,13.344400211324597,23.215731153681123,9.321728273233457,8.089698758297494
A50,12.969484299693647,18.62974889793204,28.809387740804212,14.626123649142311,12.969484299693647
A51,14.210528983820412,19.56269851017492,31.607599560865104,16.40400274323313,14.210528983820412
A52,8.078600683286679,14.329370572359416,29.323515239479732,11.603852722264275,8.078600683286679
A53,13.155855122340013,19.331131213666723,28.851244773839486,13.66202521590412,13.155855122340013
A54,15.999453521917555,22.163038803377123,32.93785337571348,16.655147912882672,15.999453521917555
A55,15.041572989551325,21.650190160827687,34.81267599596446,16.799203165626636,15.041572989551325
A56,13.788093196667912,20.51406795348012,33.19991852399641,14.311657940294687,13.788093196667912
A57,10.65383545958919,17.37445130068861,30.527970600745803,11.880643459005071,10.65383545958919
A58,8.225762274707433,15.036549770475938,29.007329522036322,9.733201837011293,8.225762274707433
A59,3.712559898506689,9.702125849523906,22.298534436146245,5.290558099104479,3.712559898506689
A60,1.3295435306901393,8.052663782873342,23.29620267339722,5.482360440540187,1.3295435306901393
A61,0.0,4.393354185585315,19.71582293489166,2.9325275787279472,0.0
A62,1.3342447301750906,1.3326728780912442,17.87496153842016,4.516257521444056,1.3326728780912442
A63,4.393354185585315,0.0,11.037234300312736,3.486581850466155,0.0
A64,6.7847262288171954,1.3319207934408117,13.62866930408101,6.674806514049678,1.3319207934408117
A65,11.399115535865054,4.657081274790038,12.3922387404375,9.69361939628331,4.657081274790038
A66,14.558041248739475,8.05911843814198,13.081525943100063,12.347809400861353,8.05911843814198
A67,16.429605503480598,10.307754362614585,16.743481238977754,15.634356878362473,10.307754362614585
A68,20.224157188866982,13.401541291955937,11.792924573658564,18.566901841718234,11.792924573658564
A69,21.66467507256917,15.672674085809351,19.97783023754081,21.15743847917323,15.672674085809351
A70,22.18986356424933,16.871389213695473,23.320766046594613,22.39237667153712,16.871389213695473
A71,21.005028445588927,15.664187211598307,24.48493843161547,21.673386629689418,15.664187211598307
A72,17.854279879065412,12.321376992852706,21.865494826323964,18.244303604139017,12.321376992852706
A73,17.61943373096877,12.989659656819343,22.168771932608266,18.32688639676691,12.989659656819343
A74,18.46781429947789,14.569619830318153,24.67737486038578,19.975974294136446,14.569619830318153
A75,16.052281738120595,11.941524525788154,24.236318635469374,17.759128835615783,11.941524525788154
A76,12.205224782854268,7.216861714069351,18.875051311188535,12.926947512850822,7.216861714069351
A77,14.809690273601268,11.66779439311475,23.542180633917496,16.52897979307858,11.66779439311475
A78,15.256212734489514,12.961738849398253,26.48913282838832,17.900689679450903,12.961738849398253
A79,11.486468604405795,8.026970225433752,21.017299279403147,13.884995858839858,8.026970225433752
A80,10.25192513628538,6.8258605318304015,20.322859764314668,11.370206902251164,6.8258605318304015
A81,13.22739415002063,12.53353920486947,27.207771500069605,16.23166115959793,12.53353920486947
A82,12.229656168511033,12.684394940240546,26.901023103220442,15.987087226884077,12.229656168511033
A83,7.394730353434126,7.3969776260307825,23.0108844028212,10.118789403876335,7.394730353434126
A84,10.045161920048875,11.127621354090012,27.272952242102427,14.067488972805345,10.045161920048875
A85,11.661605163955777,13.481545349105941,29.88936754098353,15.759998128172478,11.661605163955777
A86,8.924091494376333,12.939212727210261,29.622820814365397,12.994197551214928,8.924091494376333
A87,6.93580831626711,11.755482380574607,28.196203627438926,11.41843973579578,6.93580831626711
A88,4.723591006850614,8.242158030516038,24.655685875675818,9.157380957457214,4.723591006850614
A89,4.985764033726426,10.01619154169887,24.79964215467635,9.033784865713816,4.985764033726426
A90,3.154105895495583,6.141225366325519,18.79724346812585,3.380425712835589,3.154105895495583
A91,5.0701524631908255,5.392395664266487,18.78427185173809,6.051869380612902,5.0701524631908255
A92,5.446678712756977,3.6804492932249464,15.366544113755703,3.0774235977518583,3.0774235977518583
A93,9.473616838356934,5.236681773795311,13.392667919425165,7.326976183938364,5.236681773795311
A94,11.44642516246885,3.3342756334772328,10.139732146363631,7.4696086242854784,3.3342756334772328
A95,14.901652727130639,7.599800721071572,7.393684872916886,11.020934170931246,7.393684872916886
A96,18.286444651708543,10.331895615035993,5.731609285357822,14.254939144030043,5.731609285357822
A97,21.654122609794193,13.495855993600406,6.441829631401315,17.334958494325853,6.441829631401315
A98,23.680390410633013,15.23248170850699,8.780880308943974,19.608898541223574,8.780880308943974
A99,22.370128743482905,14.765897907001795,11.299910884604357,19.160430005613133,11.299910884604357
A100,23.05834673171518,16.380976222435585,13.026815497273308,20.166698143226125,13.026815497273308
A101,19.842325619745285,13.243444642539192,11.605888634654393,16.705280542391378,11.605888634654393
A102,21.926858438910028,16.04366731766774,14.991375687374394,19.18015341440209,14.991375687374394
A103,23.209411065341573,18.146249033891273,17.48132801019419,21.26130424033295,17.48132801019419
A104,24.938026465620734,19.95814172211431,21.031432523725055,23.41793767606362,19.95814172211431
A105,22.1984633026703,16.928085302242543,18.47449647487043,20.84698791192627,16.928085302242543
A106,19.986295329550195,14.672459166751835,21.233927780794584,19.2477751701333,14.672459166751835
A107,19.413016870131237,13.320291776083586,17.01113194352451,17.686961186139353,13.320291776083586
A108,18.06160529964045,12.793529653696043,16.966869393025927,16.480150909503227,12.793529653696043
A109,15.851954485173113,10.270101898228663,13.153287763901465,13.90970628733763,10.270101898228663
A110,17.705595273811042,12.977279106191714,16.805890544687003,15.867902098261132,12.977279106191714
A111,17.776510034312132,13.756379392848977,19.65899984739814,17.133339458494365,13.756379392848977
A112,13.911955326265248,9.1226295551228,18.92875518886543,13.401077456682355,9.1226295551228
A113,13.784236431518433,10.873966019810805,18.699861764194942,12.723339577327959,10.873966019810805
A114,15.959488024369703,13.321302826675774,21.52061193367884,15.508620119146642,13.321302826675774
A115,15.723690565512921,13.659609584464704,23.823108235492697,16.53726461661662,13.659609584464704
A116,12.088920340543236,10.453067205370873,22.7004664489521,12.912512497573816,10.453067205370873
A117,13.553247913323212,13.38798883327888,23.81631081842862,14.4512010227524,13.38798883327888
A118,16.736388917565222,16.238760820949363,26.614737515143748,17.94629588522378,16.238760820949363
A119,17.268547854408602,16.64822098603932,28.62655260418201,19.289322668253543,16.64822098603932
A120,13.784099934344642,13.375387321494657,26.80643566384759,16.113715183035847,13.375387321494657
A121,12.575493668242213,14.303625729163917,28.315680073061994,15.6977828689277,12.575493668242213
A122,9.264548396980826,10.00629107112121,24.820275139490295,12.458365783681261,9.264548396980826
A123,7.45245040238444,9.313401634204336,22.693689893889005,9.545320790837781,7.45245040238444
A124,9.07282921695322,9.07009928280832,19.946943374863224,9.596061171126413,9.07009928280832
A125,6.71628386833076,7.419979919110295,16.40545092339738,6.396059020990972,6.396059020990972
A126,11.23934010518411,9.077291280993466,14.178444660822286,9.76741122304165,9.077291280993466
A127,9.251832683311994,3.2749847327888406,10.370499939732897,5.686712055309289,3.2749847327888406
A128,15.234723922670865,9.841207293823253,9.09643320208531,12.056221422983239,9.09643320208531
A129,17.980553328526906,10.63767766009104,5.51430503327482,13.822348497994108,5.51430503327482
A130,20.873667478428416,14.51837973053467,7.526077198647381,17.24567105102031,7.526077198647381
A131,22.883666686088574,15.23895052160745,3.8275456888194026,18.540957391677487,3.8275456888194026
A132,26.48113173563396,19.28083872656996,6.833893546141905,22.42432915384538,6.833893546141905
A133,23.232426240063692,17.00580609674237,9.593458083506698,19.888110845427224,9.593458083506698
A134,27.82420072526792,22.24093212974672,13.10890845951714,24.780972539430326,13.10890845951714
A135,27.872815322460703,23.25319440421036,15.925492300082908,25.25713677359332,15.925492300082908
A136,28.36785924245959,23.833176666151743,18.008459956364955,25.9029785545987,18.008459956364955
A137,25.39686957087428,20.566219584551753,13.442180998632624,22.78475547378115,13.442180998632624
A138,22.60697080548387,17.105696741144452,11.86314616785952,19.539638097979196,11.86314616785952
A139,25.104128007162487,21.338205196313957,17.360901733492994,23.119161295341144,17.360901733492994
A140,24.664045957628282,21.30232055434337,19.211273487200167,22.873286362042514,19.211273487200167
A141,21.188861814642145,17.730164156036455,14.11402490432832,19.4651149238837,14.11402490432832
A142,19.651071344840208,16.928632224725067,16.831788051184578,17.810352579328686,16.831788051184578
A143,23.32402310923225,21.054958323397365,20.784278770262873,21.929502821541575,20.784278770262873
A144,21.518554621535344,19.39430537554774,20.940779474508584,20.608138998948938,19.39430537554774
A145,18.44651809963062,16.401288485969634,19.208816465362982,17.2657869788782,16.401288485969634
A146,20.107609231333296,19.062454485191566,22.18999146011553,19.507727981494924,19.062454485191566
A147,22.158770836849232,21.350339458659665,24.76196868183142,21.875175953578065,21.350339458659665
A148,18.87248902503324,18.242659263385917,22.60746984958733,19.265748467163167,18.242659263385917
A149,16.470752411471675,17.28731025926243,24.72833868257227,17.333009230944292,16.470752411471675
A150,13.794920441959786,12.89020950178856,19.726429859455056,13.54664283134386,12.89020950178856
A151,12.995865265537342,15.56278259181179,21.751958325631282,14.269714818453801,12.995865265537342
A152,10.373625884906396,11.95360502108046,18.040156845216174,10.904430108905277,10.373625884906396
A153,12.697905693459848,10.887365016384818,14.697435694705387,10.84104169349053,10.84104169349053
A154,9.895838468770599,5.463878018404144,11.335826833539757,6.6020247651762105,5.463878018404144
A155,14.189377752389285,10.711986230386968,10.359107828379818,11.666378744066215,10.359107828379818
A156,13.799336034751818,7.1085143314197525,7.147394000613091,9.776210104125218,7.1085143314197525
A157,18.552004366105564,12.410913181551145,4.577451474346835,14.77152673219664,4.577451474346835
A158,19.467536310483666,12.341331451670843,1.329874430162487,15.225115894468587,1.329874430162487
A159,19.71582293489166,11.037234300312736,0.0,14.778008729189464,0.0
A160,24.51268418594749,16.32327304801338,1.3450728604800557,19.759084341132812,1.3450728604800557
A161,27.143594050899008,18.354240545443442,3.7262961503348064,22.344251206965964,3.7262961503348064
A162,28.357990020451023,19.531888003979542,6.313325193588556,23.422179872932407,6.313325193588556
A163,30.138225196583825,21.755028246361803,8.322964255600285,25.334218164372075,8.322964255600285
A164,30.05749971304999,21.997686651100384,6.972392128961194,25.34584977861267,6.972392128961194
A165,24.760357146051025,17.509752882322466,4.715665064442128,20.43067992015929,4.715665064442128
A166,30.281194081475718,23.045201040563736,8.282047452170264,26.035652229202938,8.282047452170264
A167,31.378202768801145,24.654266851804778,10.768169807353521,27.447496880407876,10.768169807353521
A168,30.046605581995447,23.164720309125254,9.999507487871588,26.190061225587087,9.999507487871588
A169,34.10207179923238,27.634812121670013,14.93803862627219,30.38372724008692,14.93803862627219
A170,31.801397516461446,26.292720285280488,16.14982591237441,28.71434944413681,16.14982591237441
A171,28.96562516156004,23.214763686068395,13.424006927888556,25.66742505589526,13.424006927888556
A172,25.034119796789344,19.71049542756346,9.874484594144649,22.085787873653047,9.874484594144649
A173,25.119799262732972,19.073217321679106,9.134159238813387,21.406216924062036,9.134159238813387
A174,22.39907205667235,17.310457561832386,10.247478031203583,19.204741628045927,10.247478031203583
A175,18.744208332175567,14.065844233461425,9.858770714445084,15.66640743757164,9.858770714445084
A176,21.117099848227266,17.169661208072803,12.569971201239882,18.499829999218914,12.569971201239882
A177,23.240052581696112,19.27985487497248,13.264321882403186,20.73515758319671,13.264321882403186
A178,18.93415477384718,14.217397546667955,11.096813010950486,16.088642236062057,11.096813010950486
A179,18.225413548120105,15.83787570982927,14.689828385655158,16.32377361396561,14.689828385655158
A180,22.449760622331816,19.97047080065966,17.28822275423359,20.60724887023981,17.28822275423359
A181,23.88421991608686,21.13674925337385,17.123241690754703,22.02347463503432,17.123241690754703
A182,18.538755756522605,15.868639922816323,15.638743203979022,16.532905945416857,15.638743203979022
A183,17.628645693869963,18.59577374028841,20.2858635754064,17.200995697924004,17.200995697924004
A184,25.282269854583863,23.806530553610703,21.615631496673885,23.945087450247488,21.615631496673885
A185,25.87866404975342,24.20224291258974,21.866933141160878,24.771963305317566,21.866933141160878
A186,22.614613859184065,21.641987570461268,20.945345377911533,21.836952305667566,20.945345377911533
A187,21.885947751925208,22.249778807889303,23.79222921459862,21.449489527725362,21.449489527725362
A188,19.921234424603313,22.040355804750522,25.659792088011937,20.15771601645385,19.921234424603313
A189,18.090715546931804,20.133010728651588,24.223927220828582,18.626610775983913,18.090715546931804
A190,16.241513045279987,16.978494809611362,20.644832622232617,16.265975101419524,16.241513045279987
A191,12.988297694463274,14.142105394883748,19.35415740868096,12.877722197655919,12.877722197655919
A192,12.939557643134483,13.191939660262246,16.435019714013123,12.05390700146637,12.05390700146637
A193,9.362287861415073,8.841252739289835,14.133540179303981,7.771041757705334,7.771041757705334
A194,11.512239182713326,9.894241304920756,12.871333419657809,9.476488854000726,9.476488854000726
A195,12.589555830131578,8.686242052809718,9.519029572388144,9.536861852831883,8.686242052809718
A196,12.926705690159423,10.300624835416539,11.835576792028345,9.739892247863937,9.739892247863937
A197,15.379001885688162,10.231001124034734,6.102070222473682,11.950438025444926,6.102070222473682
A198,14.323802358312545,12.586709895759098,13.848990324207755,10.846144291867041,10.846144291867041
A199,18.48156219046431,16.019010986949226,14.475208426824121,14.786556698569145,14.475208426824121
A200,20.089689893076997,16.1565104524461,11.411941158278024,16.418158483825156,11.411941158278024
A201,19.709214646961456,13.889701868650745,5.527852566774914,15.542840473993161,5.527852566774914
A202,21.17359291664974,15.335962734696508,7.337851797358678,16.750917676354334,7.337851797358678
A203,24.410250490316564,17.69173374771393,5.933928715446453,20.10324702628906,5.933928715446453
A204,24.45281124942488,19.829833357847463,11.190523580244134,20.67473448438939,11.190523580244134
A205,27.842026704246944,23.065152134768155,14.650560194067664,24.01563809270951,14.650560194067664
A206,25.713209465175677,22.212339115905824,16.19309297200507,22.282317226895408,16.19309297200507
A207,20.98724481679289,19.215028103023947,16.937017830775286,17.901997011506847,16.937017830775286
A208,25.657062614414773,23.446970998404037,18.906195016448972,22.85269946855294,18.906195016448972
A209,24.821578777346136,21.763524278020782,16.51030232915194,21.900498738613237,16.51030232915194
A210,20.08314253298024,16.540707421389207,11.924832829016935,16.59423538461474,11.924832829016935
A211,20.20501135857142,19.217661148016944,16.503189206938153,17.566687394042166,16.503189206938153
A212,23.791861970009833,21.75262110643221,18.073539775041304,21.385927756354175,18.073539775041304
A213,21.296659010276706,18.76248749499916,14.671338384755492,19.029649996781338,14.671338384755492
A214,16.283660798481403,15.032223421703124,15.402640358068481,14.203628726490985,14.203628726490985
A215,20.762124578183226,19.539901253588766,18.096026856743997,18.867685470136497,18.096026856743997
A216,22.041612577123303,20.36055817014848,18.167494764000896,20.4827396849152,18.167494764000896
A217,16.763561137180847,13.874494116903868,12.376460156280551,14.155393212482656,12.376460156280551
A218,16.878544664751164,16.9377446550596,18.13829346989402,15.583388463360594,15.583388463360594
A219,20.797286385487897,20.59711322006072,20.79728604890552,19.778141191729826,19.778141191729826
A220,21.56388186296707,20.65632740832697,18.849517977921877,20.51455446749941,18.849517977921877
A221,17.977070784752446,18.345390320186702,20.360179223179742,17.263553805633418,17.263553805633418
A222,15.647676824372363,15.49235647020814,17.91645246693664,14.596135550206434,14.596135550206434
A223,13.144907264792703,15.762201210490874,20.448587579586032,13.01363550281012,13.01363550281012
A224,7.087921063330206,10.26470696123372,17.4810757392101,6.813824550133354,6.813824550133354
A225,8.865002989283196,10.493021395194045,15.60017086444889,7.295159491059808,7.295159491059808
A226,5.966079198267485,5.980975505718111,13.035911859168118,3.671933278260923,3.671933278260923
A227,9.157148082236084,7.328944603420058,12.99568389889505,5.4542424771914915,5.4542424771914915
A228,11.523063221209886,7.76664264660091,8.14722234875175,7.537307078791469,7.537307078791469
A229,12.112567440472725,8.737184958555014,11.840348390144607,7.444714433744253,7.444714433744253
A230,11.753966139137887,12.015520546360028,15.737063703245276,7.6105535935305,7.6105535935305
A231,16.151424550175133,14.22683148139458,16.38629857533421,11.316736852997863,11.316736852997863
A232,17.23607603255451,17.70711416352196,21.12368341459415,12.760748802480204,12.760748802480204
A233,16.921587661918725,18.91606008131715,23.195467445171264,12.922140418676777,12.922140418676777
A234,18.95612811203807,20.621237329510567,23.26648073946724,15.055929961314247,15.055929961314247
A235,17.758130194364494,17.365761112027307,18.447824641404203,14.062652736948317,14.062652736948317
A236,11.590736430443062,13.848173417458348,19.284844904743206,8.690883326797112,8.690883326797112
A237,16.304779299334292,19.097792071336414,22.78590522669661,12.82605060024324,12.82605060024324
A238,19.597765127687392,20.825809708148206,22.21623768778143,16.373428779580653,16.373428779580653
A239,14.653022896317331,14.699408695590444,16.238964837698244,11.928659857670517,11.928659857670517
A240,14.889973673583174,17.642085477629905,21.44814737920271,12.345031146173751,12.345031146173751
A241,19.413615660149453,21.48981547152046,24.029476773329872,16.90368442085926,16.90368442085926
A242,21.275177132047578,22.130797545502062,21.99759089082257,18.809963157858657,18.809963157858657
A243,17.479097860015546,17.94687421251957,19.280331454619756,15.11711698704485,15.11711698704485
A244,19.500975796098,22.14997841985405,24.11602888122338,17.8243184722446,17.8243184722446
A245,23.075111744041454,24.87057751641485,26.08638006700048,21.115383823174984,21.115383823174984
A246,23.224636595649887,23.51721473729404,21.883334869256103,21.150425456713627,21.150425456713627
A247,22.08625242090654,23.77699396475509,25.191851797753973,20.6993161722797,20.6993161722797
A248,17.353008096580833,18.811026287791954,19.819613139514104,15.881652055123231,15.881652055123231
A249,17.048338159480533,20.705266455662915,24.595329536316445,16.566323370017862,16.566323370017862
A250,14.167296601680931,16.85157268625098,20.820998751260706,13.469579726182996,13.469579726182996
A251,11.120698269443336,14.504657045238956,20.540641591732232,10.364024797345866,10.364024797345866
A252,9.702968102596236,13.446734250367262,18.93974817678419,8.104608688888069,8.104608688888069
A253,4.899040110062377,9.875225010094708,17.33609581191798,3.7649066389486996,3.7649066389486996
A254,6.487417051492836,9.615603413202939,17.87673023793781,2.9878457122147406,2.9878457122147406
A255,7.673779577235718,7.925432038696693,15.863642614481705,3.380363737824673,3.380363737824673
A256,7.2055384947969,7.547005896380364,16.799511748857462,2.7277019631917265,2.7277019631917265
A257,9.386478839266617,8.31602170511838,15.011933053407876,5.381365161369372,5.381365161369372
A258,8.748011545488493,8.78968492040528,18.578548651603548,6.6760194727097675,6.6760194727097675
A259,13.398089042844878,12.469328490339807,19.483670419097116,10.938198114863344,10.938198114863344
A260,11.193867696198664,8.29515888937638,19.241071851640697,10.829901384592567,8.29515888937638
A261,17.708175569493317,14.702937971711641,19.43112235564379,16.034543648011937,14.702937971711641
A262,20.92764824341235,16.88927630184313,18.47446824674529,18.673590468894837,16.88927630184313
A263,20.171811470465414,14.623122546159559,15.703065942675016,17.83638657351875,14.623122546159559
A264,16.616217018322793,11.928854010339801,14.19985806267091,14.512074455431932,11.928854010339801
A265,18.189095579494875,13.774515345376038,14.484266567555292,14.648026863711031,13.774515345376038
A266,20.502928522530627,14.792846852448651,13.134923829242407,17.38023866349366,13.134923829242407
A267,18.82620014766655,11.001390866613185,10.02280479706155,15.826088461777283,10.02280479706155
A268,13.76448825783218,8.492641049755958,9.929427022744061,10.343705477245567,8.492641049755958
A269,19.03358728668876,12.859824182312913,10.651859321264059,15.279076706398198,10.651859321264059
A270,21.21671722958102,13.560863320600204,8.060476598812256,17.211074661391716,8.060476598812256
A271,17.636053696901694,9.141917140293932,5.633980475649519,13.687095016839768,5.633980475649519
A272,17.164542667953608,10.791358857901075,7.625403989297878,12.700155943924468,7.625403989297878
A273,20.56171291502729,13.62796877748111,7.075844331244151,15.966085995008294,7.075844331244151
A274,16.963264780106453,12.52685120052122,11.588951548781278,12.205037238779731,11.588951548781278
A275,21.44235978151659,17.41858955254414,15.136169066180518,16.67999907074338,15.136169066180518
A276,20.642743034781017,16.805606356213392,17.153071036989264,16.423326155197675,16.423326155197675
A277,20.9365453931636,18.858751390269717,20.027436006638492,16.340557732219548,16.340557732219548
A278,25.41724975287452,23.31771536836317,23.66135809711691,20.95931050869756,20.95931050869756
A279,24.61737014792603,23.810447496844738,25.478095160352943,20.686840285553515,20.686840285553515
A280,19.355809902972286,18.656746768930535,21.826319547738688,15.236632272257543,15.236632272257543
A281,24.162880478121807,21.4418149884752,20.444654924943094,20.26683125207293,20.26683125207293
A282,26.735777639709678,24.914475892540864,26.24719474534374,22.9685306887489,22.9685306887489
A283,24.40000348360631,24.191863983579278,27.48439146133674,21.47922992101905,21.47922992101905
A284,20.762878268679415,19.09380750400506,22.354717354509315,17.579357155482107,17.579357155482107
A285,26.586752528279945,24.369510725494678,24.655116913127788,23.436901800366023,23.436901800366023
A286,28.790438499613025,27.018811280291366,28.9237172922154,25.733571749759104,25.733571749759104
A287,24.08511644148726,22.836879362119507,27.52729650728527,21.81184270069817,21.81184270069817
A288,25.673069664533692,22.305216093999178,25.190079277366316,23.600444572083806,22.305216093999178
A289,27.13907820836957,23.939850563443372,27.4124531919345,25.401182925210396,23.939850563443372
A290,23.691829857569044,21.387234346684473,27.57837605806404,22.22642904292095,21.387234346684473
A291,20.3696445231624,18.043384244647676,23.409312847668126,19.320556668998954,18.043384244647676
A292,20.941901035961372,19.664695827802674,27.648421365423378,20.12389199434344,19.664695827802674
A293,21.402878614803196,20.57346363644197,28.001350699564476,19.811922799163135,19.811922799163135
A294,18.67607415920166,17.658179096384767,23.177548468291462,16.754993285585048,16.754993285585048
A295,16.32132537510358,14.823653260920535,25.009662212832865,15.349991824102057,14.823653260920535
A296,18.152058919031745,18.155565813270595,27.22759668057392,16.763886094817035,16.763886094817035
A297,17.773897659208007,18.44284083323391,25.185656076425722,15.472906708178654,15.472906708178654
A298,14.177428046017372,15.128133824104015,23.56672607724713,11.960832997747271,11.960832997747271
A299,14.268741955757697,14.98981620968049,25.089254851429924,12.759838125932477,12.759838125932477
A300,16.349326897459726,18.05351658264949,27.31267226032634,14.42532956295973,14.42532956295973
A301,15.052022256162125,17.052607102727723,22.567216709200096,12.067377304120393,12.067377304120393
A302,11.630782733763018,13.556757429415045,22.9696522611902,9.333596359389022,9.333596359389022
A303,13.280368481333639,15.92641654610352,25.96434518719854,11.383395143804856,11.383395143804856
A304,15.478358246274054,18.366022024379692,27.37161093176651,13.196409398014294,13.196409398014294
A305,13.095531604329775,14.983570902825534,21.23896433444908,8.938440915506462,8.938440915506462
A306,9.688679476585033,12.881160545540919,23.51263226438078,7.3305025748580155,7.3305025748580155
A307,13.74064765576936,17.608710060648963,27.878113583956857,11.31107125784291,11.31107125784291
A308,15.802663478034328,19.73879745577222,27.911927020540876,12.594702060787304,12.594702060787304
A309,11.777879520524907,14.816933454665982,22.63952715937327,7.84429512448378,7.84429512448378
A310,9.998057011239732,15.708087534770105,27.647862503275,8.64940211806573,8.64940211806573
A311,15.345979701537468,20.503585125533533,30.48639376836821,13.111104072502817,13.111104072502817
A312,15.74523134158403,20.441230417956742,27.852715433149424,12.688348828748365,12.688348828748365
A313,15.959618667123598,21.49837019404029,29.797733386954114,13.862729673480617,13.862729673480617
A314,13.432402763467154,18.822766082592643,25.93639745608476,11.430155467009186,11.430155467009186
A315,9.781333753635032,14.760874262725768,24.274624301933077,7.030484905040335,7.030484905040335
A316,8.66928959027209,14.792048742483239,24.51862202490181,8.038587127101378,8.038587127101378
A317,6.201579234356358,11.60308342640007,22.74501974059376,4.3925987752126865,4.3925987752126865
A318,2.875060173283334,7.795935671874158,20.889279666853042,1.3310060105048351,1.3310060105048351
A319,2.9325275787279472,3.486581850466155,14.778008729189464,0.0,0.0
A320,2.9566937616195554,2.907334862034299,16.82058634530913,1.3354415000291104,1.3354415000291104
A321,5.754242348042007,3.3629522744160374,11.829500496639746,3.910492679957347,3.3629522744160374
A322,5.858429567725467,2.6320866247143155,16.2104877779788,6.933490751418076,2.6320866247143155
A323,9.7133626515229,4.2560941014033045,12.756532796963286,9.152681465013409,4.2560941014033045
A324,10.976625118860534,4.822668348539012,16.48138668316474,10.871874677349808,4.822668348539012
A325,9.779155638397416,6.597294824395829,19.50210214310242,11.13010130232425,6.597294824395829
A326,10.487235813120634,8.831831803199153,22.80225791451364,12.267283195557198,8.831831803199153
A327,12.455150460753174,11.055651315051502,24.924326530520336,13.665999780477096,11.055651315051502
A328,10.65293391512404,11.186344174930431,23.16873211895722,11.212205358447552,10.65293391512404
A329,5.7803975641818965,7.25521384936378,20.845490135758382,7.2523652693448915,5.7803975641818965
A330,9.28598497737316,10.834886155377914,25.24862334861051,10.936848677749913,9.28598497737316
A331,11.663034382183739,13.602640037875002,27.587442886211832,13.0194716098619,11.663034382183739
A332,9.789100162936325,12.62631042704083,24.92955238266423,9.313697654530127,9.313697654530127
A333,6.121755548860146,9.335309314639767,25.07990631960175,7.738614992361358,6.121755548860146
A334,11.479985757830887,14.767154566808056,29.686876780826914,12.979447022119238,11.479985757830887
A335,13.72736380373158,17.075783378808715,31.098989067170656,14.353005573746564,13.72736380373158
A336,9.879559554959927,13.834447188088145,26.7574740960353,9.06919599523574,9.06919599523574
A337,11.908469632996509,17.310895615189875,32.173794274222615,13.588309902265255,11.908469632996509
A338,6.882486033403918,13.195985980592734,27.4316875346742,7.89679561594448,6.882486033403918
A339,8.914677672243679,11.12446947049611,27.3954346196588,11.968643448611875,8.914677672243679
A340,11.340886649640758,15.873090310333398,32.349848670434305,14.872338114768638,11.340886649640758
A341,14.708843224400756,18.606069063614697,34.459432105012986,17.977038159830446,14.708843224400756
A342,16.960130217660478,20.851703167846985,37.49359665329534,20.728012398684058,16.960130217660478
A343,15.10589335325786,18.652368669957173,35.300309687026825,19.509607274366136,15.10589335325786
A344,17.907851629941543,21.759179074588268,38.102304457867106,22.294944247519435,17.907851629941543
A345,19.802256942076074,23.093618534131892,39.266057861720725,24.335263836663042,19.802256942076074
A346,18.011339483780766,21.479757005143238,37.14880727560442,22.223966342667094,18.011339483780766
A347,21.882019308098602,24.928529880440205,40.40749486172089,26.040073943827423,21.882019308098602
A348,24.212494088796387,26.121396000214077,41.27806051645353,28.24800194704043,24.212494088796387
A349,21.327882524995303,23.433567270050883,38.20661353744925,25.164226612395623,21.327882524995303
A350,18.611401962238094,19.993190290696482,34.635166651829465,22.198225897580194,18.611401962238094
A351,16.99239056166024,18.643182775481232,32.52709911750508,20.142147477366958,16.99239056166024
A352,17.454027987831346,19.032665866872144,31.37823293303815,20.018427735464137,17.454027987831346
A353,14.129071979433043,15.83063308904606,28.33136680430367,16.50866938914218,14.129071979433043
A354,17.39727743067863,18.83130874368534,28.71609036759705,19.401895010539562,17.39727743067863
A355,18.26387061934025,19.845832534816974,28.379542526263528,19.787661054303513,18.26387061934025
A356,21.77871139438695,23.567243983970634,32.13295093825028,23.5810196132398,21.77871139438695
A357,22.180511581115525,23.542929065857546,33.984799631600005,24.45300819940156,22.180511581115525
A358,16.554104113481944,19.97431530741417,30.161239248412855,18.848587453705914,16.554104113481944
A359,23.869590381906427,26.610003795565305,37.823706018844845,26.622617508426927,23.869590381906427
A360,23.988475295441347,25.59026758359514,37.36196276964046,26.807803378867135,23.988475295441347
A361,26.239631437960405,28.660574540647296,41.50618855062459,29.399253834068645,26.239631437960405
A362,28.096910684272746,30.369073923977336,43.546457421930434,31.41126406243467,28.096910684272746
A363,23.22607020139223,24.37223506369492,36.9455841068997,25.97066181289957,23.22607020139223
A364,30.955365980714877,31.92875822828066,44.93626024715453,34.090203475485445,30.955365980714877
A365,31.589078903950334,32.28235494817564,45.71565670533455,34.87937433498485,31.589078903950334
A366,32.137691282978004,32.00864961225325,44.84347429671345,35.024663895603624,32.00864961225325
A367,27.622462037262355,27.621609040749235,40.732396087144195,30.497724062624737,27.621609040749235
A368,26.26169874551149,26.624509272472984,40.45481690726087,29.526443825831787,26.26169874551149
A369,26.671667776875147,25.865013493133926,39.054460052598344,29.51145862203358,25.865013493133926
A370,26.32547247439255,25.563940971610773,38.211357329987635,28.790634397317472,25.563940971610773
A371,23.064991957509974,22.879226319961084,36.05450221539607,25.858670538138654,22.879226319961084
A372,19.39892561457979,17.807366705945043,30.53028355584009,21.557098969944914,17.807366705945043
A373,25.9441250960598,24.49448619587682,36.04641842125234,27.7892728044474,24.49448619587682
A374,26.6076993744292,26.4068664555263,37.41413274419173,28.857679549818275,26.4068664555263
A375,21.452631913124318,21.483979356720674,32.74486910952615,23.60648770994957,21.452631913124318
A376,25.927612578099048,24.59154120830982,33.00522869183003,27.221001340876494,24.59154120830982
A377,28.794475095059468,27.39747223741636,36.808216772889175,30.028751922116243,27.39747223741636
A378,27.552990218849207,27.55227331818556,36.75551638870008,29.35564943924763,27.55227331818556
A379,25.92193150596614,24.09871129334513,31.32742726429989,26.37890575820006,24.09871129334513
A380,28.994737384566875,27.906124704086015,33.435514127944856,29.694891900796673,27.906124704086015
A381,28.700589628089528,29.365214761687003,36.836530251911626,30.15778856282403,28.700589628089528
A382,29.06833614089393,30.517329847154063,37.979392162066,30.797937203650505,29.06833614089393
A383,29.884237333417094,31.506075160197284,39.84205484158667,32.025105292566955,29.884237333417094
A384,26.163543070463522,27.274181985900146,36.34330868261721,28.04777328060108,26.163543070463522
A385,28.8914537017437,31.08014153764426,42.65294074269675,31.792115296091893,28.8914537017437
A386,28.698064777960205,31.869802462519285,43.52929335516487,31.688739103978246,28.698064777960205
A387,31.073874074534057,33.87907385097768,46.440038264411456,34.26134183011518,31.073874074534057
A388,33.8935805868899,36.55003986317935,48.67027697681615,37.121931967504054,33.8935805868899
A389,31.628953918838352,32.98599225428879,44.59292721945937,34.40317758579867,31.628953918838352
A390,36.39822615183328,38.28750759712624,49.55035653756691,39.296187105112374,36.39822615183328
A391,39.34333106131203,40.671122433490815,50.26714661685105,41.714202485484485,39.34333106131203
A392,37.63370469406381,38.53923081744108,48.43172074167921,40.011758934093365,37.63370469406381
A393,40.26652848210285,41.07532089953772,49.68128476599614,42.41556499682634,40.26652848210285
A394,37.35785447533089,38.27139646001959,46.54284935411668,39.34602884663203,37.35785447533089
A395,34.363161321391836,35.04161299084276,43.01091152254274,36.09008714314777,34.363161321391836
A396,35.03755091327018,34.564643452522404,42.615414652447065,36.43107171083497,34.564643452522404
A397,32.508232588069134,32.49571745630492,42.269870002165845,34.610481736029044,32.49571745630492
A398,33.93792601205914,32.53702103758118,40.3625632114711,35.06158323578672,32.53702103758118
A399,33.809228991504675,31.324685920213152,38.83113597359727,34.485668342080885,31.324685920213152
A400,30.690618273342096,28.048952689895575,37.057744156923526,31.722923604232946,28.048952689895575
A401,34.38876307749379,31.129911178800366,38.28062378018414,35.056414448713944,31.129911178800366
A402,30.503236320102165,26.919318602074608,32.89006558217846,31.124862007726236,26.919318602074608
A403,30.231212264810022,26.641684969235712,35.676114264308545,31.293053845861706,26.641684969235712
A404,28.21511943976137,23.872525756609836,31.588929120816996,28.667479990400274,23.872525756609836
A405,25.983539019925672,22.055032577622733,30.6721644003158,26.61525628281644,22.055032577622733
A406,20.151128727691656,15.78851772649985,24.593256901028784,20.383956460903267,15.78851772649985
A407,21.342762848328704,18.172712428253522,28.02683542606978,22.322704450850036,18.172712428253522
A408,24.389146705040748,21.25877216586132,31.602722493481473,25.63184716324596,21.25877216586132
A409,25.472385616584873,22.28281746099447,32.27638929620226,27.16716034111773,22.28281746099447
A410,26.63974930437597,23.031134991571736,33.46873083939694,28.397608033072082,23.031134991571736
A411,21.36285413983815,19.50096371977549,32.623314316604926,24.211312830988742,19.50096371977549
A412,27.448737730540547,23.831260772355293,34.9462455351072,29.444223932717264,23.831260772355293
A413,29.398794073907183,25.08489441875329,35.17787456626679,31.123172219425193,25.08489441875329
A414,33.14636031301174,28.669462691163222,37.690681978441305,34.591342067054875,28.669462691163222
A415,34.19749068279718,29.26058827159837,37.47628072528009,35.4447424168945,29.26058827159837
A416,29.674071341829723,25.767331992272698,36.35263474632891,31.856151901948234,25.767331992272698
A417,32.5487312655962,29.250027726482585,39.82324832305873,34.75360820116381,29.250027726482585
A418,37.09209007322181,33.28483932663639,43.439540444162155,39.126679823363496,33.28483932663639
A419,36.83617314542867,32.46501133528217,42.04634978211545,38.76857575408207,32.46501133528217
A420,32.484782298793384,29.42255488566552,41.20582244052411,35.03895485028057,29.42255488566552
A421,34.1456809713908,31.450677989512403,42.77612794538561,36.59746216611201,31.450677989512403
A422,40.865958106962324,37.65511637214789,48.60770117995707,43.313893290721396,37.65511637214789
A423,42.19934622716329,38.06298654861438,47.601956535419845,44.227723047880275,38.06298654861438
A424,45.50200886774121,41.80042676815633,51.6290323461519,47.627647128532395,41.80042676815633
A425,44.64041551105903,41.66051658345105,52.25662374283283,47.05910544198646,41.66051658345105
A426,49.70080774997525,46.62869951006569,57.15841520721162,52.12294276995496,46.62869951006569
A427,48.89926530122922,46.35109260848119,57.507838987393704,51.5119714532457,46.35109260848119
A428,47.38244335194207,45.30002828917439,57.08104645151489,50.20269500734,45.30002828917439
A429,47.10479502131391,45.07897502162177,57.25135954717582,50.11583428418607,45.07897502162177
A430,44.47949524218997,42.11635390201768,53.954729218113954,47.31731853137918,42.11635390201768
A431,42.654077636258876,40.735446849150925,52.837308949264255,45.61313875409146,40.735446849150925
A432,43.09769390582285,41.61367069846158,54.517606605572844,46.342394931639,41.61367069846158
A433,41.73908589080503,40.035629806461145,52.966336601656714,45.00908871550278,40.035629806461145
A434,38.57340592947426,36.631425388592234,48.86798859171513,41.7460002515211,36.631425388592234
A435,38.54487681910528,37.47186267054255,50.533116834408695,42.00150831815448,37.47186267054255
A436,39.558740159413574,38.56959406060686,52.36486422210985,43.19364290031578,38.56959406060686
A437,36.88896902869474,35.57790501139717,49.24204039233143,40.36578486788037,35.57790501139717
A438,30.598416119139237,29.847001423928667,43.76060782256115,34.050772399462545,29.847001423928667
A439,36.004283120206686,35.52141447071048,49.456573203164815,39.690156600850045,35.52141447071048
A440,36.72437019201282,36.18762397560802,50.478254625135364,40.11549319153387,36.18762397560802
A441,35.36658961505901,34.36300435060939,48.354560705273705,38.68387158752339,34.36300435060939
A442,37.50611866082653,36.279309888695515,49.62598876596818,40.717484806898376,36.279309888695515
A443,38.83153626886271,36.90577083600883,49.88560516822463,41.62568851082226,36.90577083600883
A444,39.944063739184074,37.048575208771524,48.804624186648546,42.75772164182746,37.048575208771524
A445,43.54046878479836,40.94714882626139,53.02276859991375,46.466836539622534,40.94714882626139
A446,41.31639357446387,38.070651176464,49.308343695565355,43.78883355377259,38.070651176464
A447,38.04685546796213,35.30020002776188,47.392735825229586,40.59986355888403,35.30020002776188
A448,36.9947322871784,33.610103198294404,44.82167286034737,39.54405090528789,33.610103198294404
A449,34.04665825011318,31.673607846281104,44.292358629903646,36.920919625599794,31.673607846281104
A450,33.360736937304004,31.416982207080295,44.51964537145371,36.602387490435646,31.416982207080295
A451,29.562604587552837,27.619933924613214,40.39678354770339,32.780701548319556,27.619933924613214
A452,30.0946940672272,27.918034637130173,40.44590096659982,32.92522429688217,27.918034637130173
A453,31.881120557471,29.92787063925531,42.230792343975736,34.549908538229154,29.92787063925531
A454,32.13233150582136,30.078523850082803,41.81095743940815,34.49273111830955,30.078523850082803
A455,30.510042838383562,29.34416345715107,42.1242594949751,33.298392603848015,29.34416345715107
A456,29.38529041884732,27.971186496107023,41.02869367893645,32.33684482134891,27.971186496107023
A457,25.76714446732505,23.601161751066403,35.71940955559037,28.469715295380105,23.601161751066403
A458,21.90858947992773,20.75167920916281,34.54966345711634,24.94874499849642,20.75167920916281
A459,25.08238254233437,24.319909477627583,38.74741196518808,28.676939690280758,24.319909477627583
A460,27.820950415109834,28.376898156775344,43.245585647554826,31.763334743065002,27.820950415109834
A461,27.806216247450855,28.81171947315884,43.9540275970246,31.903125520863938,27.806216247450855
A462,27.965941893667733,29.41507678045393,44.943425648252486,32.0047745344347,27.965941893667733
A463,30.054863333577146,31.620507949746795,46.83225147267639,34.21571635959125,30.054863333577146
A464,32.17013319835651,33.026240188674215,47.86840500789639,36.19707501995155,32.17013319835651
A465,33.27899863277139,34.84884302240176,50.187163498249234,37.16156682649428,33.27899863277139
A466,34.72882726208877,36.91328483080313,52.6130280443922,39.00602406039355,34.72882726208877
A467,37.13613741357601,38.211198083807844,53.050242355714076,41.25249367008011,37.13613741357601
A468,36.49764674605748,36.50853241367009,51.29490306063556,40.00378959548708,36.49764674605748
A469,40.895128841953785,41.53868238160667,56.46030801368339,44.77041044037903,40.895128841953785
A470,42.03284702467821,43.17834318266508,57.929746572896384,46.09220403712541,42.03284702467821
A471,37.3795047853767,37.807311581227246,52.31558419821,41.281622666750884,37.3795047853767
A472,40.64271566960062,40.2020295258834,54.41859921938455,44.38655572355215,40.2020295258834
A473,44.62354675504851,44.57395443529775,58.84955450128743,48.51688770933272,44.57395443529775
A474,43.72406821191276,43.76703889915332,57.7319468318885,47.41748800811785,43.72406821191276
A475,41.00980323044723,40.28587060000069,53.71792867376776,44.42227433394197,40.28587060000069
A476,44.70184064442984,44.13838608286442,58.252297714339136,48.31400899325164,44.13838608286442
A477,48.08196857450827,47.31611371404038,60.69498517999654,51.58021118607407,47.31611371404038
A478,46.983952728564674,46.09407568223926,58.86404106073588,50.20736756692189,46.09407568223926
A479,43.394487299655935,42.86663076333385,56.22196231011508,46.79102362633244,42.86663076333385
A480,40.796460949450015,40.01664070108834,52.90622679798664,43.915190515355846,40.01664070108834
A481,37.61680226973048,37.000765262356396,50.35273514914557,40.9163789331363,37.000765262356396
A482,33.93626327396698,33.5959310929166,47.05291492564515,37.171914465090445,33.5959310929166
A483,32.8261066530894,33.465895401139356,47.13045908963756,36.38991115680279,32.8261066530894
A484,33.63023374881596,34.74345398776581,49.35365256999729,37.597339187767005,33.63023374881596
A485,32.82649618829277,34.66215291928648,49.56887190566273,36.89505178204795,32.82649618829277
A486,34.53750914585474,36.323341077054025,51.72009750570856,38.82590179248899,34.53750914585474
A487,37.83542696997088,40.2724758985588,55.77655520019141,42.26809598266759,37.83542696997088
A488,34.639328703079684,37.239917118597354,53.19307956868074,39.10637381553038,34.639328703079684
A489,37.995809268918066,41.06698946842829,57.12449331941597,42.51970270357026,37.995809268918066
A490,35.66303338192083,39.44346622699379,55.75883489636418,40.084202486765285,35.66303338192083
A491,32.41975461042233,36.329705792918276,52.692457316014405,36.819913497997256,32.41975461042233
A492,29.650460418010375,33.60204644065596,50.107539253090444,33.99191071416845,29.650460418010375
A493,25.949070310899383,29.970296361564394,46.41508764399783,30.346677791811082,25.949070310899383
A494,26.153985929490748,30.467087307453596,47.10230678002936,30.231213488710637,26.153985929490748
A495,26.57678195342694,30.001151127915076,46.55276775874878,30.92809832498597,26.57678195342694
A496,25.729825086852028,28.49587747376803,44.91475163017157,29.978229650864975,25.729825086852028
A497,27.5790960874355,29.918827567269414,46.043392729033336,31.908728037952248,27.5790960874355
A498,28.021181434764664,30.960563641510145,47.1889261797723,32.49984653809922,28.021181434764664
A499,24.67536792025602,27.856949617644787,44.16366609555869,29.182749287892666,24.67536792025602
A500,24.54212478576376,27.923156465557394,43.888313592572686,29.102311196879196,24.54212478576376
A501,23.204881490755344,27.520081249880057,43.50887156661271,27.610245996730995,23.204881490755344
A502,24.206820712352954,28.638139936106185,44.47857194200371,28.48081970379364,24.206820712352954
A503,24.061188062936544,29.447595708308686,45.55314423835088,27.919103388182076,24.061188062936544
A504,27.77113632892972,32.81070549378663,49.06750971875382,31.784456484262872,27.77113632892972
A505,29.54548542501883,34.31237961727516,50.47170936277074,33.708929529132185,29.54548542501883
A506,31.870514492238744,36.16880166662976,52.241433910259396,36.21924743834416,31.870514492238744
A507,29.456723120537355,33.01614555032128,49.065505989442315,34.021624902405826,29.456723120537355
A508,33.62195013677821,36.59352140748414,52.11583983780747,38.05011316671739,33.62195013677821
A509,31.33656728169185,33.613512550758514,49.17207200230635,35.647294918408605,31.33656728169185
A510,37.37826118213634,39.36957576606586,54.35188998553776,41.522281548585454,37.37826118213634
A511,39.3855713935954,41.11071721583072,55.83123549591214,43.51123913427426,39.3855713935954
A512,36.30518377587421,37.12956188806973,50.833948056392394,39.84478998564305,36.30518377587421
A513,39.62531424481073,40.63939806394775,54.35806790164639,43.41742160700011,39.62531424481073
A514,36.34688455700159,36.41210114783271,49.524179962923164,39.46793193213954,36.34688455700159
A515,40.84829456660339,40.56791532726324,53.68047409440419,44.00347491960152,40.56791532726324
A516,39.77847821372758,38.42294036119568,50.39424644738723,42.39806444874577,38.42294036119568
A517,45.85465969778862,44.86094079486074,57.183496028137355,48.75782189556872,44.86094079486074
A518,49.30483696352722,48.13299335175405,60.209988623151226,52.16943388613681,48.13299335175405
A519,52.017548471645604,50.719377421257846,62.39908061021412,54.71674015326571,50.719377421257846
A520,54.398438157726545,53.152809530635345,64.80144299319268,57.20526313198813,53.152809530635345
A521,50.983211834877565,50.457914760719156,63.29222532823442,54.19585870710049,50.457914760719156
A522,51.063790350893456,50.338341112913135,62.544765752219426,53.923297608733094,50.338341112913135
A523,54.08723426096032,53.47343404906778,65.7661099807492,57.01876619149173,53.47343404906778
A524,55.100041252253156,55.04815856139059,67.89877369290258,58.39512954005668,55.04815856139059
A525,48.951965793009784,49.04838841389184,62.14312596739884,52.270665090469244,48.951965793009784
A526,52.47600725093326,52.62403409089805,65.14398849471837,55.5939348220649,52.47600725093326
A527,56.161832332999964,56.42238220777283,69.32743169193562,59.49822519201728,56.161832332999964
A528,54.03268870785536,54.8493001413874,68.54576260426315,57.78297881729532,54.03268870785536
A529,49.97036181578036,50.930548799320825,64.12504050680982,53.613193917169305,49.97036181578036
A530,55.324984184362854,56.34037928519828,69.67434768262993,58.9557407298051,55.324984184362854
A531,55.38149384948009,56.882850315363065,70.87845221927465,59.32241331065351,55.38149384948009
A532,51.416502623185096,53.04648999698284,67.05524741584361,55.32429036146781,51.416502623185096
A533,51.622275443843044,53.292280013150126,66.96951130178569,55.40320848109792,51.622275443843044
A534,50.38419770126344,52.4584214497539,66.70064335521809,54.335249755568434,50.38419770126344
A535,47.14957545938245,49.06378341506085,63.4332770555014,51.14022469641681,47.14957545938245
A536,47.15716164062464,48.49474094167326,62.355596685462004,50.980149019005424,47.15716164062464
A537,44.976239860619735,46.23144688412856,59.759705872770155,48.622166817203855,44.976239860619735
A538,46.17242415121822,46.93107317119438,59.789947867513646,49.46290236126465,46.17242415121822
A539,43.72346692566819,44.05092363390352,55.79626637150554,46.572989446673915,43.72346692566819
A540,46.6620524837903,46.51829834591975,58.42820457621473,49.59010024188296,46.51829834591975
A541,43.96201694645049,43.16927181456736,54.66903388573828,46.39935232306589,43.16927181456736
A542,46.385204516095435,44.891825770400565,55.38946058592736,48.43686172740757,44.891825770400565
A543,45.241957738364945,43.029365054576395,52.78326786018464,46.99797459465673,43.029365054576395
A544,48.107106086315355,46.227589045936625,56.010840682853534,49.93935446118622,46.227589045936625
A545,47.810578327395284,46.40682791357323,56.27020415815105,49.7016949610373,46.40682791357323
A546,49.36020920741727,48.392936819333464,58.632028542427214,51.666696149453955,48.392936819333464
A547,47.511230819670416,47.338477573745436,58.24689847536949,50.00177198860056,47.338477573745436
A548,48.4980546723268,48.67563026813314,60.74944316617231,51.41778432604812,48.4980546723268
A549,46.551125754378916,47.37267566857502,59.621617966975705,49.66223846143063,46.551125754378916
A550,48.19466604303842,49.477407591748374,62.5308609008384,51.67546970275161,48.19466604303842
A551,45.58293526090658,46.85754946644137,59.11100277444124,48.79727440134336,45.58293526090658
A552,46.98750165735565,48.64487558828782,60.598419170800156,50.21948591931224,46.98750165735565
A553,46.93605712029932,48.32869889620452,59.282017880635614,49.81569826871847,46.93605712029932
A554,43.57973329427338,44.855488460165056,56.12197710344852,46.476789303909534,43.57973329427338
A555,42.392214969260564,44.007343512191234,56.123520434840856,45.60179739878681,42.392214969260564
A556,38.72843716185821,40.43418536337786,52.71929954011149,41.982196929174634,38.72843716185821
A557,37.8215315660273,39.729972073989686,53.4759466676374,41.475012839057676,37.8215315660273
A558,36.98855892029318,39.41991244282514,53.53927875868333,40.77912050302213,36.98855892029318
A559,35.15547157982666,37.01464608773128,51.33478417213809,39.011736798045796,35.15547157982666
A560,30.940673263521592,33.50242034540191,48.77969325446809,35.120072095597976,30.940673263521592
A561,32.31072863616666,35.532066559658475,50.911358634395135,36.524334367651385,32.31072863616666
A562,31.420103930445553,34.979977944532784,50.51976731933749,35.69143320182029,31.420103930445553
A563,31.868897533488667,36.21895857144432,51.90098766882958,36.21135083092041,31.868897533488667
A564,27.539341422771898,31.691152866375813,47.40690018341212,31.98015651931679,27.539341422771898
A565,29.832310235715905,34.981250063426835,50.20495598046073,33.73507588549343,29.832310235715905
A566,30.823533038897406,35.82065070598244,50.345041702237175,34.65034706896888,30.823533038897406
A567,23.95040379617847,28.97115877903402,43.76791706261562,27.87635860366271,23.95040379617847
A568,31.34727704283101,35.37251082408485,50.12879971633073,35.24797476451661,31.34727704283101
A569,32.06666583853083,35.64572519952428,49.93531569941258,35.83434481053058,32.06666583853083
A570,27.23373661472109,31.006475533346254,45.91547543040363,31.166479140255802,27.23373661472109
A571,31.160255502803565,33.854920853548016,48.21901352163895,34.940845854100324,31.160255502803565
A572,27.811907054353536,30.398595510319222,44.98366730269999,31.6470587258911,27.811907054353536
A573,29.84234526641631,31.87444082646784,46.41957790631018,33.70905049092899,29.84234526641631
A574,33.37412436304509,35.20458779761524,48.97643942754516,36.978835095227105,33.37412436304509
A575,36.66971461574251,38.2221098711204,51.649757463128516,40.18340540571443,36.66971461574251
A576,37.724460300977135,38.82937222000891,50.028973105591525,40.611149823662956,37.724460300977135
A577,40.92842105432361,41.82884646987053,53.30923921798172,43.854927362840314,40.92842105432361
A578,39.850181254292934,39.9981357940592,50.49805043761591,42.23915233524461,39.850181254292934
A579,35.961343648423366,36.560348466610655,47.70488256981668,38.50659711010569,35.961343648423366
A580,38.61934165673983,38.70799567272891,50.14396175014495,41.1748115964117,38.61934165673983
A581,40.49198488590057,39.666593463517884,49.984608451002195,42.521349014348075,39.666593463517884
A582,37.19479536171694,35.90117294741218,46.15511700775983,39.00225565271835,35.90117294741218
A583,33.14162443212462,32.05588752475901,43.99681649846952,35.48913853561397,32.05588752475901
A584,38.74534151352908,37.66150801547915,48.79352747035205,40.89863607750263,37.66150801547915
A585,38.51037445935835,36.5640188983651,46.67836635958889,40.24312394683096,36.5640188983651
A586,31.232883008137435,29.428658651049663,40.52849744315721,33.122041679220196,29.428658651049663
A587,36.85404470339721,35.18016625884534,46.27673222041505,38.934581685180596,35.18016625884534
A588,39.33392983163518,37.47452805573407,48.10388360621209,41.41795388475872,37.47452805573407
A589,38.092836833189516,35.45331729189809,45.23325087808746,39.80674931465769,35.45331729189809
A590,33.29013277233962,30.856236792583765,41.65636539593919,35.21694239993018,30.856236792583765
A591,38.61969203657637,36.1290571700951,46.67688979570082,40.63603692536958,36.1290571700951
A592,39.477976911184285,36.20232986977496,45.271465394882014,41.02908813268947,36.20232986977496
A593,36.12249517959688,32.53685524140278,41.47797073146178,37.529237428969964,32.53685524140278
A594,29.55810308527934,26.502322068075472,36.86314845479154,31.180340120017934,26.502322068075472
A595,37.65083188987994,34.52157324051151,44.57191743687947,39.53907421779119,34.52157324051151
A596,40.48725479703459,37.21163559963469,46.814173612272604,42.28110297757143,37.21163559963469
A597,38.99745767354585,34.99086240720568,42.42927684983566,39.85286967082797,34.99086240720568
A598,36.90975170601938,32.97485790719954,42.30446875922211,38.558829585452926,32.97485790719954
A599,42.282100811099724,38.255240412262474,46.79466102024888,43.81747626233168,38.255240412262474
A600,45.47104476477311,41.14331310188814,48.86812681083653,46.7686965822226,41.14331310188814
A601,47.291961240785945,42.97895721164021,49.60414092593481,48.39946857146264,42.97895721164021
A602,50.004741625169906,45.78328651374866,52.990727292612235,51.17715112235147,45.78328651374866
A603,47.82119279148105,43.83168051763473,52.186802910314405,49.38074300777582,43.83168051763473
A604,50.064768310659346,46.56571881760229,55.76759501717821,51.99894002765826,46.56571881760229
A605,46.68561907054462,43.14495116464961,52.560988803484285,48.660989796756084,43.14495116464961
A606,42.926580180582754,39.278920771833846,47.739127683693596,44.32115916805426,39.278920771833846
A607,49.049181695518634,45.62584868251767,54.6253189922036,50.814022129723206,45.62584868251767
A608,47.75590147824664,44.94953482517923,55.078276461777556,49.90100285565412,44.94953482517923
A609,43.12676297845689,40.2561012767009,50.28170877167959,45.12996269663869,40.2561012767009
A610,46.405794174865704,43.13863018223921,51.88929742249359,47.91992346613254,43.13863018223921
A611,48.98842424491728,46.24286423871254,56.049105737736795,50.97957899002305,46.24286423871254
A612,45.136261730453484,43.126184412720775,54.2950934155196,47.59161962993065,43.126184412720775
A613,43.40296416144869,40.87847229288296,50.68082159949658,45.22703065645588,40.87847229288296
A614,47.757019400293395,45.376693015247376,54.86409635636041,49.75373346795193,45.376693015247376
A615,49.58925743545672,47.48053963467559,57.922353586504066,51.743025201470395,47.48053963467559
A616,46.633918181941354,45.11269599569505,56.76242300148928,49.32887642142278,45.11269599569505
A617,45.4537154586949,44.45520030322662,56.529829736166725,48.19630717181556,44.45520030322662
A618,40.21535403300585,39.3184052194389,51.2812692705631,42.75339415765724,39.3184052194389
A619,42.04973471973396,41.9874717624198,54.97024677041208,45.19549982022546,41.9874717624198
A620,40.68794564732901,41.1485256114967,54.23313829200741,43.94751716536441,40.68794564732901
A621,41.31852441702148,42.520721924727475,56.44189116250447,45.08840766760343,41.31852441702148
A622,40.61831898294167,42.103768928683806,56.001994776972005,44.393819355851775,40.61831898294167
A623,42.4692512413393,44.551883798555586,59.26576634955461,46.591158313568464,42.4692512413393
A624,43.730633862316694,45.85383387460638,60.16856568009579,47.657166617414426,43.730633862316694
A625,44.39941175285997,46.8972247046667,62.224455497818546,48.70140308040416,44.39941175285997
A626,40.79307311296858,43.52079039953204,58.97756788813862,45.167674392202215,40.79307311296858
A627,43.464197231744656,46.266970119081705,61.945455596032225,47.878842561198155,43.464197231744656
A628,44.409154416629015,46.83625694907739,62.490948384546066,48.84256641496226,44.409154416629015
A629,45.74339525002489,47.870677935454395,63.337891415802595,50.129828834736706,45.74339525002489
A630,41.91360130077109,43.49659275161677,58.49777327386061,46.125125517444395,41.91360130077109
A631,46.34596503472551,48.12210396481018,63.13032875726215,50.58387032444235,46.34596503472551
A632,42.53422665336705,43.87149457221626,58.26373418345241,46.53188555173753,42.53422665336705
A633,41.51450340543652,42.46348683280732,56.98883014240597,45.54460812214768,41.51450340543652
A634,49.153371837545386,50.384723736466,64.91255876176812,53.265503367564264,49.153371837545386
A635,49.4744338118184,50.54032312916094,64.45582820040403,53.36234930173146,49.4744338118184
A636,47.29469879383946,47.75438085662927,61.61296787203162,51.002311222139724,47.29469879383946
A637,50.668697457108564,51.02594527296873,65.27122444079014,54.57123379583789,50.668697457108564
A638,53.86975185574924,54.54298776194791,68.51790341947132,57.72666305096805,53.86975185574924
A639,52.36973409327185,52.666529712902104,66.03385290137173,55.92724735761631,52.36973409327185
A640,51.57091011413314,51.46005045664063,65.18963627755565,55.23566168699349,51.46005045664063
A641,56.52730246526894,56.598026299509776,70.2384898898033,60.1754445600529,56.52730246526894
A642,58.36442078869626,58.43422737574272,71.85490285986059,61.928339150989665,58.36442078869626
A643,54.67081925488222,54.13606983333755,67.00294356220479,57.96116256598033,54.13606983333755
A644,57.48914464488057,57.07639488440032,70.47781365791649,61.06531142964882,57.07639488440032
A645,62.101666781174245,61.7650560754218,74.91061747843226,65.5780757036984,61.7650560754218
A646,65.46642176719298,64.99397838261633,77.97691417977502,68.9009911322036,64.99397838261633
A647,66.11304292649068,65.32078280302525,77.57906107320454,69.22150836987014,65.32078280302525
A648,69.4905009983379,68.9744575911982,81.5679793362567,72.76470158668968,68.9744575911982
A649,71.0914983665417,70.63707010486775,82.98735343412272,74.2193324545566,70.63707010486775
A650,72.2345180090516,71.14122676057815,82.95573384643161,75.22378291471388,71.14122676057815
A651,75.15027900813143,73.9966983993205,86.24340223460575,78.37828287861377,73.9966983993205
A652,78.0482140090342,77.14975254010864,89.0922358906768,81.10085798559717,77.14975254010864
A653,78.07212564673772,76.85347949182263,88.23318197254365,80.88512018288654,76.85347949182263
A654,80.16394265503662,78.47435385525642,89.30093252592606,82.83583336938187,78.47435385525642
A655,84.51226318706652,83.25050855099926,94.65922811326955,87.41327748688983,83.25050855099926
A656,87.80253102274445,86.42831467175557,97.65717190252848,90.660194208925,86.42831467175557
