,A92,A124,A130,min dist
A1,22.583594222355305,20.27533124267024,23.216621502707923,20.27533124267024
A2,20.29030238808678,17.120881344136464,20.48545994113874,17.120881344136464
A3,20.431215945214813,17.31975109520919,20.69688259134694,17.31975109520919
A4,19.440751091457347,17.81518234540416,20.36388786553295,17.81518234540416
A5,16.394810062943698,14.83311288974772,17.241727784650816,14.83311288974772
A6,15.755057251562116,12.999652841518499,16.037736405116526,12.999652841518499
A7,16.462063175677585,14.906125485853122,17.274986251803504,14.906125485853122
A8,14.325352386590703,14.485225369320286,15.83078472470648,14.325352386590703
A9,11.49780787802614,10.106497365556477,12.150190862698413,10.106497365556477
A10,13.394956289589004,11.495871693786427,13.361409918118673,11.495871693786427
A11,11.101480126541686,13.25845756489042,13.767638395890561,11.101480126541686
A12,15.426151756027812,13.486752166478034,14.320138372236492,13.486752166478034
A13,10.323984502119325,7.875554964572339,10.081808766287923,7.875554964572339
A14,16.5834497315848,12.621996712089576,14.314055470061588,12.621996712089576
A15,16.638121167968453,12.435913918968721,16.264352308038582,12.435913918968721
A16,19.793905930866703,14.512813751991722,17.872700999009634,14.512813751991722
A17,22.4405747921037,17.566669206198423,21.215779245646388,17.566669206198423
A18,25.58606427335005,19.73623038981862,23.358579109183847,19.73623038981862
A19,28.555307142456023,22.024019569551786,26.401843837126226,22.024019569551786
A20,26.548225665757776,20.08499452327533,25.26599671495269,20.08499452327533
A21,23.758406301770325,17.133431530198497,22.472593375042408,17.133431530198497
A22,19.98737851745446,14.14874167549892,18.963309732217105,14.14874167549892
A23,17.524165343890132,11.75356031166727,16.593676958407983,11.75356031166727
A24,11.698992178816088,7.398619398239107,11.190830978975601,7.398619398239107
A25,15.950335733143676,10.29743215563958,13.773001742539641,10.29743215563958
A26,16.5991619366762,10.935187652710857,12.541908387482346,10.935187652710857
A27,19.470212864783992,13.274664741529257,14.393739541898068,13.274664741529257
A28,16.507310925768618,11.344220863505786,10.565234403457408,10.565234403457408
A29,21.075357861730367,15.082805640861386,14.347126576426376,14.347126576426376
A30,24.24231822660531,17.037016346766823,17.58939535629352,17.037016346766823
A31,21.77587130288935,14.514749257221084,14.969323732219836,14.514749257221084
A32,18.15421986756798,11.749726890443029,10.80390026795879,10.80390026795879
A33,15.517006347875224,8.278272464711463,10.03499730941668,8.278272464711463
A34,13.698011899542209,7.221285550371207,8.539091813536144,7.221285550371207
A35,10.49677750550139,3.941934930969815,8.43880198843414,3.941934930969815
A36,10.591401276507279,3.9102921885710797,9.206179120568967,3.9102921885710797
A37,9.604376398288437,3.2093815603633056,7.293041820804265,3.2093815603633056
A38,12.750074431155294,5.428784118013905,10.411444952551015,5.428784118013905
A39,13.780499047567183,8.116580191188897,12.300179266986316,8.116580191188897
A40,16.09783398473223,10.92602553539026,14.313803862006774,10.92602553539026
A41,18.831625792798665,14.41273086545364,17.57192408360564,14.41273086545364
A42,16.929399694023413,14.342670671810044,16.7168194642402,14.342670671810044
A43,11.180391316944144,8.92554116006419,10.4791773532086,8.92554116006419
A44,16.148577460569086,12.065698860820287,15.312570848815689,12.065698860820287
A45,17.597582674901687,13.884844147486858,17.196249998182743,13.884844147486858
A46,11.302080250998042,10.67299063055899,11.855110290503415,10.67299063055899
A47,7.431263486110556,5.4079456358214255,7.712245522544002,5.4079456358214255
A48,14.684861694956476,8.005776664384287,13.245318078475881,8.005776664384287
A49,17.68767486132646,11.323473804447113,16.051613376854053,11.323473804447113
A50,18.018627167462007,11.267118620126444,15.508065804606323,11.267118620126444
A51,20.95562900511459,13.926048542210385,18.796900036974183,13.926048542210385
A52,21.606095575091764,14.315349139996552,19.690544786775202,14.315349139996552
A53,17.51809059229915,10.163416600730288,15.586141472474834,10.163416600730288
A54,21.37224548333656,13.860463700756913,19.1701691437504,13.860463700756913
A55,24.16338157212272,16.661346104081748,22.01423060204467,16.661346104081748
A56,21.62605070279823,14.35110950414636,18.314748046315025,14.35110950414636
A57,20.10248895037627,12.395239449078828,17.107653988785255,12.395239449078828
A58,25.50215783026997,17.917196460384087,22.60275711058277,17.917196460384087
A59,27.439532248199857,20.108547461216585,24.69584861874562,20.108547461216585
A60,26.434788782965526,18.894002725732843,22.545311951711824,18.894002725732843
A61,24.236815240455996,16.485312068626424,19.69381105829951,16.485312068626424
A62,28.431380866922378,20.56657290362203,24.34820882529144,20.56657290362203
A63,28.433311766306787,20.598880576380843,23.700858254502094,20.598880576380843
A64,25.37836720516117,17.544922028894856,19.83024074488255,17.544922028894856
A65,21.99041327487958,14.207875175408883,18.06394912526051,14.207875175408883
A66,19.043054665677985,11.34516293404374,14.069178831758448,11.34516293404374
A67,15.700890261383268,8.28464640162753,12.516673080335684,8.28464640162753
A68,12.5011175900397,5.459792486899113,8.637050075112452,5.459792486899113
A69,10.18274368723872,5.200886174489882,6.688721327727744,5.200886174489882
A70,6.477028716934949,4.201423806282818,3.479184674604095,3.479184674604095
A71,6.936673338135507,3.3410742284480897,3.5073172083517057,3.3410742284480897
A72,5.731244367499959,7.343301573543061,3.9390376997434284,3.9390376997434284
A73,4.373908320941351,5.52875808839562,2.74197410636935,2.74197410636935
A74,7.600362425568928,6.548345974366351,6.409308465037394,6.409308465037394
A75,11.554345502883319,9.315615545952936,9.221760189898673,9.221760189898673
A76,13.711963280289224,7.442656111899837,10.898553160855801,7.442656111899837
A77,18.78825420309189,13.320354161958308,15.826889713395998,13.320354161958308
A78,18.65529538763726,13.571302590392715,15.275697463618478,13.571302590392715
A79,22.658265092455775,16.555561301266714,19.36336078783846,16.555561301266714
A80,21.556841396642504,14.93926450666163,19.014161117440864,14.93926450666163
A81,17.943228054059837,10.800911165267493,15.374526106517884,10.800911165267493
A82,24.369811858116588,17.434393278803825,21.32583527086337,17.434393278803825
A83,22.961482944269953,16.681618057011136,19.489694302374268,16.681618057011136
A84,20.34061220809246,13.195278625326559,16.725852594113103,13.195278625326559
A85,16.743342945779972,10.578969704087445,13.187919434088153,10.578969704087445
A86,15.035599189922563,9.685199997934994,11.68243022662665,9.685199997934994
A87,13.332972699289531,10.54077990473191,10.676746039875633,10.54077990473191
A88,9.551237877887871,7.944205561288052,7.135727433135321,7.135727433135321
A89,7.620342905670321,8.473634639279654,6.313773594293669,6.313773594293669
A90,3.653094715443332,6.526926995148636,3.019779793296194,3.019779793296194
A91,1.3342061310007536,7.8480135066142696,3.6742972117127377,1.3342061310007536
A92,0.0,5.419398306085279,2.782225008873294,0.0
A93,1.3365848270873044,7.7161831237989675,4.645266515497254,1.3365848270873044
A94,2.860972212378163,8.834810750661273,4.322124130563582,2.860972212378163
A95,6.720816914631732,10.724898973883157,6.535209943069924,6.535209943069924
A96,8.585757741748832,10.419982485589886,6.162738108990192,6.162738108990192
A97,10.353116873676257,12.924188717285121,9.603195509829009,9.603195509829009
A98,13.762148596785314,15.89622574701303,11.891850444737353,11.891850444737353
A99,15.847869572911055,16.62208789532771,12.92718724239732,12.92718724239732
A100,10.645646387138735,10.849319978689909,8.661556788476307,8.661556788476307
A101,14.217153723583355,13.66140882193341,8.648382103029444,8.648382103029444
A102,17.810784092790527,16.459941464051447,11.914265105326471,11.914265105326471
A103,17.837717819272733,16.1122330233894,12.921192437232719,12.921192437232719
A104,14.924992261304528,9.646805533439554,7.363026212095134,7.363026212095134
A105,18.476842452107448,14.97236824954556,10.40387394195066,10.40387394195066
A106,21.22280777842555,17.422627528590514,13.957896797153932,13.957896797153932
A107,19.42125289470275,14.723667477907805,14.246277934955504,14.246277934955504
A108,18.403128484037705,12.485144893031878,10.30376406950392,10.30376406950392
A109,22.864700041767442,17.036787519952227,14.833612574150642,14.833612574150642
A110,25.187794921350303,19.33439476683974,17.518223939657812,17.518223939657812
A111,22.995929683315698,15.712277015124192,16.435761375731886,15.712277015124192
A112,22.392272350076485,15.698409855778387,14.607095296464662,14.607095296464662
A113,27.491955677979693,20.759389730914535,19.72447274326997,19.72447274326997
A114,28.705141229403488,21.7556738806225,22.05666885547317,21.7556738806225
A115,29.33751925436096,21.948310117182142,22.22599014667288,21.948310117182142
A116,29.705299342036596,22.29617438037297,22.71220960188594,22.29617438037297
A117,27.66647988089558,19.91523567523116,21.57755512100479,19.91523567523116
A118,25.46730674806427,17.86518737657123,18.71897243440462,17.86518737657123
A119,22.041632539356062,14.346682473659198,15.996654306447958,14.346682473659198
A120,18.487341993915727,10.943139997276832,12.543084389415547,10.943139997276832
A121,15.359705140399017,7.564000859333636,10.759700599923772,7.564000859333636
A122,12.263103766991454,4.6591022740437875,6.109825120246897,4.6591022740437875
A123,9.006627670776671,1.3258163522901654,6.182842145809644,1.3258163522901654
A124,5.419398306085279,0.0,3.6341286438429776,0.0
A125,4.210139783902668,1.3436818819943952,3.3673700420357715,1.3436818819943952
A126,5.79591632099705,3.561291058029377,5.195768470592199,3.561291058029377
A127,7.5628848331836975,3.2014623221271874,6.0839656475032795,3.2014623221271874
A128,7.841290008665666,3.807732264747615,3.6714162117635207,3.6714162117635207
A129,7.037959363338212,5.044575502458061,1.343134393871291,1.343134393871291
A130,2.782225008873294,3.6341286438429776,0.0,0.0
A131,7.97238540212401,3.2854655682262144,1.334653513088697,1.334653513088697
A132,10.216741946432824,6.386043062805011,3.3174961944213286,3.3174961944213286
A133,10.037577446774694,8.334581573180504,3.3021402150726433,3.3021402150726433
A134,11.489054878448444,8.021983607562408,3.3624369139063415,3.3624369139063415
A135,14.023935111087757,8.6593386583503,5.273953545491277,5.273953545491277
A136,15.549594624941191,11.97708645706459,7.086592128802109,7.086592128802109
A137,16.56998412793446,13.671545852609352,8.068935617539651,8.068935617539651
A138,18.251187386030534,14.11003309705544,9.361948675356002,9.361948675356002
A139,19.434018987332497,15.161226797327451,11.199310201972263,11.199310201972263
A140,19.95965292784421,17.650431212862763,12.056715721953472,12.056715721953472
A141,22.373859099404374,18.709594624149396,13.66551404082554,13.66551404082554
A142,24.340393115149144,19.66204813848242,15.44352922747906,15.44352922747906
A143,26.135323720971964,22.171502542678518,17.28681867782502,17.28681867782502
A144,24.77445508987029,20.299163431038235,16.268730097951714,16.268730097951714
A145,22.341851803286136,18.434161114626292,14.45232552221268,14.45232552221268
A146,25.977359007412588,23.26264365887936,18.24080957633186,18.24080957633186
A147,22.769933179524262,20.24740580914009,15.348617722778817,15.348617722778817
A148,19.591426313568903,17.457711705719053,12.788205894495132,12.788205894495132
A149,20.316784637338653,18.485444787724205,14.641468812929936,14.641468812929936
A150,21.44817374510007,18.35943901648414,14.659518034369343,14.659518034369343
A151,18.282835803014805,14.984363216366587,11.273027676715781,11.273027676715781
A152,15.12077808844505,13.30381193493053,9.148361164711416,9.148361164711416
A153,18.95556372150404,16.375234166264615,13.188628510955946,13.188628510955946
A154,19.18304861068751,15.455615484347428,13.163898206838278,13.163898206838278
A155,11.20698960470652,6.833510225352708,6.0913940112260025,6.0913940112260025
A156,16.317952016107903,13.277366229791209,11.299027259016592,11.299027259016592
A157,18.57123889243795,15.374710989153586,13.824430151004417,13.824430151004417
A158,18.244700545637905,14.10110045351071,13.818034701070916,13.818034701070916
A159,11.966981281843806,7.579913785789388,9.49856941860194,7.579913785789388
A160,13.874263692174802,11.117963527553057,10.73345284612552,10.73345284612552
A161,18.02175421539202,15.279667830159136,15.247730126153204,15.247730126153204
A162,15.941860775957116,14.340016631789519,13.604775999626016,13.604775999626016
A163,16.757676479751,14.903859265304407,12.721511466802992,12.721511466802992
A164,12.707285272630028,11.165505317718495,9.66167242251568,9.66167242251568
A165,10.664729673085953,9.153874862592344,6.779216916429212,6.779216916429212
A166,11.165479882208379,9.47091806531975,5.8462444355329515,5.8462444355329515
A167,10.837814678245795,11.228218781267135,7.806744904247865,7.806744904247865
A168,6.216960672225617,9.970791994621088,7.030837930147444,6.216960672225617
A169,11.562332550138834,14.651679118790446,10.616577320398509,10.616577320398509
A170,9.69897834825916,13.77848591101359,9.465883424171247,9.465883424171247
A171,5.341295067677875,7.542242637306227,3.8519453526757093,3.8519453526757093
A172,11.895453585298881,13.141286428656823,8.676891955072392,8.676891955072392
A173,13.49668974230348,15.74006168984099,11.261182575555729,11.261182575555729
A174,12.22615830913374,14.26922976197384,9.129905695022265,9.129905695022265
A175,14.330754132284873,13.051575728623728,7.641495730549091,7.641495730549091
A176,17.260749694031254,17.38004364206258,11.93946150376976,11.93946150376976
A177,16.329357397031885,19.03095785818465,13.571239884402603,13.571239884402603
A178,18.205902037526183,17.36447223499753,11.571021994620875,11.571021994620875
A179,20.42847123501903,19.710527897547543,13.807766437769724,13.807766437769724
A180,22.470604175233028,22.329781929074006,16.472071424080216,16.472071424080216
A181,21.087817217531075,21.323469323728727,15.955108962335546,15.955108962335546
A182,22.890316096550528,20.61052143930376,14.88018044245432,14.88018044245432
A183,26.425371028615665,25.3145125372779,19.41820555561198,19.41820555561198
A184,27.35993441147109,27.595043866607643,21.711755940043172,21.711755940043172
A185,29.042390913972632,28.211835690007838,22.472873848264268,22.472873848264268
A186,25.53189460263378,25.317262352000068,19.955173840385356,19.955173840385356
A187,25.327352881815347,25.9490119079706,20.95978790446125,20.95978790446125
A188,19.10331057696545,22.095645453346684,17.998269389027378,17.998269389027378
A189,23.58307399386263,25.85198650007384,21.261966371904553,21.261966371904553
A190,22.345399481772528,25.378720712439385,21.766432619977024,21.766432619977024
A191,23.359797387819956,27.21475021013421,23.121557797864742,23.121557797864742
A192,25.33490939395679,29.721779573235516,25.868317475243728,25.33490939395679
A193,24.114819613673248,29.326727604695343,25.092471341021792,24.114819613673248
A194,26.07139541720005,32.70932286061575,28.388525040938635,26.07139541720005
A195,20.21956962944563,27.80603929005352,23.349115208075872,20.21956962944563
A196,26.15359099626665,33.475460907954655,29.03161416456205,26.15359099626665
A197,24.699280596810908,32.13521425165857,27.73360508480641,24.699280596810908
A198,19.97951002902724,27.937200181836406,23.64203151169544,19.97951002902724
A199,24.497245988069764,31.48230890516132,27.584304848953508,24.497245988069764
A200,20.972508910476115,28.853303641004437,25.128057803976812,20.972508910476115
A201,26.305579275127165,32.93385088324777,29.12996287330281,26.305579275127165
A202,25.645774115826566,32.19156055552448,28.676503901277783,25.645774115826566
A203,25.92589259794154,32.920356589806254,29.779798941564398,25.92589259794154
A204,22.544731136121364,29.859750183147884,26.747342353961077,22.544731136121364
A205,24.53088473740807,31.44435652068587,28.715366165173656,24.53088473740807
A206,18.836530094473343,26.12983832709265,23.550656275356744,18.836530094473343
A207,25.848798037819865,33.22367771635163,30.842534088495388,25.848798037819865
A208,29.169956067844872,36.32359046129663,34.088969242263694,29.169956067844872
A209,29.185187287389468,36.27306623377737,33.64482743305425,29.185187287389468
A210,26.259557517216468,33.82987617476599,31.146040871995275,26.259557517216468
A211,23.975474406150965,31.93772612444411,28.929021863865362,23.975474406150965
A212,23.085616171113994,31.84861078602958,28.6176695242642,23.085616171113994
A213,22.222186256082008,31.005042476990738,27.45445353672151,22.222186256082008
A214,18.534941111317295,27.60717227461009,23.927496087137914,18.534941111317295
A215,17.98745245997887,27.210503872585672,23.114131110643115,17.98745245997887
A216,15.161326525076886,24.051959026241498,19.862008181450335,15.161326525076886
A217,15.78040192770767,24.093140559088596,19.848292470638377,15.78040192770767
A218,12.949725248050632,20.972464924276306,16.762742048960842,12.949725248050632
A219,14.632799253731324,21.01602771695926,16.951224764010416,14.632799253731324
A220,11.407526550484114,18.226495027843395,14.119935021096946,11.407526550484114
A221,8.545628297556593,14.226727100777607,10.005107895470193,8.545628297556593
A222,14.385861044789777,21.17808893644561,17.159963024435687,14.385861044789777
A223,15.918161514446322,23.628729314120978,19.53318368827775,15.918161514446322
A224,18.025275448658196,25.94511942543337,21.791074732559657,18.025275448658196
A225,18.543257912244005,27.324397980559425,23.133164612737275,18.543257912244005
A226,20.310341528393852,29.406324302775413,25.31397262382971,20.310341528393852
A227,21.50003081393141,30.674823194274488,26.542833420718296,21.50003081393141
A228,24.184192543891143,33.45276012528712,29.53835611539681,24.184192543891143
A229,24.741716553222414,34.03608222166588,30.410952648675774,24.741716553222414
A230,25.86898020796336,34.92725511688544,31.178887953228866,25.86898020796336
A231,27.068628446967903,35.83044943898974,32.05516624508443,27.068628446967903
A232,28.535454823780192,37.245926341010765,33.22263115708929,28.535454823780192
A233,30.292957630446054,38.50392202100976,34.60360297714676,30.292957630446054
A234,31.350606469412998,39.25417161270889,36.03381219077438,31.350606469412998
A235,33.27130000465866,40.8839078856217,37.277634621847994,33.27130000465866
A236,32.80210205154541,40.14070156337579,36.76058760411754,32.80210205154541
A237,29.49286144137255,36.46457191576503,32.90958216082362,29.49286144137255
A238,29.718250234493954,37.22535420919457,33.50828431895611,29.718250234493954
A239,26.39934698055995,34.38987650457617,30.60368000747623,26.39934698055995
A240,27.21093210457885,35.4529690294057,31.370442665031042,27.21093210457885
A241,23.662490781825994,31.9355438031044,28.04684363702982,23.662490781825994
A242,27.14763637961876,35.581544345348476,31.279209101254462,27.14763637961876
A243,22.070889492723214,30.25930445334129,25.900780567388317,22.070889492723214
A244,27.982451983341274,36.58126905945172,32.32969684361423,27.982451983341274
A245,27.85196642967961,35.767910380675026,31.520910948130926,27.85196642967961
A246,27.248526859263425,34.68261635171142,30.43367669211198,27.248526859263425
A247,21.28281856333883,29.126740480184186,24.8781064190987,21.28281856333883
A248,22.480202534674817,29.231543561707447,25.10645452866653,22.480202534674817
A249,20.613581857600582,27.366045603996206,23.164305083468403,20.613581857600582
A250,18.768470076167638,23.851794607534252,19.994235419240216,18.768470076167638
A251,17.171759548747474,21.79778761709546,17.83067791756668,17.171759548747474
A252,13.615002056555115,17.217201863252924,13.529898521422842,13.529898521422842
A253,13.290075620552352,19.991034865659156,15.569436759240842,13.290075620552352
A254,7.612377880793884,16.810514507295725,12.762620185526167,7.612377880793884
A255,12.880325655820974,21.190769405569018,17.00350534448706,12.880325655820974
A256,9.859519004495096,19.225778163705105,15.346775231298594,9.859519004495096
A257,14.804132531154941,23.56966221650196,19.808446607445017,14.804132531154941
A258,13.477001484009714,22.813313021128696,19.167096598076615,13.477001484009714
A259,18.97744524428934,27.601691125726337,24.5546371384307,18.97744524428934
A260,21.829064478350876,30.61023569004329,27.583071348201965,21.829064478350876
A261,23.705654030209754,32.28679225317994,29.40730325956462,23.705654030209754
A262,27.232804666431257,35.75167913539167,32.860065870293084,27.232804666431257
A263,28.028310223771964,36.47188814690021,33.17471785863446,28.028310223771964
A264,24.449328518386757,32.91562110913297,29.76645981637722,24.449328518386757
A265,21.28629570874181,30.084034004767382,26.48607184918141,21.28629570874181
A266,17.611827190839684,25.06077025951118,22.018351800259712,17.611827190839684
A267,16.028290052279438,25.376479227820393,21.717953609859286,16.028290052279438
A268,16.433585153581063,24.786143427326486,22.03755982408216,16.433585153581063
A269,8.889016706025476,17.792962738116437,14.608441600663639,8.889016706025476
A270,15.011948374544858,22.31252157421926,19.509149110097038,15.011948374544858
A271,12.984236635243521,20.91907765653161,17.43971920645513,12.984236635243521
A272,7.372252640814747,15.233564192269649,11.543697761116237,7.372252640814747
A273,11.691769327180554,18.730430507599124,14.426992583348756,11.691769327180554
A274,7.498872515251876,14.92175726916907,10.54007865245796,7.498872515251876
A275,13.910162651816837,19.74193546742568,15.269922003730079,13.910162651816837
A276,16.434484263280062,20.363377077488888,16.187197039635986,16.187197039635986
A277,19.217117187549228,23.769768614776208,19.60763346250638,19.217117187549228
A278,21.397562968712112,24.76618408233291,19.923430327129914,19.923430327129914
A279,19.331214447106007,21.481541867380002,16.322436490916424,16.322436490916424
A280,21.160000874291097,26.566912729935332,22.16091823458586,21.160000874291097
A281,25.429053816451763,29.466412828846337,24.661519722028487,24.661519722028487
A282,28.29772842473402,31.860459428576984,26.575395142876054,26.575395142876054
A283,29.209396758577533,31.56544772373742,26.079362683930757,26.079362683930757
A284,32.51757017367687,35.05204143840984,29.508834151826466,29.508834151826466
A285,32.28738597347268,36.13744654786777,30.776066447809733,30.776066447809733
A286,30.2665501172499,32.46563600177887,27.038820111092125,27.038820111092125
A287,34.222357034546874,35.31500392184602,29.598602298081577,29.598602298081577
A288,37.28455092930582,38.69424066963971,33.144130868073766,33.144130868073766
A289,40.317644487246525,41.62745879824998,35.96641639084996,35.96641639084996
A290,39.98252610828885,40.230119823336345,34.45289336180635,34.45289336180635
A291,42.39899483478352,42.740468095237325,36.83640331248424,36.83640331248424
A292,40.40309601998342,40.12347169675127,34.313932753329226,34.313932753329226
A293,39.329596972254876,38.941538554607725,33.25551330230824,33.25551330230824
A294,35.65258316027045,34.872017521216065,29.20117405173977,29.20117405173977
A295,32.86380279273839,32.44336325043999,26.978279318740846,26.978279318740846
A296,30.84935360749071,31.520773213866438,26.132106401895737,26.132106401895737
A297,27.899149467322477,27.60386367884032,22.30171459776131,22.30171459776131
A298,27.253161156093434,28.69873103466423,23.862844989648654,23.862844989648654
A299,23.322183131087876,23.429183191054697,18.85743537706016,18.85743537706016
A300,22.24217950201823,23.435389008932624,18.02207562962713,18.02207562962713
A301,26.41168008665863,28.438464621002307,23.359877696597643,23.359877696597643
A302,26.524149920402728,29.686564368414206,24.983640327222133,24.983640327222133
A303,21.45343732365515,24.4270431694055,19.953753456430196,19.953753456430196
A304,24.202936454075154,28.17479948464585,23.38802082263482,23.38802082263482
A305,28.203416707909703,32.541540359976814,27.944968437985395,27.944968437985395
A306,31.400420506738445,35.96928479967318,31.307105535325363,31.307105535325363
A307,30.750229690199067,36.25535625255943,31.938401306264534,30.750229690199067
A308,35.45309262955772,41.07113042028427,36.74510292542395,35.45309262955772
A309,35.611066440082915,42.28168785656505,37.92081845108304,35.611066440082915
A310,38.39902057344692,45.03298984078228,40.7366480457094,38.39902057344692
A311,38.93828543991119,46.32064494369654,41.866298857195396,38.93828543991119
A312,39.00891698060842,45.11986632294027,40.71807609649552,39.00891698060842
A313,35.54778614766326,41.79995192580967,37.39677324315562,35.54778614766326
A314,32.94159742635442,38.802760546126095,34.422913386289665,32.94159742635442
A315,30.451105825568963,36.16229468659311,31.795548902322793,30.451105825568963
A316,26.825092674583622,32.67702045780796,28.3026959493261,26.825092674583622
A317,25.814041566558306,31.133442132215322,26.82233311999536,25.814041566558306
A318,19.79860027880759,25.085830103865412,20.81513269234669,19.79860027880759
A319,22.219214702594687,26.90587670008171,22.558675537362557,22.219214702594687
A320,17.26107374991486,23.222791606523106,19.01549773211314,17.26107374991486
A321,18.90044996818859,23.806015668313755,19.797547550138628,18.90044996818859
A322,17.518825474329038,22.219059498547633,18.524129615180303,17.518825474329038
A323,16.385045193712468,19.75457058505702,15.783136950555805,15.783136950555805
A324,14.616032327550455,19.52752938802039,15.430625230365749,14.616032327550455
A325,13.444562692776586,19.018202096938605,15.375318012971308,13.444562692776586
A326,8.84575350097435,15.271646604083006,11.460365526456824,8.84575350097435
A327,11.51104295882871,17.379901179235745,14.403500893879931,11.51104295882871
A328,14.413964652377915,20.29428604312061,17.26811098528151,14.413964652377915
A329,13.638867438317597,17.10444284389293,13.61330988408036,13.61330988408036
A330,10.473665929367806,14.117434079888596,12.235290679015353,10.473665929367806
A331,17.902404447447836,22.040621452218627,19.387305150536008,17.902404447447836
A332,19.087549973739428,21.200277285922464,18.080352153650104,18.080352153650104
A333,23.11614494244228,26.405754410734033,23.974514405926975,23.11614494244228
A334,23.917699513122074,27.998282536612844,25.166950570142582,23.917699513122074
A335,23.871410913475554,28.434860154394986,26.330487481245008,23.871410913475554
A336,20.22732411862726,26.009733658767054,23.868934182321592,20.22732411862726
A337,18.257837604711025,24.759985399834143,21.925381410593523,18.257837604711025
A338,24.046137527677914,29.137972081117795,25.69520729630333,24.046137527677914
A339,24.727834316817965,28.952442746683744,25.258915534915587,24.727834316817965
A340,25.80111982065895,30.887142405862026,27.125399425630587,25.80111982065895
A341,20.181026832151034,26.819847370930354,23.31130588362651,20.181026832151034
A342,22.87535997530968,28.99113392056268,25.03930799762645,22.87535997530968
A343,19.986076903684722,26.871581029035116,23.12642661545445,19.986076903684722
A344,23.458202957600996,29.960788157189725,25.932872343803336,23.458202957600996
A345,19.39010979855452,25.9440060707671,21.598464088911506,19.39010979855452
A346,24.967186645675554,31.74911942085953,27.3494093537685,24.967186645675554
A347,21.401873492757588,27.90339979285678,23.438163622604907,21.401873492757588
A348,28.210737991055815,33.98020366330961,29.727488709946556,28.210737991055815
A349,29.9809128613523,35.16899466859979,30.6218106257615,29.9809128613523
A350,28.592068865333967,34.110344398730426,30.109692542435567,28.592068865333967
A351,32.580884303529885,37.136953294528624,33.1311917986661,32.580884303529885
A352,35.62720911045377,40.30942075991666,36.07750207539319,35.62720911045377
A353,32.487008480314095,35.460460473603554,30.889007510763435,30.889007510763435
A354,38.57907593501949,42.10188605038971,37.67057671445979,37.67057671445979
A355,40.66049052827572,43.64039337586223,38.72487572607561,38.72487572607561
A356,40.69443328024117,43.04301907394508,38.43463272882935,38.43463272882935
A357,38.87378112558643,40.59087936963179,35.83144951017193,35.83144951017193
A358,41.47086289191485,43.41547624983515,38.881977547444784,38.881977547444784
A359,40.423204363335664,42.78617430899846,38.79474152510878,38.79474152510878
A360,36.64414432075062,39.064111790747276,35.38505150483746,35.38505150483746
A361,37.28140808767823,39.69179650759084,36.2541545481342,36.2541545481342
A362,33.65017041561603,36.63350327227796,33.67134651302202,33.65017041561603
A363,31.95246222124361,34.96069480144809,32.2504341831238,31.95246222124361
A364,28.444169050967197,31.266860507572552,28.626046286555187,28.444169050967197
A365,27.31066729320249,31.295213611669116,28.284459673113783,27.31066729320249
A366,25.032354523695926,28.260123318909987,25.520809038900005,25.032354523695926
A367,23.380965014301697,27.93233420249729,24.4833177898748,23.380965014301697
A368,23.85393175139059,28.68344057117277,24.9992963700981,23.85393175139059
A369,19.321882956896307,24.42082074787823,20.52470243389657,19.321882956896307
A370,21.606594363758486,27.314312640079375,23.15092125596733,21.606594363758486
A371,20.559695279843034,25.327577321962714,21.348766638848247,20.559695279843034
A372,18.057234422801294,24.24629604702541,19.846781603071065,18.057234422801294
A373,17.660617656242945,24.09046853010543,19.63976288044232,17.660617656242945
A374,14.665934678703572,20.841060505646062,16.42436930295955,14.665934678703572
A375,14.423649122188186,21.35939289867575,16.961975386139436,14.423649122188186
A376,15.25635585583923,21.041040112123735,17.520242492614077,15.25635585583923
A377,11.609551369454376,18.214771450666078,14.39459665985817,11.609551369454376
A378,12.114607174811736,18.422211240782143,14.863106371145973,12.114607174811736
A379,4.902971955865136,11.979276814566061,8.711434152882061,4.902971955865136
A380,9.53312257342787,16.32608272060386,13.226012172986987,9.53312257342787
A381,6.548447373232833,11.766400001699754,9.615615892910863,6.548447373232833
A382,9.68520247594236,15.895594012178343,13.375117083599681,9.68520247594236
A383,9.723979072375672,14.92542910605923,13.438509255122014,9.723979072375672
A384,7.812187209738384,11.967560570141268,10.719621122035983,7.812187209738384
A385,11.00039576560771,14.877626053910618,14.42745123020695,11.00039576560771
A386,13.075732369546266,15.672128700339337,14.303985074097357,13.075732369546266
A387,15.910368474677133,19.13401183756297,17.949636319435555,15.910368474677133
A388,18.281196623853702,20.036898287908734,18.22422151972479,18.22422151972479
A389,18.327938973054223,18.775058694981485,18.49716124166084,18.327938973054223
A390,19.947814165968158,22.99521772021304,22.860485231070665,19.947814165968158
A391,23.664487021695614,25.604829505388235,25.949312534246452,23.664487021695614
A392,26.787936296026984,28.984941831923692,28.78665131619168,26.787936296026984
A393,28.943983450796814,31.444257377142808,31.497051052439815,28.943983450796814
A394,31.989292911847865,34.51761421361564,34.43052465473043,31.989292911847865
A395,34.255297911418026,37.05380640366115,37.12982065671743,34.255297911418026
A396,35.20957153956861,39.26254385543555,38.8329693688237,35.20957153956861
A397,39.51091782026837,42.642471562985186,42.686865966008796,39.51091782026837
A398,42.199832345638534,45.450072277170264,45.295939917392154,42.199832345638534
A399,44.24576294968819,47.847044475077034,47.74866450488432,44.24576294968819
A400,47.15808838364847,50.80759083050485,50.574646622591445,47.15808838364847
A401,49.17695180671531,53.26051671735828,52.86671937050756,49.17695180671531
A402,52.71246903722117,56.643466260461146,56.34340732508108,52.71246903722117
A403,54.940244083913576,59.14175406597272,58.7082173975671,54.940244083913576
