,A407,A394,A389,min dist
A1,50.616398469270806,47.756137427560034,53.4225319972762,47.756137427560034
A2,48.00662345968522,45.343343392387816,50.97858590624106,45.343343392387816
A3,46.58917832501449,44.29957113787898,49.90648452856603,44.29957113787898
A4,42.23655389588502,40.02460909240713,45.62363409462249,40.02460909240713
A5,41.002695765034765,39.32358348370606,44.86416490920119,39.32358348370606
A6,36.8735626024934,35.32112066455423,40.80532266751484,35.32112066455423
A7,35.75224846076118,34.69252895076979,39.973091311531064,34.69252895076979
A8,32.09490246129438,31.21388718182982,36.406592823278594,31.21388718182982
A9,31.912480896978224,31.190015934590352,35.811919635786076,31.190015934590352
A10,29.624525802112007,29.874129677699397,33.93085153661782,29.624525802112007
A11,29.854941132080633,29.97518455322669,33.54017321064398,29.854941132080633
A12,31.435823832055046,31.997617051899347,35.23295969685203,31.435823832055046
A13,31.20407377250605,31.835489850165647,34.758516553500954,31.20407377250605
A14,30.964575388659863,31.367261834594363,33.65855695064778,30.964575388659863
A15,32.12509402320871,32.75974129934484,34.86228462106292,32.12509402320871
A16,31.53371938100547,32.00132837867828,33.522275951969604,31.53371938100547
A17,32.970117379226906,33.658887593026606,35.00019589945176,32.970117379226906
A18,32.41654176496932,32.97440210223682,33.68090766294757,32.41654176496932
A19,31.195924317128352,32.26174161448821,32.57386404773005,31.195924317128352
A20,36.44140708040786,37.20634421708212,37.47753752583005,36.44140708040786
A21,36.90048503746258,37.71122477459463,37.65017261580616,36.90048503746258
A22,37.82772620710899,39.01588297091327,38.6356357136776,37.82772620710899
A23,39.39663013507627,40.24474810456639,39.4608395627868,39.39663013507627
A24,41.399049143669956,42.51401133744027,41.54710053661989,41.399049143669956
A25,42.83928835776804,43.77116759923135,42.47998265065559,42.47998265065559
A26,43.43174175646194,44.33510575153735,42.46737318224427,42.46737318224427
A27,45.37328352676275,46.35865647319818,44.53844529168031,44.53844529168031
A28,45.014692656953684,45.89762108214325,43.58812927850885,43.58812927850885
A29,45.85700175545715,46.86323900457586,44.51295035155499,44.51295035155499
A30,45.29091645131505,46.122907041946085,43.633248217385784,43.633248217385784
A31,46.80726622010732,47.73722905657596,45.25767066476135,45.25767066476135
A32,45.8003570073422,46.51051013480717,43.93699977240139,43.93699977240139
A33,44.532634628999894,45.686504856467195,43.18248466681833,43.18248466681833
A34,44.2494317025654,45.4326760052718,42.87041715449011,42.87041715449011
A35,42.825423395455175,44.24974953601433,41.61081558921911,41.61081558921911
A36,43.33240381054344,44.996619395239016,42.36373131583194,42.36373131583194
A37,40.122904418797994,42.184353284126566,39.351406633054424,39.351406633054424
A38,43.012854462358106,45.35796125268419,42.30430556101825,42.30430556101825
A39,43.137625166436784,45.439410669593855,42.13220599493931,42.13220599493931
A40,38.03266463186612,40.86748612283364,36.871409031931506,36.871409031931506
A41,44.85924535700528,47.50330810585722,43.47889709962754,43.47889709962754
A42,45.16130332485988,47.812375019444495,43.59023364241123,43.59023364241123
A43,47.29707298554531,49.921072524536164,45.46706572894274,45.46706572894274
A44,48.1826965932792,50.823764225015836,46.146974808756426,46.146974808756426
A45,50.289218307704886,52.821391301252184,47.97355651814862,47.97355651814862
A46,50.917489775125404,53.408818326190286,48.26042657291789,48.26042657291789
A47,51.6010805797708,54.00899893536261,48.76433662011613,48.76433662011613
A48,51.78306189286222,54.32134311667929,48.97288396653805,48.97288396653805
A49,51.83460630698376,54.577870478793876,49.224141394238664,49.224141394238664
A50,52.398003750143,55.214938793772106,49.825720205532406,49.825720205532406
A51,50.99696333116316,53.807606283870314,48.384106171345145,48.384106171345145
A52,51.851482109964806,54.79645407323361,49.404077696076875,49.404077696076875
A53,50.98694908503548,53.93759788867131,48.56277045227136,48.56277045227136
A54,49.45883204241685,52.14819055346024,46.80284098214552,46.80284098214552
A55,47.793279977419424,50.704710096794756,45.48170374996961,45.48170374996961
A56,48.21992355862875,50.75661719421419,45.57569469574764,45.57569469574764
A57,47.2211080450258,49.91526076261648,44.85629597949434,44.85629597949434
A58,44.792798148809595,46.991137643176934,42.0779397903462,42.0779397903462
A59,44.838190474192864,46.508146017660174,42.13201412227998,42.13201412227998
A60,41.16310125585778,42.83024059003171,39.34900177895241,39.34900177895241
A61,41.08743724059704,41.93524246978905,38.63800073761581,38.63800073761581
A62,40.795969960279166,41.38138374921747,38.74281390141919,38.74281390141919
A63,36.90495389510736,37.2716601991379,35.10894689391865,35.10894689391865
A64,35.797644671123265,35.80182104306986,34.39745202773019,34.39745202773019
A65,33.64850015973966,33.55535267285981,32.72009506404282,32.72009506404282
A66,30.9046646317348,31.2191766387264,30.21870543223187,30.21870543223187
A67,27.65101115691793,28.165440774111808,27.82139277606353,27.65101115691793
A68,27.77828659222883,28.37416060432449,28.758125530013253,27.77828659222883
A69,23.460854758512102,24.074170473767108,24.786740205198424,23.460854758512102
A70,23.703467362392363,24.553933065804344,25.834317273734946,23.703467362392363
A71,20.001146017166118,20.629441339987856,22.9855680373577,20.001146017166118
A72,19.58834301312901,21.27398951771858,23.121544412084585,19.58834301312901
A73,18.855096791053608,19.555481814570562,23.41326942141998,18.855096791053608
A74,23.102800825873906,24.125050341916385,27.606487751975983,23.102800825873906
A75,23.926152615913825,25.83124118194865,29.438098732764654,23.926152615913825
A76,27.49881844734424,28.93087952344346,32.84251809773422,27.49881844734424
A77,30.112956962078634,31.483513701618506,34.99468272466547,30.112956962078634
A78,31.120112499796655,32.92687124523069,35.46907516414827,31.120112499796655
A79,33.68040642569504,35.619970171239615,38.683343818754864,33.68040642569504
A80,36.628126910886394,38.73582085099011,41.43554941110351,36.628126910886394
A81,38.23974313459755,40.69646275783683,43.22126954405667,38.23974313459755
A82,37.45972499899059,39.64607739739204,43.425491603434956,37.45972499899059
A83,42.46031304642018,44.71769410423574,47.91707438898999,42.46031304642018
A84,44.59246520433693,46.83286891703305,50.37927511387991,44.59246520433693
A85,41.74629460203624,43.684813253578184,47.73961781371945,41.74629460203624
A86,41.42685923407662,43.21089219166853,47.5467137876005,41.42685923407662
A87,37.675297543616026,39.19807828197704,43.51273819239602,37.675297543616026
A88,37.50795886208686,38.79009149254485,43.502484319863854,37.50795886208686
A89,32.57135027904124,34.02443164844932,38.46402237156171,32.57135027904124
A90,32.27243882944082,33.13946351406431,38.25602836155368,32.27243882944082
A91,31.442931813048222,32.08190282698331,37.44499946588329,31.442931813048222
A92,28.472228732573782,28.889397276509598,34.0104449103507,28.472228732573782
A93,25.413337246414528,25.281891147617895,30.674631472928894,25.281891147617895
A94,26.5362069821593,27.31853731443175,32.90333777901567,26.5362069821593
A95,23.97084458253401,25.85815403310917,30.891407057626882,23.97084458253401
A96,25.6736329723707,27.52017194713725,32.63855787255313,25.6736329723707
A97,26.53210157526162,28.961558676977315,33.83055490233644,26.53210157526162
A98,19.748990936247854,21.943030715924362,26.79697223568364,19.748990936247854
A99,24.345831799303966,27.928056949956257,32.00018276510308,24.345831799303966
A100,28.574124676007138,32.179996333125956,36.2928484139782,28.574124676007138
A101,28.209285031705427,31.69824072405281,35.59430669362728,28.209285031705427
A102,25.566945867662803,28.110626086944418,32.737245134555835,25.566945867662803
A103,29.652289506882937,31.650622884865946,36.62221305437453,29.652289506882937
A104,30.706968736754202,32.54627307388667,37.68370590852232,30.706968736754202
A105,28.281734211324455,29.75679021668836,34.905423074359085,28.281734211324455
A106,32.0704273903545,32.846170355157085,38.49572385343598,32.0704273903545
A107,31.95613312026347,31.809935020367455,37.5311635577689,31.809935020367455
A108,34.26240677477284,34.70487841788241,40.24953815884103,34.26240677477284
A109,35.20103024060517,36.32750411189846,41.58679322813914,35.20103024060517
A110,37.32430433377158,38.4724210051824,43.7262986542424,37.32430433377158
A111,32.530138287440465,34.12544336708316,39.12320100656387,32.530138287440465
A112,36.207683134936985,38.361911996145345,42.85571859157188,36.207683134936985
A113,32.63548819919812,34.61333872945515,39.08176830697403,32.63548819919812
A114,35.82149921485699,38.27395895383701,42.42801543791555,35.82149921485699
A115,31.81018014724217,34.522736812135854,38.34622856292388,31.81018014724217
A116,30.23439445399891,32.877033838228165,36.1740040084036,30.23439445399891
A117,29.042865509449992,32.094451934874975,34.59077468054163,29.042865509449992
A118,26.491066626317632,29.38999613814197,32.5957648936177,26.491066626317632
A119,24.3562622748237,26.919882726341882,30.490718948558758,24.3562622748237
A120,19.674386445325304,22.562685611424897,25.945576771388218,19.674386445325304
A121,21.193401803391545,24.057909655662105,28.119588866126758,21.193401803391545
A122,27.463333901768006,30.062323945430432,34.137735030315056,27.463333901768006
A123,30.77613507248758,33.50424391028695,37.53076226244279,30.77613507248758
A124,32.83876692264799,35.124872127881126,39.67825158698402,32.83876692264799
A125,35.86887526812069,38.135833686966905,42.69834585789009,35.86887526812069
A126,37.11619251755223,38.94259278733249,43.96278745712105,37.11619251755223
A127,39.443480107617276,41.15678506637757,46.16025546939705,39.443480107617276
A128,39.04550896069867,40.39673575921698,45.71748112046419,39.04550896069867
A129,38.0586483864049,39.92482376917899,45.002577448408445,38.0586483864049
A130,40.272965026181026,42.49619147641351,47.305345934682684,40.272965026181026
A131,36.14201888384211,38.272281627830864,43.22192907541263,36.14201888384211
A132,34.57009884278609,37.24939959247666,41.714000886992366,34.57009884278609
A133,31.229222180515478,33.9098966380023,38.282207956177245,31.229222180515478
A134,27.911858232658034,30.75761269994796,34.96089092114216,27.911858232658034
A135,26.382609480489226,28.627551921182505,33.177808863757114,26.382609480489226
A136,23.383852419992735,25.31982547333216,30.079576559519587,23.383852419992735
A137,24.520040048906935,26.54251483940435,30.704061588004933,24.520040048906935
A138,20.693099598658485,21.88538144515649,26.75375661472609,20.693099598658485
A139,21.802494490310046,22.76748879433127,28.18982401505905,21.802494490310046
A140,28.06081319206555,29.17739578852095,34.140758178458775,28.06081319206555
A141,31.000312933904393,31.916359284855783,36.80463142051554,31.000312933904393
A142,33.164403130465054,34.12206220321392,38.66162351738478,33.164403130465054
A143,36.92488580889587,37.78609979873551,42.59539066612725,36.92488580889587
A144,38.76883646693565,39.28690221944204,44.01064396256887,38.76883646693565
A145,34.59061706590387,35.08093614771419,39.74680939396268,34.59061706590387
A146,33.90270682408707,33.64910165219868,38.509242345182535,33.64910165219868
A147,31.011329897313335,31.27858804358023,35.81446263732013,31.011329897313335
A148,33.519046212563985,33.66024820169928,38.61795283284706,33.519046212563985
A149,32.47467399374472,31.952689918064802,37.15248111499419,31.952689918064802
A150,31.099861784258785,30.182284621943385,35.58324275554436,30.182284621943385
A151,32.15383288194426,30.90951816188664,35.987084252548165,30.90951816188664
A152,29.539030417398603,28.90529702321012,33.93151184371248,28.90529702321012
A153,26.298183074121297,25.07685109817419,30.168529778562295,25.07685109817419
A154,27.595012212354607,26.86584324006972,31.189745895085455,26.86584324006972
A155,24.32510855063138,23.32683591917258,27.301925243469555,23.32683591917258
A156,23.860741501470567,22.25362157043208,26.93158207384037,22.25362157043208
A157,22.43565465949233,20.334542974947826,24.287918272260388,20.334542974947826
A158,26.034326148375722,23.44514150095921,27.458835663589234,23.44514150095921
A159,21.40561108681553,17.967302412994556,21.112180583729383,17.967302412994556
A160,18.93392143746245,16.69748331336193,21.401549873782503,16.69748331336193
A161,24.682262477333797,22.34928582751583,26.964542365855202,22.34928582751583
A162,25.981652680305,22.9566402158504,27.65121990075664,22.9566402158504
A163,19.33350630382394,16.12342817145287,20.472335382168787,16.12342817145287
A164,22.793731726068902,20.718607723493392,26.169305493268254,20.718607723493392
A165,27.254896018880718,24.575098351786917,29.704685876137457,24.575098351786917
A166,27.837941392998154,24.3740583612988,28.79477002860068,24.3740583612988
A167,25.935760081401124,23.27375107282881,28.88557711038504,23.27375107282881
A168,28.993593378537955,25.6652642690466,30.979872772495373,25.6652642690466
A169,28.629627119471884,26.17245563564871,31.92807834806223,26.17245563564871
A170,29.328344276484483,26.700393105720373,32.105294329751906,26.700393105720373
A171,34.754482761220885,32.020852424631045,37.44408500684721,32.020852424631045
A172,37.22191241728452,34.282022198230955,39.48518818493841,34.282022198230955
A173,36.93554506163406,34.42799214302222,39.624231210207725,34.42799214302222
A174,32.39241747693432,30.080650425148722,35.48148877936212,30.080650425148722
A175,32.66291629661993,30.798552709502438,36.05231988374673,30.798552709502438
A176,28.466980275399777,26.518501956181463,31.54704280911287,26.518501956181463
A177,31.024320959531085,29.789650232924856,34.533618649078754,29.789650232924856
A178,28.874514073833346,27.031791376081607,31.21220290207021,27.031791376081607
A179,29.874113760913477,28.69788572351629,32.549315338421486,28.69788572351629
A180,31.33350765554345,29.888385938354048,33.2586022255897,29.888385938354048
A181,25.940483900652275,23.958645224636555,27.3775496529547,23.958645224636555
A182,31.719619307299386,30.014343154565285,32.94365242349427,30.014343154565285
A183,33.9510769343183,32.46314804512958,35.32543664273663,32.46314804512958
A184,34.05986108309897,33.62659789511868,36.120825364324105,33.62659789511868
A185,35.12759476536929,34.39893823942826,37.57754568888181,34.39893823942826
A186,34.42992412132214,33.31629800863235,36.9857774421466,33.31629800863235
A187,34.52658039829603,33.61279095820518,37.63740087997576,33.61279095820518
A188,33.3396413597987,31.30848706022059,35.367091851041415,31.30848706022059
A189,34.77903497798638,32.61225840079157,37.08701441205533,32.61225840079157
A190,31.449394859042997,29.171483935514836,33.59158434786904,29.171483935514836
A191,34.26451464708058,31.698431664673883,36.372899279546026,31.698431664673883
A192,33.5046266954282,30.573069358505702,35.55472157112189,30.573069358505702
A193,35.796556524336246,32.545679298487535,37.15237937198639,32.545679298487535
A194,37.684962133455834,33.835231165162746,38.526650684947946,33.835231165162746
A195,39.27415402016955,35.48244350379494,39.448206347057145,35.48244350379494
A196,41.57960010630213,37.14980799412024,41.169840040981455,37.14980799412024
A197,39.09797704485489,34.61929048955221,38.32222554862909,34.61929048955221
A198,35.378061153771554,31.125183951263644,35.14699339915151,31.125183951263644
A199,36.06321502584039,32.06815038320733,36.44275908874079,32.06815038320733
A200,31.50544270439633,27.920912932782123,32.81724890968163,27.920912932782123
A201,33.41391523003553,29.971090203727993,34.273545891839085,29.971090203727993
A202,30.768283312528176,27.642231783993125,32.21344728525651,27.642231783993125
A203,34.71976419850803,31.660018856595777,35.960513261075675,31.660018856595777
A204,30.802234740356095,28.081137031822625,32.22984872753827,28.081137031822625
A205,36.75014869357674,34.30627363908823,38.392637666615194,34.30627363908823
A206,38.012599016641836,35.96520097260684,39.42958622658878,35.96520097260684
A207,37.80817189444632,36.22555073425386,40.612479436744565,36.22555073425386
A208,40.91352804391232,39.35623115848366,43.16036305454346,39.35623115848366
A209,41.19312993692031,40.58518395917407,44.244447798565645,40.58518395917407
A210,44.8462570790473,43.82343037691139,47.4826951004258,43.82343037691139
A211,46.46115025480967,45.67528601990359,48.762357879823654,45.67528601990359
A212,48.35971196150779,47.79625726979049,51.536066642692084,47.79625726979049
A213,44.68106922400134,44.0607271501504,48.07400379623066,44.0607271501504
A214,44.6031172229027,43.63032681518671,47.5642977242385,43.63032681518671
A215,40.393428673485985,39.574475435563265,43.65558624048015,39.574475435563265
A216,42.83333367833982,41.14771301056719,45.13268627059551,41.14771301056719
A217,41.234861112898145,39.19431659054664,43.57393130072153,39.19431659054664
A218,45.70037668334912,43.645244013523396,47.669700492031616,43.645244013523396
A219,48.664794811033566,46.67936552696491,50.524238123894555,46.67936552696491
A220,50.939615477543605,48.965697003106165,52.942782879255596,48.965697003106165
A221,47.805746328239664,46.089124704207606,50.36639558276927,46.089124704207606
A222,48.516098029417,47.155963716162134,51.52571682179686,47.155963716162134
A223,45.61825085423596,44.13586520053731,48.65602508425857,44.13586520053731
A224,45.24924330859026,44.63705987181503,49.01958679956411,44.63705987181503
A225,42.636978129318685,41.77172787903321,46.370202954052296,41.77172787903321
A226,37.25739717156849,36.406817905441834,40.85359056435554,36.406817905441834
A227,39.32721617404415,38.9683669403787,43.83645430460817,38.9683669403787
A228,43.558479151595726,42.5848060932535,47.47995726619812,42.5848060932535
A229,40.842911857505946,39.230997501975395,43.88016546231338,39.230997501975395
A230,38.652364753013494,37.272593832466235,42.238003965623186,37.272593832466235
A231,42.836600682126964,41.46221050547113,46.56625963076699,41.46221050547113
A232,45.27155590434241,43.730570337007954,48.782700519753924,43.730570337007954
A233,42.90861272518607,40.919131980040824,45.79997770741815,40.919131980040824
A234,41.48224909524555,39.791318098298774,45.064806223926,39.791318098298774
A235,45.69867056053163,43.77798726529122,48.989228091489665,43.77798726529122
A236,45.951202062622905,43.719444381190385,48.635212809239356,43.719444381190385
A237,45.525943120379175,43.060886138118434,47.73042286634385,43.060886138118434
A238,47.19050624860895,44.727588466180464,49.17286294288751,44.727588466180464
A239,45.06962670136063,42.25163183830892,46.53204552778654,42.25163183830892
A240,41.750471578175016,39.42828701579615,43.94890253464811,39.42828701579615
A241,39.42519104582754,36.473231430735616,40.988913366909344,36.473231430735616
A242,41.15147659562169,38.295376352766134,43.17232912410448,38.295376352766134
A243,41.107820496834904,38.6360441298019,43.76304274156448,38.6360441298019
A244,38.91221377665372,36.72121072350421,41.69539237134002,36.72121072350421
A245,38.533016570208986,36.12078656397172,41.48303424292876,36.12078656397172
A246,34.95218357985664,32.94510833189049,38.37941910712042,32.94510833189049
A247,32.39675449794316,30.635092687961627,36.24002610374336,30.635092687961627
A248,28.19564946937736,26.14632136649437,31.534777643103812,26.14632136649437
A249,26.466938111538326,24.743577004952215,30.386512978622605,24.743577004952215
A250,23.93362644899431,22.89594175831167,28.463384496577355,22.89594175831167
A251,21.179700328380477,20.191781744066077,26.07201952285246,20.191781744066077
A252,20.081192818156993,20.09599484972068,25.782183945507796,20.081192818156993
A253,19.24447676607499,19.86208251921233,25.26189363448433,19.24447676607499
A254,13.22326215424923,13.992315390956566,19.30614601623017,13.22326215424923
A255,16.428285211792495,18.551577210577,23.162826878427424,16.428285211792495
A256,15.883554576983075,18.17126621895128,22.068892133498682,15.883554576983075
A257,16.38064754519796,19.248825574564282,23.286705005217033,16.38064754519796
A258,15.796536107640813,19.577140240596943,23.4978702864749,15.796536107640813
A259,20.149089359075266,23.31237709887175,27.34589479245468,20.149089359075266
A260,22.903543590457787,26.211277057785644,29.995531017136535,22.903543590457787
A261,21.303196262533,25.51972202042961,28.09252348935567,21.303196262533
A262,17.47919411757876,21.597848828066187,24.67870709741497,17.47919411757876
A263,12.737826580700494,17.26825225667033,18.686218932678702,12.737826580700494
A264,17.52151531688969,22.806392196048893,23.57106921630837,17.52151531688969
A265,15.850291763876147,21.0475558676061,23.330016673804586,15.850291763876147
A266,19.115702681303663,24.427600148193026,26.223897078809628,19.115702681303663
A267,15.8910083380508,20.63041138707612,21.69347212873034,15.8910083380508
A268,20.622424324021654,25.65750971937846,27.456467034197974,20.622424324021654
A269,18.948417506483228,24.192945852045384,26.358804733902485,18.948417506483228
A270,14.672343677817802,19.773916885634975,21.892730163229984,14.672343677817802
A271,17.30044317351437,21.135917533904223,24.11499344806048,17.30044317351437
A272,14.272292387700022,18.225239477164628,20.69568034639113,14.272292387700022
A273,17.255843618901974,20.26518267867329,23.340781949197847,17.255843618901974
A274,14.427318912396718,16.36247844918367,19.70521347258131,14.427318912396718
A275,13.63908435343077,15.065007998670298,17.2039696291292,13.63908435343077
A276,10.968859284355872,11.873574103866115,15.282749000098116,10.968859284355872
A277,9.912753855513614,10.854993827727403,13.509852478839287,9.912753855513614
A278,9.377527232698394,9.906750324904733,11.343738404952752,9.377527232698394
A279,8.151181693472425,8.82809339551865,9.572785905889676,8.151181693472425
A280,9.145668428277945,9.670254857034534,8.858753636940131,8.858753636940131
A281,8.283161896280912,9.386189482425761,7.275471806006809,7.275471806006809
A282,9.153726563536843,11.033570319710662,11.630837029208173,9.153726563536843
A283,8.637656973971588,11.480602553873208,13.286792765750507,8.637656973971588
A284,6.1346501937763325,8.571650657837148,11.405170231083797,6.1346501937763325
A285,10.388814417439557,13.133811442228033,16.109040070718056,10.388814417439557
A286,12.781361781907279,15.37065636204258,18.80436433384548,12.781361781907279
A287,14.622564309997067,17.954627286579914,21.357192371657845,14.622564309997067
A288,17.1407076283332,20.8347493145466,24.280541200722855,17.1407076283332
A289,17.41781780246883,21.411705536925357,25.093352825001283,17.41781780246883
A290,20.524638486463044,24.699080873587178,28.127166689874755,20.524638486463044
A291,22.17507109345988,26.039362530599707,29.665192886613767,22.17507109345988
A292,21.63988475015521,24.106295899619255,29.118563168535633,21.63988475015521
A293,17.661090509931714,20.493997975016978,25.152012901555214,17.661090509931714
A294,15.480375479942339,17.5023881227677,22.56451687938388,15.480375479942339
A295,12.372349857646283,15.37689155843924,19.625654434948153,12.372349857646283
A296,9.100570861215246,12.0087943191646,16.122146166066106,9.100570861215246
A297,8.79219682445747,13.048679741644364,15.617762707891293,8.79219682445747
A298,2.7342322505595607,6.206775491348145,7.412522445159948,2.7342322505595607
A299,8.877659038282559,12.437445115456791,13.377756388871791,8.877659038282559
A300,7.559059597595458,11.243774010535788,11.279909263819459,7.559059597595458
A301,12.16007047676945,15.058676303048685,14.536538618254347,12.16007047676945
A302,15.446233877550865,18.47975332627576,17.886155875424993,15.446233877550865
A303,15.823850637566066,18.240715446494967,16.391290675233602,15.823850637566066
A304,10.970831372325437,13.320529118619877,11.808092055874226,10.970831372325437
A305,9.161166628765136,12.444533137084733,11.339722439283953,9.161166628765136
A306,14.808962320162747,18.807832091976998,17.37439420526655,14.808962320162747
A307,15.72930990221758,20.291561472691058,19.40717704871061,15.72930990221758
A308,15.925969923367305,20.771286358817548,19.367420091483535,15.925969923367305
A309,12.634771307783927,17.46937883841323,15.849678892646377,12.634771307783927
A310,9.396886452437316,14.566115370955977,14.538788670312256,9.396886452437316
A311,13.765374023251239,18.663041043731326,17.80830370922509,13.765374023251239
A312,13.25711673026982,18.52560036813922,16.716925644388088,13.25711673026982
A313,8.570003617268782,13.606982619228996,10.8607934332626,8.570003617268782
A314,10.677034888020176,16.08161475101303,15.115220044709902,10.677034888020176
A315,12.721924146920543,18.1270142053235,17.27208574550277,12.721924146920543
A316,11.108355098753371,15.908520327170594,14.370816260741767,11.108355098753371
A317,5.292907707489334,10.617875776255813,11.062361863544332,5.292907707489334
A318,10.9484410762446,15.216381435807923,16.09184209467642,10.9484410762446
A319,12.948609191724028,16.36575604730805,17.517603060921317,12.948609191724028
A320,8.797034841354217,12.395383414804078,12.05437787693749,8.797034841354217
A321,12.542616832224448,14.657630674839641,17.217461456323925,12.542616832224448
A322,11.54529908664128,11.93122663434066,15.784942381903077,11.54529908664128
A323,12.431861727030267,11.494361139271726,16.48777989906464,11.494361139271726
A324,9.175873473408403,7.749795610208054,12.021052532952345,7.749795610208054
A325,7.884700184534603,8.181362722676461,10.998012365877754,7.884700184534603
A326,5.625112532207689,6.136681921038436,11.536736323588226,5.625112532207689
A327,8.329560972824439,10.283177329989014,14.853773257997442,8.329560972824439
A328,8.669748900631438,12.06567619323509,15.348328931841408,8.669748900631438
A329,11.041353223224045,14.670269356763699,18.223388570735136,11.041353223224045
A330,11.12230933754317,16.36019419200151,18.457925289696025,11.12230933754317
A331,11.252732512594442,16.883195047146735,17.77232247062831,11.252732512594442
A332,13.535998263888777,18.945009976244403,19.55212315836825,13.535998263888777
A333,15.369772704890599,20.774254282645142,20.773547169417167,15.369772704890599
A334,16.16392975114653,21.051129067107066,21.342348230689144,16.16392975114653
A335,16.42072279164349,20.087545917806885,19.080749303945066,16.42072279164349
A336,14.297446345414276,18.798604150308606,19.177382016323293,14.297446345414276
A337,10.916776447285159,15.581010044281468,16.169299242700657,10.916776447285159
A338,10.14880189973181,15.519030575393556,16.80784879156164,10.14880189973181
A339,5.995864825027329,11.345260728603817,12.096866123091552,5.995864825027329
A340,9.286608207521194,13.944617994050608,16.833005703082264,9.286608207521194
A341,6.6797650407780065,10.522872706632919,14.144810285048012,6.6797650407780065
A342,9.606822263370963,10.644628504555714,15.926596372106626,9.606822263370963
A343,11.789035371903845,12.293441625517241,17.850858214662956,11.789035371903845
A344,9.872667066198476,9.023054582567923,14.902920552697044,9.023054582567923
A345,14.01427682757837,12.63790821299158,18.40232781470866,12.63790821299158
A346,13.682568253072958,10.953623327465667,16.453948978892576,10.953623327465667
A347,10.678861971202737,7.63554280978111,13.339392527397942,7.63554280978111
A348,8.858333985575392,5.287239355277951,10.767235671238929,5.287239355277951
A349,10.871705523973688,6.052680893620612,11.00345445757831,6.052680893620612
A350,11.480813777777252,6.193875846350167,10.284639663109253,6.193875846350167
A351,11.174368393784052,8.213051199158567,13.214405245791427,8.213051199158567
A352,14.555579205239482,10.031852720210757,15.293503620818873,10.031852720210757
A353,15.946464780633983,9.830750225694883,13.536306807988655,9.830750225694883
A354,15.658718370288165,11.125931871083878,13.947519851213691,11.125931871083878
A355,18.788672438466747,14.148357819902632,19.11060388894082,14.148357819902632
A356,21.71706359064227,17.38400627013232,22.509730740282077,17.38400627013232
A357,21.248792365685162,16.881818444705537,21.92563253363515,16.881818444705537
A358,20.732302838806884,15.455617231285201,20.112478315712362,15.455617231285201
A359,22.837506015324877,17.50512005100222,22.054811266478794,17.50512005100222
A360,25.069093900657837,19.688118498221204,24.133215823839144,19.688118498221204
A361,19.97207896038868,14.667215584425016,18.90923493957384,14.667215584425016
A362,24.036569659583293,18.805830000295124,22.215869125469748,18.805830000295124
A363,23.691272739133286,18.642041814136135,21.471857907503022,18.642041814136135
A364,22.98411932182741,18.382843360046348,21.742251286377865,18.382843360046348
A365,19.86267648128016,15.081376263458186,18.8432411490168,15.081376263458186
A366,18.850687547142673,13.910681291726872,16.736182211006188,13.910681291726872
A367,19.630206392190583,15.381958002803154,17.954118998157497,15.381958002803154
A368,17.722186857157332,13.76947148586321,17.260820055837442,13.76947148586321
A369,14.784943591370242,10.610359324735427,13.902131814941189,10.610359324735427
A370,15.66590319770935,11.823304825639912,13.86886458943197,11.823304825639912
A371,16.332084802620884,13.1713128426896,15.809459004026671,13.1713128426896
A372,13.22697943598613,10.429417001922973,13.806052114924091,10.429417001922973
A373,11.20041905466041,7.44083550416215,9.382820737923112,7.44083550416215
A374,13.96845664345206,10.786274750811794,12.671631741808156,10.786274750811794
A375,14.009115389631138,12.266588767868596,14.641653595137402,12.266588767868596
A376,11.329998808473016,10.185563558291706,12.180027257769172,10.185563558291706
A377,8.927003080541644,8.213790963982465,7.784727805132303,7.784727805132303
A378,13.985466063024143,12.935010591414295,13.413156600890037,12.935010591414295
A379,12.546472372742866,13.394526158099062,14.286619964148272,12.546472372742866
A380,9.104159818456615,10.27600136239773,9.5045148219149,9.104159818456615
A381,13.196862127036107,14.277169677495607,12.670123361672529,12.670123361672529
A382,15.816810645639025,16.96917349195299,15.53253891030053,15.53253891030053
A383,13.760486473958688,16.28397070741654,15.182491429274709,13.760486473958688
A384,13.795487450612246,17.161579443629307,13.28388726992216,13.28388726992216
A385,7.13320699265064,11.770216055790991,9.02629137575339,7.13320699265064
A386,7.143613721359799,10.518111237289705,6.33821907163203,6.33821907163203
A387,4.113624314397221,4.407649033214873,3.1274802957013175,3.1274802957013175
A388,6.726036797401572,6.739734712880026,1.3323475522550412,1.3323475522550412
A389,5.415828191514203,2.7440371717598873,0.0,0.0
A390,7.140444664024784,4.966212540759809,1.3377077408761595,1.3377077408761595
A391,6.4205869669369005,2.8939996544574775,2.769302078141711,2.769302078141711
A392,9.390351431123332,3.2541625650849104,6.574314945300385,3.2541625650849104
A393,5.903845695815567,1.3372168859238949,6.609214552426029,1.3372168859238949
A394,3.7831090388726576,0.0,2.7440371717598873,0.0
A395,6.966905841189472,1.3346272887963897,6.814246913636165,1.3346272887963897
A396,6.829638350601003,4.180731275745907,10.038389960546462,4.180731275745907
A397,11.024808433709858,7.63056603405016,13.502824630424554,7.63056603405016
A398,13.55767181340513,10.843496022962336,16.666547182905042,10.843496022962336
A399,16.7718056869259,14.441474509204383,20.303691536269948,14.441474509204383
A400,19.220001118626396,15.946258119069814,21.30171544735306,15.946258119069814
A401,16.29461717868818,12.605976558759739,17.630090782522934,12.605976558759739
A402,13.288492879179339,10.180422240752101,15.795439373439411,10.180422240752101
A403,11.013919329648278,7.956224292967111,13.223717366913132,7.956224292967111
A404,7.0770313691547235,4.177776801122817,9.868192286330865,4.177776801122817
A405,4.667249939739675,3.8305808958955563,6.854777093385311,3.8305808958955563
A406,1.3366727348158185,2.8368864975532597,5.547997476567558,1.3366727348158185
A407,0.0,3.7831090388726576,5.415828191514203,0.0
A408,1.3350726571988512,6.345952647160235,6.46462419634738,1.3350726571988512
A409,3.4752227266752262,8.269470478815435,6.271163368945191,3.4752227266752262
A410,3.5156077710688947,8.084289517329275,7.0925348783069095,3.5156077710688947
A411,4.750512182912489,7.205427398843181,4.327683676055819,4.327683676055819
A412,7.139972899108231,10.250677636137038,7.423842266643334,7.139972899108231
A413,8.936344946341315,12.359358721228217,10.007429340245174,8.936344946341315
A414,8.29515943186145,9.331403806502,7.2509285612257965,7.2509285612257965
A415,13.30943638926908,15.330722292181802,13.205460840122168,13.205460840122168
A416,14.772688144004125,15.228991102499208,12.796975502047351,12.796975502047351
A417,17.340073154401626,17.56067817597031,14.792896944141807,14.792896944141807
A418,15.659691887134944,14.38390200884308,11.630783163656693,11.630783163656693
A419,8.079105024691781,6.858916168025383,4.10480316215041,4.10480316215041
A420,15.372299437624807,14.707905391319324,11.863295874250122,11.863295874250122
A421,16.213600124586765,15.075406661181649,11.577709358936247,11.577709358936247
A422,18.956303991021034,17.45696852262729,14.042296891890587,14.042296891890587
A423,19.8225604804223,17.96697139197366,15.01601894644516,15.01601894644516
A424,16.778746705281655,14.42268074943074,11.463391557475477,11.463391557475477
A425,14.987310832834554,12.96058073544546,10.618615870253524,10.618615870253524
A426,11.317832433818765,9.36893281009102,6.835549868152524,6.835549868152524
A427,11.798127563304273,10.011810825220381,6.8084111215466425,6.8084111215466425
A428,10.080150941330194,6.862493861563739,3.298895875895449,3.298895875895449
A429,14.379075283202324,10.823841970391104,7.310251500461526,7.310251500461526
A430,15.726996216696943,11.624108438929843,8.533073596307487,8.533073596307487
A431,12.363762331911754,8.099405286809644,5.606766091072464,5.606766091072464
A432,12.752642432060895,10.216401225480528,6.551611252203538,6.551611252203538
A433,14.96418931983955,12.915558795499328,9.073998291822631,9.073998291822631
A434,18.413694414755557,16.50628768075972,12.546871681817743,12.546871681817743
A435,17.267295937696787,16.636466451743892,11.747487646301229,11.747487646301229
A436,14.42656442123349,13.864782147585299,8.96997246372585,8.96997246372585
A437,16.397149538868028,15.222225001621807,10.98342214430457,10.98342214430457
A438,19.06597170353507,17.89691844983376,13.803934873795951,13.803934873795951
A439,18.84725871313916,19.099512611582526,14.313049220903281,14.313049220903281
A440,15.529841145356253,16.664126109700444,11.556014927300845,11.556014927300845
A441,15.448555336988635,16.104292657549415,10.738468140288912,10.738468140288912
A442,10.990056505769203,11.048676029280612,6.164797482480671,6.164797482480671
A443,12.772648080957998,13.620922949638913,8.427620779318444,8.427620779318444
A444,12.470967324149319,13.568293665748836,9.812258761365804,9.812258761365804
A445,15.338556516178437,15.368944043101985,10.68903536339926,10.68903536339926
A446,12.73910821054598,11.83446817563003,7.546793425024962,7.546793425024962
A447,9.05493870768875,9.321414377657502,4.550592928399551,4.550592928399551
A448,13.87010580348975,13.103114057352933,9.333253023464007,9.333253023464007
A449,15.159806397180672,12.738617232651276,9.368354604731826,9.368354604731826
A450,11.472048247806491,9.100870068295668,5.633148764234795,5.633148764234795
A451,13.402313158555875,10.461073797655764,7.925907519016355,7.925907519016355
A452,16.21453055132957,13.100534111249052,10.648383961897693,10.648383961897693
A453,15.830821520060166,11.110827061924777,9.633142996966255,9.633142996966255
A454,11.354142900280934,6.664805623572229,7.322844324441152,6.664805623572229
A455,16.608999999999998,11.577330607700551,11.674584917674803,11.577330607700551
A456,18.6772381791313,13.005531515474482,13.344551322543595,13.005531515474482
A457,12.832248127276841,7.1767260641604524,8.243791664034214,7.1767260641604524
A458,16.29258269888479,10.990149544023502,13.209094783519422,10.990149544023502
A459,20.310981290917482,14.252975619147042,16.291047418751198,14.252975619147042
A460,20.25012891316991,14.202650668097137,16.126528392682662,14.202650668097137
A461,18.89977642724908,12.991982989520883,16.43929359796217,12.991982989520883
A462,16.846131811190364,11.026163158596917,13.961360607046865,11.026163158596917
A463,17.75599357963389,12.196798637347422,13.316895922098363,12.196798637347422
A464,17.396617688504854,12.900979613967305,12.439766396520474,12.439766396520474
A465,16.64495181729283,11.664003686556342,10.625220797705806,10.625220797705806
A466,19.86315513708736,15.655142062594003,12.875292967540583,12.875292967540583
A467,23.04336984904769,18.284137961632208,16.89570155394561,16.89570155394561
A468,24.591222011116084,20.307326288805232,18.73359306166332,18.73359306166332
A469,22.228597526609725,18.487106561060333,15.814722286527829,15.814722286527829
A470,22.217759585520767,18.554398615961663,15.490355644722944,15.490355644722944
A471,17.40107829992153,14.254517775077487,11.241169823465883,11.241169823465883
A472,22.524731607723986,18.919203075182633,15.54973662156372,15.54973662156372
A473,24.686144940026583,20.926443104359613,17.541709067248835,17.541709067248835
A474,20.638782764494618,16.68620924596117,13.431166330590953,13.431166330590953
A475,20.535468487473082,18.035198113688686,14.354430570384881,14.354430570384881
A476,24.638279668028773,21.475175715229902,17.882088524554398,17.882088524554398
A477,26.081213353676624,22.668095398599327,19.30619846059809,19.30619846059809
A478,21.88375740132393,18.647470847275777,15.418189355433405,15.418189355433405
A479,24.878588484879923,22.048354813908453,18.587781739626706,18.587781739626706
A480,27.70413999748052,24.84424271335313,21.401474481913624,21.401474481913624
A481,27.871713653810385,24.661811997499292,21.606116471962288,21.606116471962288
A482,25.159412095675048,21.667917158785706,18.700766134038467,18.700766134038467
A483,23.76088720986655,20.62782831516687,17.709357582927733,17.709357582927733
A484,20.483658486705934,15.72640066893884,14.161649338971786,14.161649338971786
A485,26.360397834630646,21.036885439627223,20.586341879994123,20.586341879994123
A486,27.725449933229218,22.114835450439145,22.252149873663893,22.114835450439145
A487,24.31933099408781,18.57083931867378,19.221155376303475,18.57083931867378
A488,27.582354413646417,21.3900740999184,23.19668989317226,21.3900740999184
A489,28.239410581667602,22.293767783844885,24.110445246821968,22.293767783844885
A490,25.503568554223936,19.950724197381906,20.644442569369605,19.950724197381906
A491,27.47402811747851,22.10450146463385,23.01058630283027,22.10450146463385
A492,28.786867926191626,24.115494044286134,23.440253283614496,23.440253283614496
A493,26.798953916151277,22.534116845352514,21.944264489838794,21.944264489838794
A494,23.350197686529338,18.776401012973704,18.773422543585387,18.773422543585387
A495,25.379052740399903,21.11774741775268,19.64895249116349,19.64895249116349
A496,25.678722125526416,22.39982350376895,20.236500339732654,20.236500339732654
A497,21.912691208521146,18.134050981509894,17.00591276585882,17.00591276585882
A498,21.703234735863685,16.90874072780111,15.921162960035298,15.921162960035298
A499,23.782125010183595,20.41295933959601,18.016051343177285,18.016051343177285
A500,22.401418035472666,20.420760294367103,17.18869611110744,17.18869611110744
A501,19.138868749223402,16.67924386775372,13.76871330226612,13.76871330226612
A502,18.82926076615861,15.581651773801132,12.727637526265429,12.727637526265429
A503,22.178759343119264,20.495651758360847,16.57359565694783,16.57359565694783
A504,22.90806980083656,21.62351856197321,17.237436265291887,17.237436265291887
A505,23.123039722320247,22.283640591249895,17.77307955870338,17.77307955870338
A506,20.17079574533439,20.016869085848565,15.060595406556805,15.060595406556805
A507,21.727944173345072,22.415532471926692,17.364905441723547,17.364905441723547
A508,23.91737159472169,23.126015934440588,19.082585228422275,19.082585228422275
A509,17.798248059851286,16.812971510116824,12.310335860568548,12.310335860568548
A510,19.50056273546997,18.772030097994197,15.57435648750856,15.57435648750856
A511,18.877735589842334,17.729846840850037,15.99765301536447,15.99765301536447
A512,13.018061107553613,11.775568988375891,9.64992248673532,9.64992248673532
A513,18.762965890285045,17.44918178597495,16.919413996944456,16.919413996944456
A514,21.338684214355858,19.40744071226291,18.960407036770068,18.960407036770068
A515,17.72555931416552,15.45918118788961,13.835464357946213,13.835464357946213
A516,18.50933345639437,16.410851623240035,17.22068323267111,16.410851623240035
A517,21.87423338085246,19.109866927846465,20.058736625221442,19.109866927846465
A518,23.738374523121838,20.372648453257128,20.72538786126812,20.372648453257128
A519,18.933841897512508,15.120648299593508,16.058646269222073,15.120648299593508
A520,20.187931865349654,17.54391430097628,20.312327020801927,17.54391430097628
A521,25.301198548685395,21.821028894165373,23.779787909062602,21.821028894165373
A522,25.574853450215507,21.486857890347764,22.810465712036656,21.486857890347764
A523,26.145393724325512,21.535459456440673,24.04786786806681,21.535459456440673
A524,29.174981011133493,25.59323115591308,27.86210503533428,25.59323115591308
A525,33.11775685338607,29.23182698703589,31.53027017010796,29.23182698703589
A526,36.59735009532794,32.785084260986736,34.982459804879355,32.785084260986736
A527,36.42418247538303,32.95772434498475,35.7678205793979,32.95772434498475
A528,36.741989521526996,33.56930794639651,36.76842188617836,33.56930794639651
A529,31.842057047244925,29.246327649809302,31.98275092921183,29.246327649809302
A530,33.14299120477812,31.026062173598504,34.428935998662524,31.026062173598504
A531,38.79042439829706,35.57760783133121,39.26469267675478,35.57760783133121
A532,42.47852517449258,39.62806221606099,43.12564456329899,39.62806221606099
A533,44.621389579438244,42.02970842154392,45.63325399311339,42.02970842154392
A534,47.278952293806164,44.61216452941955,48.22953439543035,44.61216452941955
A535,46.589085138044936,43.43368448566159,47.08874268867241,43.43368448566159
A536,44.73352248593888,42.30684372533597,46.391947986692685,42.30684372533597
