,A40,A69,A90,A152,A196,min dist
A1,38.70423161619411,44.764434219589994,48.31549846581322,36.12456021877637,37.65105216325302,36.12456021877637
A2,37.12549423240046,42.39442892645212,46.17050395003286,33.98527188356745,35.82479272794192,33.98527188356745
A3,33.228543919347416,39.00545455445943,42.621115823028376,30.547380918828377,31.652294245441357,30.547380918828377
A4,32.69812717878503,37.98945931439404,41.715263105966386,29.6869831070791,30.476379985162282,29.6869831070791
A5,26.68866045720542,33.33860337506657,36.5955419142824,24.285302777606045,25.13169228285274,24.285302777606045
A6,28.40635655975613,33.43196343321762,37.096239863360815,25.42335961276558,25.03332972259184,25.03332972259184
A7,26.025875758559977,29.924567649341235,33.80201505827722,22.029365628633066,22.448713927528235,22.029365628633066
A8,24.243974220411964,28.291166624937897,32.164405310840124,21.01731050824534,19.624486209834895,19.624486209834895
A9,25.71731144579464,28.593061413566755,32.97815120651854,21.93853288166736,19.684867817691842,19.684867817691842
A10,21.99867664201645,25.460740621592297,29.773012293014624,19.56265907283568,15.495553717115113,15.495553717115113
A11,23.32307687677593,24.96555228710152,29.878349703422373,20.75620584307257,15.412443057477942,15.412443057477942
A12,21.108215604356516,20.726518665709396,25.980161816278205,16.458087677491573,14.13216282102637,14.13216282102637
A13,19.550254013695067,21.636384124894807,26.472723188217717,18.202490186784885,11.28243568561328,11.28243568561328
A14,23.899884309343424,23.22593119769367,29.151360379920522,22.10508850920982,14.594664847128215,14.594664847128215
A15,21.11635373354027,20.218992779067904,25.880674353656246,20.249323470180432,11.316055894170901,11.316055894170901
A16,20.42770829045686,17.61179871563379,23.67887543782432,18.84833037698565,11.051342271416626,11.051342271416626
A17,22.071105522832333,19.283776652927717,25.088123684325218,20.98444419087625,12.6039662408307,12.6039662408307
A18,19.806131878789454,18.507170097019156,23.912482786193486,20.15162807318555,10.07709253703666,10.07709253703666
A19,14.600515675824605,13.890626371765963,19.18922366850728,14.696753553081034,4.944048341187615,4.944048341187615
A20,19.578278805860336,15.253674770362712,21.063846704721335,19.34761719178876,10.967954868616117,10.967954868616117
A21,18.841176316780224,15.703067375516161,20.36312151905989,20.327546753113126,12.307318391916253,12.307318391916253
A22,15.50411625988402,12.262459378118242,17.17794292108342,17.23235044908268,8.883585087114323,8.883585087114323
A23,14.140652106603854,11.757984776312648,14.940367967356092,17.56357475003309,10.917560991356998,10.917560991356998
A24,8.234776681853612,8.774977663789237,10.33660360079654,13.518816812132636,8.081380389512674,8.081380389512674
A25,10.825200875734362,9.301843795721362,9.269077893728157,15.683863969060686,12.626866990667162,9.269077893728157
A26,10.624241431744668,7.515684732610862,7.217779852558541,14.836260344170293,14.581035731387534,7.217779852558541
A27,10.87142847099681,11.573677505443117,9.275710431012818,17.923948504724063,15.290407646626038,9.275710431012818
A28,8.011468904015045,11.008955672542243,8.935672890163337,15.512676268136326,12.091346161614927,8.011468904015045
A29,4.128522980437435,5.677121277549036,5.789147951123724,9.375950351831008,6.291965034867882,4.128522980437435
A30,8.386493307694224,10.341515846335101,6.087185967259421,15.235427332372401,14.093381531768735,6.087185967259421
A31,8.49823546390661,13.053192329847898,8.523875996282444,16.356839945417327,14.642006078403327,8.49823546390661
A32,4.715780529244337,9.94362353470806,8.46899480457982,11.940664386875632,6.797182136738724,4.715780529244337
A33,3.9526869342258815,6.975627928724409,3.477945514236817,9.485993200503572,13.14048043261737,3.477945514236817
A34,8.754558469734498,14.25009340320266,9.195741840656469,16.29775855754404,16.82136412423202,8.754558469734498
A35,9.427663231151186,16.182323627958993,11.645684866078078,16.458130422377874,16.181321639470614,9.427663231151186
A36,7.347376334447556,14.817377433270707,11.935589679609466,13.305886855072831,14.04455894643901,7.347376334447556
A37,3.7408086024280895,12.002674785230164,10.47050524091364,10.784701108514783,9.924177799697059,3.7408086024280895
A38,2.8903767920463244,10.578158913535,8.403831864096283,7.531543400923876,10.281344075557437,2.8903767920463244
A39,1.3356114704508943,11.69086506636699,11.767270116726309,6.0454635058033395,8.345249427069271,1.3356114704508943
A40,0.0,6.720684712140573,6.4156542924319115,2.7559662552360833,6.7069191138703905,0.0
A41,1.3363584848385557,9.280030280123013,9.756863276688877,4.774637368429146,9.821946497512599,1.3363584848385557
A42,3.7379369978639283,10.473318528527622,11.934142533085483,3.0969355821521374,10.117184489767892,3.0969355821521374
A43,6.9278883507169775,13.271487972341307,14.445642457156413,7.969246451202271,15.015517773290403,6.9278883507169775
A44,9.171911360234573,14.933444679644412,16.495516572693322,9.499767155041223,17.11962832540473,9.171911360234573
A45,8.483166625735933,12.76309621526062,15.121942137172725,7.181709615404956,15.193590161643822,7.181709615404956
A46,7.652867763132981,11.238243679507931,14.84251535286388,3.5091215424946456,10.957574320989112,3.5091215424946456
A47,10.397713113949624,15.073478895065998,18.30332245795828,7.737349223086677,15.218575163266763,7.737349223086677
A48,12.318912370822353,16.207815707244453,19.811483462880815,8.133849088838568,13.778712784581876,8.133849088838568
A49,12.413868132052956,12.193837582976084,15.688667247411425,7.238988119896316,16.380247281405737,7.238988119896316
A50,13.900031474784509,16.228086177981677,19.651526302045852,10.044309831939675,18.613529756604468,10.044309831939675
A51,16.119229324009257,18.942787598450234,22.442826938690235,12.20842057761773,20.354129458171382,12.20842057761773
A52,17.64992490069009,19.115096520813072,23.03500180160618,12.061135311404145,19.47153435145777,12.061135311404145
A53,17.171214604680706,16.46678599484429,19.612036049324406,12.008412509570114,21.706318204614988,12.008412509570114
A54,20.618806124506822,20.90882153541897,24.32114933550633,15.417357555690275,24.703975327869802,15.417357555690275
A55,22.459061979521763,22.13262318388853,25.528468461699774,16.45841319811846,25.289762454400396,16.45841319811846
A56,17.408077492934133,17.027753169458382,21.00696877229078,10.593476011206143,19.397531827528987,10.593476011206143
A57,20.504827748605937,18.32178719448515,20.649577283808984,15.033887221873124,24.835196073314986,15.033887221873124
A58,24.968789838516404,23.21658874598075,25.95789407868057,18.710428696317997,28.178608393602403,18.710428696317997
A59,28.218821378647267,25.59460173552228,27.77671784066649,21.9892151747169,31.503507439648686,21.9892151747169
A60,25.43035168848437,21.1022844734877,23.721747363969627,17.976476267611513,27.425315695539407,17.976476267611513
A61,27.405541373963043,22.309094154626717,23.437186968576242,21.16487623398729,31.250667528870483,21.16487623398729
A62,26.039608080768033,19.7869772830516,20.42552026265182,19.647272609703364,29.714368746449924,19.647272609703364
A63,23.082551981962478,16.78626107863213,17.608548520533997,16.04781564575067,26.09713949842013,16.04781564575067
A64,21.532193269613757,14.032453171131554,14.01187821100369,14.080919323680536,23.979184514907924,14.01187821100369
A65,17.141705545248406,10.569804633956108,11.629104952660803,10.341997340939514,20.379217060525164,10.341997340939514
A66,15.253035140587594,5.776028133587993,7.417360514360887,7.654063365298199,17.297607031031777,5.776028133587993
A67,11.55868941532733,3.6871196074985146,5.797772934498211,6.839315243502086,15.370133538782284,3.6871196074985146
A68,9.803572053083508,1.3417857504087605,6.213915432318017,5.020741578691339,12.186159895553645,1.3417857504087605
A69,6.720684712140573,0.0,3.981121952414922,4.8856424347264715,9.648549528296988,0.0
A70,6.785046057323414,1.3338028340050865,3.7361853540743932,6.315217415101399,13.326027765241975,1.3338028340050865
A71,5.3919451963090275,3.231370452300386,3.0164091234446304,7.274711884329165,13.42111135487669,3.0164091234446304
A72,6.020220095644344,6.277196269036041,5.614783165893408,8.423676453900637,14.887007691272279,5.614783165893408
A73,7.615771333226858,6.296713904887215,7.649207867485364,6.552675941933952,14.466994331926726,6.296713904887215
A74,9.15307500242405,9.649015182908565,11.075553304462943,8.469381323331712,16.761782751246958,8.469381323331712
A75,7.9171988101853294,9.046470969389114,11.618074625341327,5.684375251511814,14.429575253624066,5.684375251511814
A76,10.73821838109097,7.453913535854839,7.197592930973521,9.68252993798625,17.913140986437863,7.197592930973521
A77,14.588911851128582,12.713164751547902,13.248040005978241,13.007770639121832,21.34383077144307,12.713164751547902
A78,11.83110654165535,14.403043497816704,15.867686472828987,9.821626189180689,18.52555389185435,9.821626189180689
A79,15.112619197213961,12.803088728896633,15.293346592554554,9.797874616466572,19.518833315544246,9.797874616466572
A80,18.759998320895445,15.694601938246157,15.704952530969331,15.498476215421952,24.648677003036084,15.498476215421952
A81,19.382751326888556,18.089636508233102,18.452797592777088,17.690536057451734,26.771924902778284,17.690536057451734
A82,18.996263869508653,19.020845538513793,20.592351395603174,15.97167458346181,25.294277455582712,15.97167458346181
A83,23.60924126269203,20.118458539361306,20.37299344720849,19.64082546635961,29.296919291966518,19.64082546635961
A84,21.561411572529288,16.78212611679462,16.737924034957263,16.221866970234963,26.106015954181903,16.221866970234963
A85,20.612061153606156,14.04188851258975,14.372912196211317,15.06693505660657,24.743278865178716,14.04188851258975
A86,15.8401437809131,10.613166681061783,10.816679481245618,12.068595692954503,21.048109867634196,10.613166681061783
A87,15.329292416807762,7.7362677047785775,7.841031628555008,10.977939105314805,19.60529158161133,7.7362677047785775
A88,13.354323981392692,6.026849591619157,4.369632478824735,10.85099921666203,18.634217692191964,4.369632478824735
A89,10.240392765905025,3.0605901391725094,1.320600620929735,9.122089946936502,15.255430180758587,1.320600620929735
A90,6.4156542924319115,3.981121952414922,0.0,8.952490435627396,13.458152547805364,0.0
A91,9.06932775899074,6.225855362920022,1.330587840016585,12.240929744100324,14.54731965002488,1.330587840016585
A92,7.73928510910407,8.348616951327926,2.789430587055358,13.666050819457682,16.056420180102414,2.789430587055358
A93,11.082492544549714,10.8979621030723,5.251711340125237,16.10838871520054,19.463359781908157,5.251711340125237
A94,9.640477892718804,11.660286145717007,6.585369617568933,15.206329800448232,19.275550446096215,6.585369617568933
A95,7.838440533677602,9.361064629624131,4.966161696924497,12.745060298013502,17.46469169495986,4.966161696924497
A96,9.656632021569424,8.576202656187645,3.843328505345335,13.702696851350103,19.05276893262499,3.843328505345335
A97,12.099833552574182,12.144989913540481,7.379762462301887,16.328943658424446,21.768896113491834,7.379762462301887
A98,8.24127933029818,12.380809101185593,8.858226063947567,12.927400589445659,17.714562229984686,8.24127933029818
A99,10.703524746549615,10.266767017907828,8.001478050960333,12.082225622789869,19.551918806091642,8.001478050960333
A100,13.394044721442437,12.857678678517363,9.27121248812689,15.850504124475032,22.819964680077838,9.27121248812689
A101,14.967160786201235,15.836733059567557,12.536631924085512,17.658024889550926,24.67883801964752,12.536631924085512
A102,10.20881824698628,13.021272019276765,11.928438707559343,11.980321072492172,19.11929324007559,10.20881824698628
A103,12.778716445715508,13.713313020565089,12.998059778289988,12.86153427861544,21.098226679036323,12.778716445715508
A104,17.574226924675806,18.19520978169804,16.13310193360223,18.69234359303295,26.598384424622484,16.13310193360223
A105,17.843758460593442,16.033054481289586,14.303346950976197,18.15932479471635,25.995348853208338,14.303346950976197
A106,20.96161780493099,18.93740961694603,15.768644615184908,22.348852185291307,29.850796991035267,15.768644615184908
A107,17.509448649229366,16.84723695446823,12.360778697153348,20.878339900480594,27.208470188527688,12.360778697153348
A108,20.868788177563165,17.579010893676585,12.93392384390754,22.372750143869215,29.29526436132639,12.93392384390754
A109,19.714071167569625,17.724560050957546,11.832678944347302,22.895214914911808,28.767736807055222,11.832678944347302
A110,21.846003089810274,17.16667058576007,11.286559661827868,23.087062740851206,29.061799170044512,11.286559661827868
A111,23.56580658496543,18.014666691337922,12.389842049033554,24.364770243119466,29.939200122915775,12.389842049033554
A112,19.11599510880875,12.811953051740396,7.7457484467286974,19.360434395953003,24.775715226810306,7.7457484467286974
A113,25.2535015195913,18.679752139683224,13.807044796045242,25.34214254951621,30.556200090979896,13.807044796045242
A114,24.995403997535227,17.386577639086994,13.85772535447286,24.18202874036833,28.728779594685186,13.85772535447286
A115,20.557693571993916,12.65126037199456,9.642768067313453,20.11343061240424,24.277824573054318,9.642768067313453
A116,22.26547068893896,17.1854499795612,12.02019325967765,24.651066934313413,27.37019155943195,12.02019325967765
A117,19.85023944439966,16.67783259299601,9.967949488234781,23.191279697334515,26.441831044766925,9.967949488234781
A118,18.583364334802244,13.447127202491988,7.839487865925937,20.604516834907827,23.9719346111239,7.839487865925937
A119,17.48389355950213,12.753820996077998,6.5885374704861475,18.776627306308235,24.365123393900554,6.5885374704861475
A120,18.743126820250673,13.289461727248398,8.560506118215208,18.854718507577886,25.85800013535463,8.560506118215208
A121,16.071598893700653,13.063811197349724,7.4098813080912445,17.897723821760128,24.37725868509419,7.4098813080912445
A122,19.379070411142017,15.51260848471333,11.679067856639929,20.073501861907403,27.388165436918186,11.679067856639929
A123,19.95879307473275,16.318669706811278,13.381127418868708,19.93023404278033,27.929035554418988,13.381127418868708
A124,22.612849223395095,19.609158523506306,16.656240332079747,23.05778972494979,30.928945698164366,16.656240332079747
A125,22.53079441564367,19.204931788475584,17.407663398629925,21.644155469779825,30.00841390343715,17.407663398629925
A126,23.205291853368273,17.9686792224693,15.985121113085128,20.914192645187143,29.63239759115013,15.985121113085128
A127,20.12303090988035,15.181933638374263,14.058958460711093,17.180811273045286,26.105747508929905,14.058958460711093
A128,15.970903950622205,11.860727169950415,10.340848562859819,14.870413242408564,23.08888851807293,10.340848562859819
A129,16.355659265220705,10.218760688067805,7.784299968526392,14.721554028022993,22.54847431645875,7.784299968526392
A130,12.50711765356031,8.59981749806355,5.755911309254165,12.547236508490625,20.315700554005023,5.755911309254165
A131,13.60975128354666,7.803073368872036,3.0066596082696146,13.962191912446984,19.759674035772957,3.0066596082696146
A132,13.670392861948043,9.987360962736853,3.1995352787553384,16.05871417642147,20.985670539680164,3.1995352787553384
A133,13.333167140630916,6.754693183261546,3.153045987612614,13.95899888960523,17.796889756359118,3.153045987612614
A134,14.600659197447216,6.368614606019113,5.445445987244755,14.469686036676816,16.84859181059355,5.445445987244755
A135,14.196236578755652,3.8046248172454527,6.4519626471330405,11.278771076673202,14.498100047937315,3.8046248172454527
A136,15.650841862340824,6.743386463788056,9.16578119965778,14.09607683009709,14.135472294904051,6.743386463788056
A137,18.260944280074895,9.23299897108193,8.877243096817839,17.33261578642993,20.201690894576124,8.877243096817839
A138,16.859706847985226,7.4089456064948935,7.044641296758833,13.574923867189826,19.715894324123365,7.044641296758833
A139,20.967134997419176,10.72976835723866,11.842464523907175,17.380711176473763,21.807262689296884,10.72976835723866
A140,21.763229401906326,13.605848668862961,11.899003697789158,20.798624449708207,24.29876484515211,11.899003697789158
A141,21.857077778147747,12.998215031303339,11.106434756482388,19.10896111775834,25.297260602681867,11.106434756482388
A142,25.124300388269525,16.067518974627042,14.544864970153558,21.222681710848892,28.581305813415874,14.544864970153558
A143,19.0592391506062,10.14568346638116,8.952094782786876,15.55096389295532,22.922446226352022,8.952094782786876
A144,23.82303295132675,14.160356316138374,14.616876376298734,17.580506761751778,25.70755291738208,14.160356316138374
A145,24.20050778392883,14.971612638590408,16.103505984722705,16.858778900027133,25.89445521728542,14.971612638590408
A146,19.96275454440093,10.950435379472362,11.36188562695471,13.567050600627978,22.648401400540394,10.950435379472362
A147,22.605239857165863,15.319085122813307,17.367985058722272,14.057995909801654,23.804454415087946,14.057995909801654
A148,18.715775297860358,11.487479183876678,14.203495133240972,10.515584910027592,20.348748782173313,10.515584910027592
A149,15.898361110504442,8.445402121864891,12.593100690457453,6.928134092235802,16.01979085381579,6.928134092235802
A150,9.587226189049677,6.811236231404693,10.977880077683487,3.445481243600087,12.95808010470687,3.445481243600087
A151,10.778587755360162,7.0676493263319164,11.700374481186488,1.329448757944435,9.826587861511237,1.329448757944435
A152,2.7559662552360833,4.8856424347264715,8.952490435627396,0.0,7.945677692934694,0.0
A153,6.307604695920631,4.423198277264993,7.656963040266029,1.3309353853587331,6.076013248833482,1.3309353853587331
A154,8.36249233183505,3.7377766118375777,8.455874348640712,3.094169032228201,7.3725267039190845,3.094169032228201
A155,11.149818384171105,5.5070770831721605,10.958071454412039,5.59656483925631,7.274430012035307,5.5070770831721605
A156,8.18578780570325,6.655994441103448,11.999677245659568,5.234106418482529,3.366293065079153,3.366293065079153
A157,7.613415790563392,3.8876688387772957,8.547409256611035,7.020242802068886,4.979501280248856,3.8876688387772957
A158,10.947212384895069,4.00748063002181,10.150693424589278,9.071627252042491,7.052981000966896,4.00748063002181
A159,12.963194243703981,7.116320748813956,13.03703405687045,12.601600414233108,8.796285011298805,7.116320748813956
A160,15.302982813817703,10.436415716135498,16.503808318082225,14.691965593479996,7.950828258741349,7.950828258741349
A161,18.50925919641302,12.331486933861626,18.47137325701584,16.979872849936186,11.799581560377469,11.799581560377469
A162,16.615376402597683,9.38466115531083,14.453884633550938,14.887920203977451,12.954895445351923,9.38466115531083
A163,14.993221735170861,9.981554688524229,16.518707637100427,12.682079837313752,6.659262046203018,6.659262046203018
A164,20.49153659440892,12.293310091265086,17.822026287714873,15.579853818312928,14.77768429084882,12.293310091265086
A165,20.350533309965122,10.259966520413212,14.932133437657193,15.227330330691588,16.757752414927246,10.259966520413212
A166,13.264421020157647,4.580347257577749,10.18573718490714,6.430703071982099,11.930039773613496,4.580347257577749
A167,19.42961211656064,10.086476689112011,15.395146150654107,12.856855914258354,15.740229795018879,10.086476689112011
A168,22.073710290750853,12.291844491369064,16.320389027226035,15.12656871203777,18.603194860023372,12.291844491369064
A169,19.197720750130728,8.702919682497363,11.54691240115729,13.899205660756301,18.628449854993303,8.702919682497363
A170,16.585854243903146,6.893044973014466,10.452515869397185,9.051531914543528,15.828616521983214,6.893044973014466
A171,22.19037156065666,12.75310256369014,16.188527233815933,14.062232717459914,20.198582276981718,12.75310256369014
A172,23.13000350194526,12.890766811947223,14.875648221170058,16.337041500834847,22.707878280455883,12.890766811947223
A173,18.895616793320084,8.939564530781128,10.71919987685648,12.794044044007352,19.917611854838423,8.939564530781128
A174,21.908256571438997,13.359411701119178,16.272487855272775,12.627581003501819,20.931590981098402,12.627581003501819
A175,25.72206945406998,16.545950410901153,18.874176935697093,16.9271838768296,25.645213062090164,16.545950410901153
A176,29.16158831408193,20.18283761020734,22.592497648555813,19.979117222740346,28.570085719157372,19.979117222740346
A177,26.72895834109515,19.14477665056451,21.926471695190724,17.704302358466432,26.81355966670595,17.704302358466432
A178,23.38923243717074,16.315851280273424,19.95277960585943,13.937611057853495,22.019634397509872,13.937611057853495
A179,19.70802691798446,14.108253967093166,17.858230763432307,10.764252737649743,20.180040287373068,10.764252737649743
A180,16.34695060248241,9.144305659808184,13.944569337200772,6.8917903334329615,13.934992142086049,6.8917903334329615
A181,14.236759216900452,10.851136438180104,15.40324842362805,5.118460022311399,14.031351324801188,5.118460022311399
A182,13.511467906930024,10.568835413611096,15.240634960525759,5.6562862374529805,10.715314461087925,5.6562862374529805
A183,10.230235627784925,10.66188186953879,14.71189549310353,3.7086442266682846,7.838791424703173,3.7086442266682846
A184,12.115030375529399,12.365983220108298,16.867586697568804,6.442153754762455,7.3980012165449125,6.442153754762455
A185,8.29925514730087,12.76242053844019,15.773475393837591,6.7874278633367435,3.486562347069101,3.486562347069101
A186,14.002872276786643,16.520737695393628,20.68340963187646,11.40598378045489,7.983498355984049,7.983498355984049
A187,12.054876274769475,13.975818759557525,18.3983660687573,12.023605989885064,2.580872720612157,2.580872720612157
A188,17.058005334739462,19.879574995457023,24.135934661827374,16.731593857131482,8.316060726089006,8.316060726089006
A189,17.157561977157478,17.98455473454931,23.078134781649922,17.58005691117068,7.604706503212335,7.604706503212335
A190,19.03354115765114,20.63715045736693,25.309074637370685,19.834534226948712,9.706430085257916,9.706430085257916
A191,16.76243162551305,20.330619690506236,23.927008358756428,18.258601206006993,9.135868705273735,9.135868705273735
A192,10.06898038532204,14.161031177142434,17.1268763059701,12.368968712063264,4.005957188987421,4.005957188987421
A193,13.427263049482573,13.854014941525072,18.288761521765217,15.89237559334664,5.544339365515066,5.544339365515066
A194,10.287012151251695,11.978984472817386,15.557486204396904,13.713724111268972,3.6811794305629815,3.6811794305629815
A195,7.36373614410511,8.472423266102798,11.965126242543368,10.60671551423908,1.3458592051176825,1.3458592051176825
A196,6.7069191138703905,9.648549528296988,13.458152547805364,7.945677692934694,0.0,0.0
A197,10.157027813292627,8.659460664498685,13.819750902241328,10.183465078253079,1.3283143453264363,1.3283143453264363
A198,13.289760193472267,12.918889503359026,18.156163636627646,12.425993481408238,3.9889166449049798,3.9889166449049798
A199,14.014165012586371,10.997108210797965,16.88239393569526,10.302114977032629,6.792983144392454,6.792983144392454
A200,17.742120814603872,15.93905370465888,21.69144303636805,13.826944528709154,9.954469197300275,9.954469197300275
A201,20.234996936001743,18.50958078941822,24.107715217332395,15.086460187863818,13.242772557134701,13.242772557134701
A202,22.563771803490656,19.038688951710935,25.191453888174063,17.12060133289716,15.316253066595628,15.316253066595628
A203,19.155753000078068,14.11596588972926,20.6209118372588,14.536808659399766,11.653968422816325,11.653968422816325
A204,17.98993143399941,15.124226459558189,20.685437341279492,11.247300742844924,12.695356237616965,11.247300742844924
A205,22.81414526121897,18.38621032186894,24.265551508259605,15.737260276172595,16.648064902564503,15.737260276172595
A206,21.895320436111458,15.334788847584436,21.849463448789766,17.092150479094197,14.684211180720604,14.684211180720604
A207,19.009883166395316,12.70961580851286,19.01207484731743,12.932094455269029,12.98477558527678,12.70961580851286
A208,18.655980140426824,11.887239292619627,17.207630545778233,10.476629706160278,14.404280231931063,10.476629706160278
A209,25.270637467226663,19.263596055773178,24.47243441098576,16.907931304568276,20.103025120613065,16.907931304568276
A210,27.91799650762927,21.224995877502543,26.256818714383506,19.417502156559685,22.71350091905693,19.417502156559685
A211,27.65634176820933,18.806635929905166,22.96050012521504,18.294486874465758,23.807152895716026,18.294486874465758
A212,24.07805536167736,17.446309265859067,21.809770539829163,14.728051262811382,20.93396113973655,14.728051262811382
A213,24.571235540770022,20.30455537558013,24.987866435532265,15.732430835697322,21.71081004937402,15.732430835697322
A214,22.65565220866528,19.865843576349835,24.929365174428327,14.781956196660845,18.535734730514463,14.781956196660845
A215,20.872941479341144,20.01294303694487,24.476661720912844,13.55140546216517,18.58023457871294,13.55140546216517
A216,19.710000025367833,20.980103074103333,25.14507804720439,13.804952517122253,16.557435671021043,13.804952517122253
A217,19.504430419778988,19.517349563913644,23.727324522583665,12.475800976290058,18.358200047934982,12.475800976290058
A218,17.09221214471667,19.71504098397972,23.824695129214142,11.745961135641478,15.369479952164939,11.745961135641478
A219,17.46141400345344,21.17858713417871,25.132219201654276,13.093965556698247,15.28284548112687,13.093965556698247
A220,13.857593044969965,18.88038588059047,22.540764317121106,10.555577577754805,12.665447248320922,10.555577577754805
A221,13.998065973555061,20.502922547773526,23.721969016082962,11.435029558335211,12.901087202247723,11.435029558335211
A222,10.78099369260552,17.326899866969857,20.47817198872985,8.538143767822136,9.628802054253686,8.538143767822136
A223,12.947137367001249,20.09347836985921,22.855903176203736,10.999328752246656,11.114388557181181,10.999328752246656
A224,8.129528522614335,16.529548874666844,18.57367408457465,7.239424977164968,10.003009647101216,7.239424977164968
A225,12.277397647710202,21.982678703925053,23.265956760898533,13.089582117088383,12.948285678034756,12.277397647710202
A226,5.336664969810266,14.28649806635622,15.869546622383389,5.553181700610921,6.810052129022214,5.336664969810266
A227,7.859443300896063,15.849468287611417,17.921503675752213,7.634090974045306,6.609598248002673,6.609598248002673
A228,12.945796074401915,21.938366347565626,23.32980765030008,14.344983025434363,11.197811437955187,11.197811437955187
A229,10.537869803712704,19.759518541705415,20.441827927071493,13.895048542556447,9.64825170691561,9.64825170691561
A230,7.130066268976748,14.230112929980564,16.091296467345323,8.30671710123801,3.48733279169052,3.48733279169052
A231,15.104305545108652,21.800030665116047,24.057908741201924,16.96578492142347,10.921949780144569,10.921949780144569
A232,12.919692024193147,18.97385150674475,21.778650761697797,12.779116010115882,7.851735222229543,7.851735222229543
A233,17.559522260016074,23.98815509788112,26.781455318932913,17.09087151083876,12.699150325907633,12.699150325907633
A234,15.615832798797507,21.08317407317978,24.312917410298585,14.448208954745912,10.24320247774103,10.24320247774103
A235,10.341663115766245,16.897862823446047,19.523777580171313,8.897333533143511,6.390527051816619,6.390527051816619
A236,13.431969215271451,17.489418172140546,20.98042602046012,10.575156830988371,8.955114572131391,8.955114572131391
A237,8.38323123860961,12.503345552291195,16.149628261975568,4.476564866055221,8.681021483673451,4.476564866055221
A238,13.777265802763623,15.141693531438285,19.240845927349454,7.8637590247921505,10.982036423177624,7.8637590247921505
A239,14.343338279494073,14.572774238284213,18.795433647564508,7.225631944681378,13.276498747787384,7.225631944681378
A240,16.44621044496269,15.505440787026986,19.943951714742994,9.065914901431624,13.611461236766608,9.065914901431624
A241,19.202098557189004,17.51694074317773,22.14382527929626,11.303474200439437,17.58984974353107,11.303474200439437
A242,19.839547222656066,14.765111343975702,19.61908114566021,10.76271183299079,16.6667922228604,10.76271183299079
A243,23.859302630211133,18.82608055331752,23.212385853246538,14.708041949899382,21.986799607946583,14.708041949899382
A244,26.745964499340833,20.42494093014714,24.371000964260784,17.377204522016765,25.003598820969753,17.377204522016765
A245,29.5560124171039,23.0121702800931,27.00810006275895,20.17291615012564,26.065846197658733,20.17291615012564
