,A93,min dist
A1,25.66519688215931,25.66519688215931
A2,25.192505651482943,25.192505651482943
A3,26.941051872560582,26.941051872560582
A4,24.134664986280622,24.134664986280622
A5,21.71586240516365,21.71586240516365
A6,23.822813016098667,23.822813016098667
A7,25.289195103838317,25.289195103838317
A8,18.543140429819324,18.543140429819324
A9,18.84035787876653,18.84035787876653
A10,24.0534986020745,24.0534986020745
A11,23.839964010039946,23.839964010039946
A12,18.578323228967676,18.578323228967676
A13,22.59104172011552,22.59104172011552
A14,25.224099706431545,25.224099706431545
A15,23.469721877346565,23.469721877346565
A16,18.000690375649484,18.000690375649484
A17,24.653158215530926,24.653158215530926
A18,26.763766027971474,26.763766027971474
A19,22.84119589688771,22.84119589688771
A20,21.54525984990666,21.54525984990666
A21,18.625710187802234,18.625710187802234
A22,20.832268311444146,20.832268311444146
A23,19.898779485184512,19.898779485184512
A24,14.768905883646223,14.768905883646223
A25,16.96553854140799,16.96553854140799
A26,17.73638001397128,17.73638001397128
A27,19.537233197154606,19.537233197154606
A28,21.117942844889033,21.117942844889033
A29,19.890738900302324,19.890738900302324
A30,24.11312661186848,24.11312661186848
A31,25.217913672625656,25.217913672625656
A32,27.38358696372701,27.38358696372701
A33,30.36299189803271,30.36299189803271
A34,30.151837904180898,30.151837904180898
A35,27.48830625920775,27.48830625920775
A36,25.694587192636508,25.694587192636508
A37,21.604278164289592,21.604278164289592
A38,19.78836218589098,19.78836218589098
A39,17.191849493291873,17.191849493291873
A40,16.75705427573713,16.75705427573713
A41,15.338549507694655,15.338549507694655
A42,16.81830244109078,16.81830244109078
A43,14.384862773068084,14.384862773068084
A44,15.462674186569412,15.462674186569412
A45,11.019116343881665,11.019116343881665
A46,15.680891907031308,15.680891907031308
A47,16.373978166591037,16.373978166591037
A48,14.432875908840899,14.432875908840899
A49,19.81202914897916,19.81202914897916
A50,20.657402087387464,20.657402087387464
A51,16.894729533200582,16.894729533200582
A52,17.650954110189055,17.650954110189055
A53,11.81520092931136,11.81520092931136
A54,18.692025385174286,18.692025385174286
A55,20.976573862287427,20.976573862287427
A56,18.241307628566542,18.241307628566542
A57,16.759297031797008,16.759297031797008
A58,13.22059567493084,13.22059567493084
A59,12.487965446781152,12.487965446781152
A60,9.713321779906192,9.713321779906192
A61,10.650993287013188,10.650993287013188
A62,12.046399213042875,12.046399213042875
A63,12.653773113186437,12.653773113186437
A64,14.959062203226512,14.959062203226512
A65,14.009631722497204,14.009631722497204
A66,19.540899672225944,19.540899672225944
A67,17.679168673894143,17.679168673894143
A68,16.195198053744203,16.195198053744203
A69,16.950612791282797,16.950612791282797
A70,16.042721246721204,16.042721246721204
A71,14.029397349850775,14.029397349850775
A72,10.43054538363167,10.43054538363167
A73,9.078896739141822,9.078896739141822
A74,8.709964982708025,8.709964982708025
A75,6.002057813783536,6.002057813783536
A76,8.046308221787182,8.046308221787182
A77,7.248900675274839,7.248900675274839
A78,12.020268757394737,12.020268757394737
A79,12.278269503476457,12.278269503476457
A80,11.086428865960402,11.086428865960402
A81,9.81321379569405,9.81321379569405
A82,11.153094010183901,11.153094010183901
A83,6.475177294870003,6.475177294870003
A84,6.341111416778608,6.341111416778608
A85,2.90021292321788,2.90021292321788
A86,4.879243896342957,4.879243896342957
A87,4.074744286455285,4.074744286455285
A88,9.011740508913913,9.011740508913913
A89,8.448569701434677,8.448569701434677
A90,6.523632193801242,6.523632193801242
A91,3.7765060571909594,3.7765060571909594
A92,1.3309748307161937,1.3309748307161937
A93,0.0,0.0
A94,1.3304799885755516,1.3304799885755516
A95,4.59032471618294,4.59032471618294
A96,6.857527324043266,6.857527324043266
A97,5.6105619148174455,5.6105619148174455
A98,3.8620396165756756,3.8620396165756756
A99,10.365338923547073,10.365338923547073
A100,11.431679972777404,11.431679972777404
A101,4.8922065573726545,4.8922065573726545
A102,9.816283869163525,9.816283869163525
A103,10.919252080614312,10.919252080614312
A104,13.582764777467066,13.582764777467066
A105,16.580854260260537,16.580854260260537
A106,17.429121980180184,17.429121980180184
A107,12.345293556655507,12.345293556655507
A108,14.28377044060846,14.28377044060846
A109,14.153083515615952,14.153083515615952
A110,14.543203807964735,14.543203807964735
A111,11.751815221488126,11.751815221488126
A112,9.745354072582485,9.745354072582485
A113,11.476593614831884,11.476593614831884
A114,11.203193964222882,11.203193964222882
A115,7.799323111655267,7.799323111655267
A116,7.339192462389851,7.339192462389851
A117,9.866208288902074,9.866208288902074
A118,9.311159594808801,9.311159594808801
A119,3.4243789217900518,3.4243789217900518
A120,8.316515796894755,8.316515796894755
A121,10.781183237474446,10.781183237474446
A122,8.258046439685357,8.258046439685357
A123,7.863228471817413,7.863228471817413
A124,5.999425139127914,5.999425139127914
A125,8.89338771222755,8.89338771222755
A126,7.446869275071236,7.446869275071236
A127,3.2638818912454544,3.2638818912454544
A128,6.010281607379142,6.010281607379142
A129,4.120109828633213,4.120109828633213
A130,7.421121815466986,7.421121815466986
A131,10.766143274172048,10.766143274172048
A132,13.215473241620975,13.215473241620975
A133,11.541507787113432,11.541507787113432
A134,10.759058230161227,10.759058230161227
A135,13.856827703338164,13.856827703338164
A136,16.055501642739163,16.055501642739163
A137,12.299402424508274,12.299402424508274
A138,14.128008210643141,14.128008210643141
A139,18.381270494718258,18.381270494718258
A140,19.51359900172185,19.51359900172185
A141,14.807784067847559,14.807784067847559
A142,21.0669351828879,21.0669351828879
A143,19.755806690692232,19.755806690692232
A144,11.433535804815586,11.433535804815586
A145,18.20800582161594,18.20800582161594
A146,20.386789374494455,20.386789374494455
A147,18.165905702716834,18.165905702716834
A148,14.735407357789605,14.735407357789605
A149,18.94476294388505,18.94476294388505
A150,20.217436187607962,20.217436187607962
A151,13.337422127232834,13.337422127232834
A152,18.248491526698857,18.248491526698857
A153,20.94319872894301,20.94319872894301
A154,19.099093198369392,19.099093198369392
A155,15.781481837901026,15.781481837901026
A156,21.307442854552022,21.307442854552022
A157,22.621295210486956,22.621295210486956
A158,25.337569121760676,25.337569121760676
