mutation_position,saa_STR,stt_STR,sds_STR,Total,score,RSA,Conserv_score,min dist
Phe101,-0.807875,6.577576,-1.629785,4.139916,0.8098380952380954,9.656344,-0.466,45.167993247431305
Leu130,0.830159,-0.238042,-1.246947,-0.65483,0.7908380952380951,25.308918,-0.6997,40.002942766751545
Arg4,0.573032,-1.631234,-0.158955,-1.217157,0.787047619047619,76.299735,0.3433,49.35769704919385
Gly10,1.705491,4.747459,-0.575741,5.877209000000001,0.7851571428571428,0.0,-0.8055,47.21860604676932
Cys50,2.694878,-1.395771,0.00824,1.307347,0.78343,45.462275,-0.6365,66.62649285381904
Lys89,-1.052908,1.159498,0.120521,0.2271109999999999,0.779442857142857,85.224084,-0.6177,28.74927098206144
Asp294,0.117382,0.0,-0.043131,0.074251,0.77821,99.274612,1.0133,79.59645209429877
Ser60,1.296309,1.870495,0.370494,3.537298,0.762635,42.615353,-0.5161,47.72042793186163
Ile21,0.001797,7.688949,-1.578474,6.112272,0.7586142857142857,13.352963,-0.8125,48.44200149663513
Asn40,0.614917,0.913547,0.104555,1.633019,0.7570809523809523,91.590372,0.1876,70.89869878213563
Lys299,-0.420098,2.582605,0.222113,2.38462,0.7561095238095239,83.023529,0.2106,72.40806873546622
Arg136,-0.816649,-0.588436,0.610464,-0.7946209999999999,0.7532428571428572,27.522627,-0.6096,35.469988567801934
Leu27,3.411289,4.333835,0.012039,7.757162999999999,0.752452380952381,41.635303,0.331,57.334575606696525
Ile91,-2.480983,2.166465,-1.308092,-1.62261,0.7492428571428572,4.765759,-0.4823,30.049368812006684
Phe6,0.747371,-0.265239,-0.858125,-0.375993,0.7489800000000001,12.416435,-0.7572,47.50127831964104
Leu2,3.193878,-1.635105,-0.500893,1.0578800000000002,0.7463761904761905,59.800819,-0.2351,49.64634698545302
Leu92,0.366074,3.833328,-0.817962,3.38144,0.7425476190476191,24.03004,-0.6279,30.96302507830913
Val57,5.141911,3.786866,0.153811,9.082588,0.7411857142857142,56.870911,1.02,54.94378529005806
Leu5,5.016909,-1.265545,-0.571481,3.179883,0.735509523809524,56.006377,0.3599,50.798293150459294
Leu131,0.09172,2.934965,-0.63569,2.390995,0.7327095238095238,26.318606,-0.5209,41.71172046319835
Thr38,1.381687,-1.050361,-0.018356,0.31297,0.7299238095238095,71.03536,0.2566,69.30906714853404
Asn122,-0.263541,3.43996,0.484448,3.660867,0.7293476190476189,62.9888,-0.4715,50.03105566545644
Asn41,1.443351,0.176953,0.958273,2.578577,0.7292500000000001,99.944339,0.7036,72.23340599750229
Thr283,-0.159036,0.0,0.0,-0.159036,0.727652380952381,88.212649,0.2678,74.67859657224419
Ser3,0.898042,-0.925022,0.362044,0.335064,0.726157142857143,46.060577,0.1984,46.71273304999399
Lys52,-0.709701,1.902189,0.398596,1.591084,0.7255619047619047,79.976588,0.2719,60.7486447914684
Ser463,0.637071,-2.84767,-0.550015,-2.760614,0.721242857142857,17.119655,-0.1569,35.93139057982588
Thr99,1.059855,5.859004,-0.69343,6.225428999999999,0.7201761904761904,14.13443,-0.6809,38.90214803837958
Ser15,0.981709,8.787537,0.385208,10.154454,0.7182761904761905,29.046741,-0.678,49.27215405277102
Lys257,3.229684,-1.081368,0.195113,2.3434290000000004,0.7176190476190477,29.236602,-0.8563,39.17424671898618
Leu330,4.493429,-3.566666,-0.218803,0.7079599999999998,0.7147285714285715,59.612129,-0.1832,36.13848272963324
Lys42,0.745102,2.275384,0.360685,3.381171,0.7141095238095237,80.582046,0.0528,67.91056520159437
Leu125,1.894231,3.962813,-0.405071,5.451973,0.7139095238095238,32.897412,-0.664,45.51086482368798
Arg255,2.072522,-1.754781,0.316628,0.6343690000000003,0.7124380952380953,71.238388,-0.6835,41.58317980866783
Val13,-1.03786,5.764767,-1.392508,3.3343989999999994,0.7106,2.279472,-0.7799,48.31310417474746
Leu422,4.320241,0.066679,0.267325,4.654245,0.7099,89.416965,1.2237,32.00228643394094
Pro51,0.339429,-2.080827,0.1912,-1.5501980000000002,0.7092714285714286,71.209045,0.2119,67.48750637710657
Asp424,0.20321,-0.786282,0.267325,-0.315747,0.7088699999999999,95.098453,2.6749,37.29742261872796
Leu97,2.390363,5.619089,-0.358299,7.651153,0.7077857142857144,36.871143,-0.3016,39.75131927370461
Asn250,-0.554389,-3.00963,-0.07175,-3.635769,0.704275,49.871298,-0.8422,33.82971971506711
Val289,4.41535,0.0,0.533039,4.948389000000001,0.7029714285714286,80.476617,0.6474,76.87536323816623
Tyr90,-1.856472,2.435986,-1.242875,-0.6633609999999996,0.70279,31.0396,-0.5987,32.022784029499995
Ile132,-1.330671,4.346106,-0.495605,2.51983,0.7016549999999999,0.875598,-0.5873,38.34071012644393
Leu121,-0.025557,3.146417,-1.750425,1.370435,0.701652380952381,15.870159,-0.629,51.411187916639314
Lys351,-0.670631,4.063356,0.263758,3.656483,0.7013571428571429,84.433891,0.7305,14.866806045684458
Asn367,0.552826,3.521136,-0.116418,3.957544,0.6998300000000001,101.546447,2.6748,44.3922483773913
His16,0.029365,10.396837,-0.122878,10.303324,0.6997285714285715,35.836233,-0.724,51.46710555296461
Leu190,2.952228,-0.952472,-0.625568,1.3741879999999995,0.6987047619047618,36.709428,-0.8162,47.80632139163188
Leu140,-1.511084,-2.653984,-1.64342,-5.808488,0.6957523809523809,0.19695,-0.7049,35.94655037691378
Ser59,1.568927,2.187829,0.694669,4.451425,0.6957285714285714,69.626894,-0.4024,49.69796342909839
Glu55,-0.381469,3.476525,0.123477,3.218533,0.6947857142857143,60.350875,-0.0467,60.13788399170693
Leu350,3.364118,1.402246,0.524406,5.29077,0.6945190476190477,76.142536,1.0563,10.099919306608346
Val297,4.980117,3.667642,0.293053,8.940812000000001,0.6921333333333335,68.640243,2.0066,76.43296166576302
Thr183,0.658564,2.896413,-0.418098,3.136879,0.691852380952381,35.957204,-0.7235,51.58677903300418
Ala727,0.032138,-0.917976,-0.403243,-1.289081,0.6915666666666667,21.778406,-0.4584,17.17931552769201
Ser88,-0.137697,0.868109,-0.670676,0.059736,0.6913047619047619,18.986233,-0.7731,26.861235507697707
Pro231,-0.077419,-4.189186,-0.189936,-4.4565410000000005,0.6909428571428571,85.39387,0.1117,32.363529643720874
Gln361,0.533505,2.995009,0.147679,3.676193,0.6908666666666667,94.644801,2.1962,39.877809643961136
Glu345,0.314545,1.366583,0.322005,2.003133,0.6902571428571429,77.870866,0.266,18.0790951930676
Phe53,4.584766,2.071429,0.195633,6.851828,0.69024,86.441704,1.2397,63.38770878490562
Asp829,-1.79956,4.137004,-0.195505,2.1419390000000003,0.690175,98.590128,2.4173,23.616564716317235
Val430,4.415657,2.455131,-0.164569,6.706219000000001,0.6899190476190477,69.189968,2.6743,38.8064704656324
Met36,1.551349,2.3575,-0.18721,3.721639,0.6898199999999999,53.1396,0.3591,64.43512888169
Asp133,0.081257,2.550339,0.474002,3.105598,0.688857142857143,23.815222,-0.8114,36.54319738337082
Ser138,1.003695,-0.945064,0.212312,0.270943,0.68865,6.055945,-0.078,31.975985754938037
Ala141,-1.386241,-2.751982,-2.015103,-6.153326,0.6883952380952381,0.64044,-0.8197,34.81621181288969
Leu222,2.574425,-0.889648,-0.228385,1.456392,0.6879238095238096,45.249956,-0.6395,42.76521991057687
Thr487,0.80876,3.132191,-0.246227,3.694724,0.6876,45.387043,-0.2023,26.323200451312907
Glu19,0.370837,7.312102,0.006532,7.689471,0.6875095238095237,59.030575,-0.8246,54.18861345338152
Tyr48,2.032511,0.322412,0.367329,2.722252,0.68749,41.617766,0.9748,66.81693023478405
Gly23,1.698265,9.844665,-0.290586,11.252344,0.6871142857142857,43.025892,-0.2483,55.98608575351557
Phe127,-0.090124,0.648284,-1.252257,-0.694097,0.6863714285714285,13.72712,-0.66,44.66883425835064
Val105,-0.946954,6.758781,-1.085812,4.726015,0.6850809523809526,2.798147,-0.4835,50.38954006537468
Arg84,1.889511,-2.313437,0.327916,-0.09601,0.68465,19.596946,-0.3644,24.599281615526905
Val25,1.875482,5.894535,-1.406,6.3640170000000005,0.6839285714285713,25.084738,-0.1677,52.41283401038338
Pro279,-0.580707,-1.923873,-0.111396,-2.615976,0.6815476190476191,83.360871,0.9936,71.90673570674724
Ser146,0.973733,-2.611089,0.718951,-0.9184050000000002,0.6814571428571428,7.696313,-0.3285,33.438014070814674
Glu228,-2.810991,-0.267382,0.0,-3.078373,0.6810190476190476,105.805601,0.0684,40.16839869847938
Glu123,-0.427441,2.316172,0.473314,2.362045,0.6808523809523809,39.955324,-0.6762,49.96238791330935
Cys195,0.733398,2.900976,-0.54647,3.087904,0.6803571428571429,32.288352,0.2044,52.641454710142646
Leu164,-1.54014,9.457975,-0.274682,7.643152999999999,0.680052380952381,0.823418,-0.3817,37.441745966234
Phe415,5.602683,0.297201,-0.116945,5.782939,0.6790400000000001,85.798677,-0.0667,16.106072457306286
His9,1.111283,2.415045,-0.225849,3.300479,0.67867,36.943028,-0.6481,49.632182835333765
Asn454,-0.751137,1.107034,-0.390249,-0.0343519999999999,0.6777950000000001,38.223056,-0.145,39.59924319983906
His488,0.631072,1.307772,-0.264759,1.674085,0.67762,36.71587,0.2658,22.433397201494024
Glu117,-0.718571,4.463425,0.545392,4.290246,0.6775714285714286,75.759798,-0.2322,59.025192197908176
Asn47,0.55838,-0.342155,0.252603,0.468828,0.6773049999999999,53.758523,-0.2228,66.73057512115416
Val305,2.454507,0.348868,-0.618581,2.184794,0.6770809523809524,45.686243,2.5279,67.62506225505453
Glu730,-0.666747,-1.34833,-0.043632,-2.058709,0.6763761904761905,67.609879,-0.1295,18.496080665914068
Cys176,1.367479,3.030579,-0.884775,3.513283,0.6763100000000001,22.227717,-0.2804,47.47848558031311
Val22,4.345553,8.688322,0.128256,13.162131,0.6761619047619047,47.960082,-0.5455,53.81761973554757
Ala124,-0.814407,2.49931,-1.784987,-0.1000840000000002,0.6760095238095238,0.0,-0.7774,48.49207886861523
Val428,4.413383,3.184321,-0.416581,7.181123,0.6751238095238096,70.600791,2.6747,36.91524548204983
Asp276,-0.31119,1.047506,-0.111396,0.6249199999999999,0.6750550000000001,90.625085,0.2744,63.53908567960354
Glu49,-1.078759,2.192906,0.379929,1.4940759999999995,0.6748095238095237,90.62204,0.8789,65.67846854182883
Pro249,0.944403,-5.140953,0.143785,-4.052764999999999,0.6747809523809524,35.460737,-0.398,38.12557459239139
Glu441,-1.5457,-0.200943,0.0,-1.7466430000000002,0.6747619047619048,85.660679,2.3736,44.14334581791461
Ser107,0.176402,6.502939,0.483061,7.162402,0.6745,18.238057,-0.659,51.043361468461306
Ser349,0.599053,1.981,0.229894,2.809947,0.6733428571428572,82.5355,0.1056,14.19776313367708
Ile274,4.872419,3.807557,0.409325,9.089301,0.6719523809523809,58.483515,0.0405,58.36546241571294
Arg240,1.657901,-0.754492,0.3735,1.276909,0.6719190476190476,32.140186,0.6091,30.80076783133823
Lys363,0.813773,0.0,-0.030715,0.7830579999999999,0.6718571428571428,90.520327,2.6652,44.33358710954935
Met31,0.930864,0.828219,-0.618168,1.140915,0.671525,44.537352,-0.353,58.77353688523432
Lys314,-0.520157,-0.131463,0.328101,-0.323519,0.6712380952380952,55.702438,-0.2813,56.76333526141676
Gly93,-0.525378,5.171839,-0.890688,3.755773000000001,0.6708380952380951,54.363113,-0.6094,34.43038084308682
Thr119,-0.101987,3.647699,0.566888,4.1126,0.6700142857142858,59.703396,-0.4381,55.57237735602104
Ser313,1.240608,0.391289,0.519082,2.150979,0.6699333333333334,51.177039,0.2985,58.500710499958885
Thr26,0.796782,5.287271,-0.383886,5.700167,0.6695095238095238,45.937988,-0.6142,56.79446032845105
Asn247,1.354783,-4.803361,0.557685,-2.890893,0.669265,23.815363,-0.2718,31.971190062304533
Gln254,2.143706,-1.510897,0.726729,1.359538,0.6682380952380952,37.152309,-0.703,39.75551799436148
Phe128,-1.807996,0.199513,-0.369541,-1.978024,0.6677190476190477,0.0,-0.6186,43.23327928806697
Gln432,0.100347,1.476663,0.175685,1.752695,0.6671190476190475,94.975452,2.6751,42.74663543485031
Arg159,-0.390069,1.255357,-0.574878,0.29041,0.6669571428571428,31.007723,0.1657,38.93353029202464
Asn148,-1.923544,-5.54337,0.383242,-7.083672,0.6669285714285714,57.498622,-0.3268,34.98214293035805
Ser261,3.8532,0.981217,0.462805,5.2972220000000005,0.6666952380952381,11.969888,-0.6524,45.41075195369484
Ser346,0.695782,2.305978,-0.08873,2.91303,0.6663,61.420166,0.0179,14.444173081211677
Met318,1.428074,2.135377,-0.394437,3.169014,0.66411,29.133178,0.3246,48.61279585664663
Leu429,4.397183,0.01319,0.239642,4.650015,0.6638238095238096,86.964341,2.6574,40.12787965990727
Glu244,1.59384,0.357878,0.305014,2.256732,0.6637142857142857,38.295331,0.0768,32.80770901785127
Glu54,0.267237,2.292731,0.45546,3.015428,0.6633904761904761,101.809947,0.022,63.50116428066497
Gln280,-2.136146,3.018198,0.036193,0.918245,0.6633142857142859,85.097345,2.6617,72.35848377350095
Ala275,1.065409,-0.190369,-0.788447,0.086593,0.6630904761904762,60.999203,0.0807,60.48745705516144
Ala455,0.925077,0.704494,0.019505,1.649076,0.6625238095238095,91.273223,0.3681,39.61852720634628
Leu129,-0.337406,-0.611733,-1.041178,-1.990317,0.6623761904761905,17.746955,-0.6649,39.84148474893976
Ser217,0.995343,2.380556,0.501406,3.877305,0.6622809523809524,1.334404,-0.6945,42.741276548554325
Thr355,1.266953,0.0,-0.214663,1.05229,0.6618999999999999,84.754106,1.5822,21.353215963877663
Thr409,1.56328,0.013905,-0.177011,1.400174,0.6617285714285713,79.001357,2.6721,32.03698678090685
Val178,2.459325,3.716706,-0.992772,5.183259,0.6616619047619048,45.533827,-0.6527,43.17706560200681
Val153,-3.272932,-1.815538,-0.807262,-5.895732,0.6610761904761904,1.24476,-0.7115,40.70538373483292
Ser102,1.439766,7.086931,1.103828,9.630525,0.6606428571428571,0.0,-0.7105,44.249995084745485
Trp308,5.067529,-1.312962,-0.109432,3.6451350000000007,0.6600599999999999,80.188163,1.0133,56.75887936702063
Lys480,-0.722603,3.239785,0.44063,2.957812,0.659955,41.723793,-0.5055,23.4028407891008
Asn392,0.539442,3.952929,-0.041906,4.450465,0.6595857142857142,91.315521,1.0101,31.03735249662896
Phe238,5.416187,-0.047575,0.072974,5.441586,0.6589350000000002,71.58309,-0.1755,24.459880089648845
Met161,-2.196902,3.343401,-1.129106,0.0173929999999999,0.658785,0.0,-0.6405,41.95588862126508
Ile64,3.175873,1.778476,-0.168886,4.785463000000001,0.6584904761904762,46.231944,-0.2547,45.10939163854907
Glu387,-0.095716,2.421018,0.074113,2.3994150000000003,0.6581666666666667,100.881618,2.675,43.81089171655834
Val110,-2.12053,4.409893,-1.114236,1.1751270000000005,0.6579190476190476,2.034042,-0.4491,53.503110638541386
Val397,4.170658,4.904604,-0.124607,8.950655000000001,0.6575428571428571,83.027894,0.8824,19.96331467968183
Leu58,4.981855,0.050426,0.398191,5.430472,0.6567238095238096,60.148898,0.0732,52.41978681757491
Glu343,1.186378,2.406408,-0.582203,3.010583,0.6563380952380952,73.734907,0.3205,18.019262193552763
Ile94,-1.926966,3.987165,-2.014957,0.045242,0.6560142857142858,4.760734,-0.6846,36.53529824703776
Phe98,-1.402746,5.869162,-1.242217,3.2241990000000005,0.6558904761904761,0.723091,-0.5549,40.162910128624894
Asn445,-1.028255,-1.664667,0.30703,-2.385892,0.6553699999999999,29.34191,0.8727,39.25065241495993
Leu170,-0.789563,2.882413,0.340099,2.4329490000000003,0.6551380952380954,6.410025,-0.7359,44.13673778158054
Val201,-1.566769,3.996835,-0.673373,1.756693,0.6545449999999999,2.870474,-0.5576,46.814378613840425
Trp46,3.950509,1.136613,-0.154534,4.932588,0.65413,79.537702,0.4396,58.46529645866854
Val385,3.904346,1.294345,-0.13177,5.066921,0.6537095238095239,78.695667,2.6751,45.6226237408591
Ala172,-0.826319,1.307532,-0.588036,-0.1068230000000001,0.6536380952380951,8.641544,-0.7423,45.58973189217063
Ala14,-0.456704,6.517632,-0.454314,5.606614,0.6532142857142856,0.0,-0.7395,46.16991602764727
Lys142,3.075671,-3.055858,-0.111406,-0.0915930000000003,0.6525809523809525,22.202515,-0.4448,28.255067722445823
Thr360,1.811056,4.502096,-0.14233,6.170821999999999,0.652557142857143,84.852104,1.3843,37.55124862105121
Asp56,0.676751,2.065654,0.612692,3.355097,0.652355,96.543075,0.1634,57.49057802805604
Val20,0.009893,7.218077,-1.129577,6.098393,0.6521523809523809,11.201932,-0.7876,51.41024436821906
Cys368,6.816025,2.954884,0.0,9.770909,0.6520949999999999,77.578482,0.9314,40.37618413124252
Ala144,-1.744626,-1.343724,-1.91888,-5.00723,0.6516761904761905,0.0,-0.7784,36.63090510757276
Val174,-1.449735,0.741021,-0.536995,-1.245709,0.6514619047619048,8.839032,-0.7743,42.90324022728353
Leu83,-1.95208,-2.041225,-1.599842,-5.593147,0.6510476190476191,4.05077,-0.6711,27.503262551922816
Thr425,2.039582,0.0,-0.19745,1.842132,0.6508666666666667,89.219673,2.6748,37.19791002193537
Lys401,1.800757,1.544645,0.2523,3.597702,0.6499952380952382,81.482293,0.6161,20.91342812644546
Ser33,1.183093,1.428891,-0.06193,2.550054,0.6490952380952381,32.792905,-0.6474,62.36919985056728
Gly45,1.294181,4.861552,0.071191,6.226924,0.64901,29.459187,-0.2373,66.32357931384584
Leu291,3.306399,0.0,-0.042097,3.264302,0.6480095238095237,92.711106,2.1221,78.41085399356392
Cys30,3.229443,1.537634,0.044648,4.811724999999999,0.647552380952381,43.39951,-0.4507,60.5360188152475
Phe143,-1.501854,-1.448251,-0.070508,-3.0206129999999995,0.64744,4.603574,-0.0257,34.545268735385456
Trp233,-0.557083,7.842489,-0.895568,6.389838,0.64711,22.120865,0.2721,30.27318214195528
Trp18,2.876657,6.729906,-0.615205,8.991358,0.646995,54.729435,-0.0875,50.62218268703948
Leu173,1.918956,0.684768,-0.620766,1.982958,0.6463714285714287,52.406438,-0.1428,47.6600413134525
Thr253,0.123423,-0.060215,-0.198983,-0.1357749999999999,0.646215,45.030983,-0.5188,35.18340456806305
Thr414,2.530145,-4.066882,-0.009082,-1.5458189999999996,0.6461380952380952,80.674223,2.6452,22.83895431056335
Pro373,1.687467,0.539463,-0.360774,1.8661560000000004,0.6461285714285714,86.52204,2.6751,38.84066663949011
Ser278,0.335142,0.0,0.074609,0.409751,0.6461142857142858,76.058223,1.0462,69.22154697780165
Ala405,1.502231,0.704361,-0.658447,1.548145,0.6460142857142858,74.037227,2.6336,25.190381716043923
Gly39,1.702767,5.667175,1.308693,8.678635,0.6459047619047619,37.539861,1.4187,70.1353203314849
Ile157,-2.648157,-2.691954,-2.20881,-7.548921,0.64534,0.426331,-0.8002,41.17792517842539
Pro439,-0.773039,-3.634049,0.201535,-4.205553,0.6452904761904763,37.759432,2.675,43.410017899097895
Val187,4.523884,2.392621,0.121826,7.038331,0.6452,50.105993,-0.7787,51.32625288290584
Pro434,0.501017,-1.748053,-0.11686,-1.363896,0.6440333333333333,77.406119,2.6751,42.6010717001345
Ala162,-0.07704,4.929083,-1.030819,3.821224,0.6434,14.951015,-0.4182,43.29735393762534
Phe338,5.692566,1.184459,-0.180988,6.696037,0.6432857142857143,63.038719,-0.3813,26.850959629033746
Glu489,1.29665,0.719284,0.023339,2.039273,0.6431809523809524,31.489231,-0.3731,24.170133594996948
Thr431,1.092666,2.965199,0.318215,4.37608,0.6428380952380953,83.665941,2.675,40.5761156470158
Asn352,0.334767,1.846909,0.141012,2.322688,0.6423380952380952,94.860142,0.35,15.517152509400686
Ser185,0.465864,1.073649,-0.946113,0.5934000000000001,0.6418333333333334,42.205187,-0.8289,50.51490579027145
Ser500,0.08037,-1.92134,0.128749,-1.712221,0.6411809523809524,20.426582,0.0519,27.234208727260643
Ser507,-0.648053,-2.632925,-0.142839,-3.423817,0.6408095238095238,43.821712,0.8678,24.02606338957758
Asn296,0.408703,1.731614,0.428874,2.569191,0.6406800000000001,90.703046,0.9953,75.02160837385453
Phe168,-1.328723,5.226965,-0.289758,3.608484,0.6405750000000001,4.276661,-0.3905,41.76466986580883
Ile468,-0.105608,-3.257321,-0.864204,-4.227133,0.6393571428571428,4.371296,0.3434,32.04185615722036
Pro126,2.379009,1.376085,-0.262811,3.492283,0.6388571428571429,6.699939,-0.7432,43.673277287146654
Ala329,2.689233,-4.042405,-1.003024,-2.356196,0.6387190476190475,30.418274,-0.3296,36.95995630408672
Val219,0.290089,0.027782,-0.976957,-0.659086,0.6378499999999999,29.235662,-0.5047,39.67361680008516
Ser493,0.138819,0.556657,-0.05402,0.641456,0.637552380952381,16.276021,0.8295,25.252849680778606
Pro213,0.771501,5.619061,0.263623,6.654185,0.6375428571428572,0.267494,-0.8215,43.885006801868
Ser304,1.133417,-0.10281,0.0,1.0306069999999998,0.63563,94.246214,2.5983,70.94240921338941
Ile232,0.158612,4.420559,-0.02804,4.551131,0.6354850000000001,22.896165,-0.1871,32.43459033192804
Thr342,1.999918,3.075453,0.873065,5.948436000000001,0.6352095238095238,63.13984,0.5946,19.980368715316544
Gly453,-0.934208,4.102409,-0.315865,2.852336,0.6346523809523811,75.037844,0.5745,38.3000781852988
Ser356,1.73289,1.168481,0.000318,2.901689,0.6341190476190477,82.94732,0.8448,25.12868715233647
Leu438,1.273584,-1.21501,-0.165814,-0.1072399999999998,0.6340238095238097,36.52632,2.6751,39.213753543877935
Arg440,-2.446328,-0.026838,0.0,-2.473166,0.6337333333333334,99.417417,2.6751,43.74169070806477
Gly96,0.565672,6.4501,-0.78217,6.233602,0.6331857142857144,17.215071,-0.4706,37.131244215619816
Ser290,1.563012,0.812547,0.125086,2.500645,0.6323619047619049,83.960343,2.6446,78.9462179778107
Arg395,2.260732,3.454692,0.0,5.7154240000000005,0.6322190476190477,94.427179,1.1005,23.588052696227383
Pro477,-0.286975,-2.994713,-0.322164,-3.603852,0.6315428571428571,35.967213,-0.024,25.701477233808955
Ala137,-0.93397,-1.349895,-1.219358,-3.503223,0.6311380952380952,0.310505,-0.6937,36.17742876435527
Thr68,2.370426,1.083922,-0.100047,3.3543010000000004,0.63112,16.052711,-0.5496,42.354483080306856
Glu243,3.609767,3.608595,0.18409,7.402452000000001,0.6303476190476192,15.57926,-0.2201,29.08167441878133
Thr24,2.533399,7.649752,0.447572,10.630723,0.630004761904762,7.49843,-0.5394,52.094831039173165
Cys194,-0.717403,3.872986,-1.017848,2.137735,0.6283952380952382,12.61533,-0.5801,48.66613477563222
Cys44,0.193251,-0.538582,0.092445,-0.252886,0.6283619047619047,35.512642,-0.7235,65.55516624187601
Lys248,0.033935,-3.060226,-0.333678,-3.359969,0.62807,64.828708,-0.5736,35.43234636599727
Ile192,1.413677,0.203381,0.432212,2.04927,0.62782,31.974211,-0.2477,53.51838124420431
Ala465,0.819465,-4.046782,-0.178947,-3.406264,0.6270190476190477,44.788771,0.6849,35.79224761034154
Ser317,1.231397,0.48849,0.326785,2.046672,0.6260904761904762,65.030425,-0.1245,55.38026955514031
Pro442,-0.322538,-5.277725,0.247335,-5.352928,0.6254238095238096,44.507593,0.5808,41.31442941636736
Ile29,3.300105,1.80945,-0.741592,4.3679630000000005,0.6237904761904762,43.832695,-0.1193,56.92076090496331
Ser147,1.284154,0.459005,-0.28063,1.462529,0.6223047619047618,0.292998,-0.6659,35.78103348144097
Thr139,0.0528,-1.691839,0.666266,-0.972773,0.6216571428571429,9.788389,0.1179,32.95540511054294
Leu312,3.640722,0.181482,-0.553944,3.26826,0.6215952380952381,47.470261,0.2428,55.99228237891361
Lys502,-1.741557,-2.537446,0.10911,-4.169893,0.6211714285714285,75.361496,0.6541,26.92806768039623
Glu191,0.056195,0.044685,0.379388,0.480268,0.6203571428571428,34.114998,-0.7406,52.64736925051431
Thr28,1.536272,3.353131,-0.273369,4.616034,0.6202857142857143,3.284283,-0.599,54.3552485598217
Arg224,-0.099182,-3.152429,0.345462,-2.906149,0.6202428571428571,28.497959,-0.5436,38.3364801853274
Phe78,4.46114,-0.641003,-0.104877,3.71526,0.620195238095238,49.750283,-0.3051,28.324801376179146
Val267,3.355558,1.597925,-0.28224,4.6712430000000005,0.6201428571428571,42.059747,-0.8402,48.91705254816566
Leu134,-1.874929,-2.186388,-1.412565,-5.473882,0.6199380952380953,1.594956,-0.597,34.59878035422636
Met260,3.003905,0.194581,-0.664159,2.534327,0.619175,39.756257,-0.8392,40.77539244446336
Glu302,0.625704,-1.137648,0.114683,-0.397261,0.6188761904761906,89.556984,0.3911,72.54184333196945
Glu388,0.101971,0.0,0.407213,0.509184,0.6184285714285713,104.790151,2.0245,40.454872401232464
Arg300,0.092154,1.467076,0.236289,1.795519,0.6178000000000001,72.263909,0.8756,73.46192767685856
Lys288,0.781376,0.0,0.0,0.781376,0.6176857142857143,87.922969,2.1622,71.40864860785422
Leu266,6.396975,1.573966,-0.975294,6.995647,0.6171,56.160873,-0.0974,51.383352138606135
Glu155,-0.986759,-2.625297,0.363911,-3.2481450000000005,0.6170190476190476,28.177592,0.5539,42.66175970350965
Ser149,-0.530663,1.052205,-0.792079,-0.2705369999999999,0.6161666666666668,41.770049,-0.4213,40.03450649127575
Val334,3.77357,-2.48089,-0.209431,1.083249,0.6158476190476191,38.582757,0.0078,30.995018599768574
Ala214,-1.010121,4.67996,-0.851898,2.8179410000000003,0.615652380952381,0.0,-0.799,45.68409973940605
Val252,3.951903,0.627247,-0.159799,4.419351000000001,0.6155238095238096,55.605535,-0.7355,36.029240583170775
Ser103,0.656375,7.364557,0.174674,8.195606,0.6154900000000001,18.344747,-0.7795,44.78542156773786
Glu726,-2.719744,-1.974835,-0.024046,-4.718625,0.6148523809523809,59.67004,0.7721,20.677462779557843
Glu446,-2.876619,-3.123778,0.472286,-5.528110999999999,0.6148190476190475,64.301868,0.3197,42.40703796541324
Ile354,3.256691,0.0,-0.283674,2.973017,0.6147047619047619,62.444509,0.723,16.64419697672435
Thr483,0.196945,0.47151,0.127256,0.7957110000000001,0.6146666666666668,70.615695,0.9586,23.049858763124774
Met523,1.004448,0.538122,0.290668,1.833238,0.6141300000000001,22.421275,0.0352,16.12220968105799
Leu449,-1.24556,-3.167911,-0.891027,-5.304498000000001,0.613895238095238,25.049021,0.3899,36.976735402141706
Val181,2.171291,7.070063,-1.071048,8.170306000000002,0.613647619047619,33.443971,-0.4342,47.813819822306606
Met32,1.394105,1.10018,-0.711814,1.7824709999999997,0.6136000000000001,40.466904,0.1766,57.80573085776184
Pro402,1.485613,-1.139567,0.960843,1.306889,0.6133333333333333,70.881472,-0.0303,19.17345576571944
Ala158,-0.712694,-1.891636,-0.164696,-2.769026,0.6131380952380953,0.0,-0.5808,43.536325993358695
Ala269,2.979413,2.242765,0.122752,5.34493,0.6130095238095239,36.75365,-0.3455,55.12171347119028
Ile301,2.656117,1.759232,0.149705,4.565054,0.612865,42.388878,-0.1598,68.38145187110318
Leu293,4.583697,1.495764,0.348172,6.427633,0.6127857142857143,89.98313,1.1643,81.71143403465638
Glu246,-1.221632,0.150341,-0.328111,-1.399402,0.6125857142857144,82.351821,-0.3459,26.137946552856828
Lys501,-2.537577,-3.247948,0.307862,-5.477663,0.6120047619047619,67.434898,2.64,29.85968013894321
Cys369,7.227649,0.0,0.075606,7.303255,0.6116190476190477,79.730728,0.9073,39.20134474734253
Pro277,-0.072926,0.0,-0.091674,-0.1646,0.6115238095238094,65.134025,1.4529,65.02761158923185
Pro410,0.278278,-2.881743,0.0,-2.603465,0.6113571428571429,82.404588,2.6712,30.096946788669445
Pro353,0.630881,15.634239,0.263758,16.528878,0.6113380952380952,85.479052,0.5191,17.256669811988637
Pro506,-1.268413,0.391509,-0.18709,-1.063994,0.6108952380952383,54.332358,2.6741,27.536381116624604
Cys382,6.107494,1.858644,-0.076863,7.889275,0.6107500000000001,78.364893,2.6749,48.69136544604187
His237,1.127165,0.340443,-0.175123,1.292485,0.6105238095238095,57.196841,0.1154,29.50394973558625
Tyr77,-1.05451,-0.110468,-0.056324,-1.221302,0.6099809523809524,6.082165,-0.5956,27.782430959151142
Leu145,-1.764085,-0.400012,-2.356,-4.520097,0.6096142857142857,3.608698,-0.6594,32.70210396901092
Met209,-2.499265,6.164283,-0.636448,3.02857,0.609585,4.570627,-0.7,46.43726324838706
Met8,2.881313,0.682223,-0.187159,3.376377,0.60918,58.0791,0.8977,49.9326960718125
Arg230,0.909681,-0.311148,0.585091,1.183624,0.6086428571428572,76.091084,0.1535,33.79451431815525
Asn35,1.563329,0.513395,0.626146,2.70287,0.6085047619047619,25.885574,-0.2375,64.04415789906211
Ile100,5.897047,5.852178,-0.259159,11.490066,0.6083047619047619,68.378406,-0.316,42.28159261428075
Ala459,-1.152909,0.731968,-0.349281,-0.770222,0.6079238095238095,6.734021,0.1621,33.03329727714144
Lys381,0.213505,0.0,0.357243,0.570748,0.6074333333333334,91.999242,2.6751,47.480882953037
Ile43,4.351675,2.473849,0.325077,7.150601,0.6073285714285714,61.543457,0.1151,66.68848159914874
Ser427,1.645855,1.636658,0.109285,3.391798,0.6069238095238095,96.104808,2.3023,40.85905924027131
Gly165,0.279707,10.978171,0.183514,11.441392,0.6068095238095237,0.0,-0.7383,42.999329785474565
Arg154,0.785592,-2.280456,0.50915,-0.9857140000000002,0.6067428571428574,21.486093,-0.328,43.46211118894249
Pro303,1.201249,-1.989217,0.20013,-0.587838,0.6067380952380952,56.94004,0.4509,69.66142831581908
Met34,2.56815,1.056158,-0.006528,3.61778,0.6059450000000001,65.740928,-0.2178,64.88992392505942
Gln150,-1.188384,-1.672549,0.496342,-2.3645910000000003,0.6054571428571429,36.55235,-0.3748,43.02326968048802
Phe310,1.102496,-0.458388,0.241584,0.8856919999999999,0.6052199999999999,23.754992,0.7773,61.16621760416447
Arg188,0.792742,0.243139,0.357139,1.39302,0.6050285714285715,59.804566,-0.2545,55.08227908320425
Met258,3.238139,0.047376,-0.007653,3.277862,0.604985,51.679623,-0.0495,43.88667836599165
Thr167,-0.206972,6.827573,0.644756,7.265357,0.6044619047619048,12.57936,-0.1855,40.70522513142508
Leu521,0.24073,2.496097,-0.340446,2.396381,0.6043761904761906,28.67349,0.0429,13.44534060557783
Phe113,5.004596,3.594368,-0.441489,8.157475,0.6041809523809525,57.964597,0.0955,58.80758473190341
Ser420,2.177306,-0.613408,0.046829,1.6107270000000002,0.6040047619047618,90.452978,2.6751,28.16322973311122
Leu65,-0.367107,1.386432,0.029086,1.048411,0.6039476190476192,14.514754,-0.5962,46.55612221824322
Ile76,2.272408,-0.149625,-1.533301,0.5894820000000001,0.603685,20.261108,-0.2739,33.29946308876466
Ser271,2.65674,1.932808,0.817048,5.406596,0.6035800000000001,33.229622,-0.7027,54.87016912676687
Ile316,5.206976,0.520114,0.080936,5.808026000000001,0.6033000000000001,69.387194,0.716,54.482098270899954
Asp408,0.351391,2.798381,0.248666,3.398438,0.6032300000000002,99.643817,2.6353,30.79425595788929
Thr344,1.607778,1.962183,0.955625,4.5255860000000006,0.6029857142857143,24.443578,0.8393,19.121972021734575
Ile868,4.307353,0.86742,0.626983,5.801756,0.6025571428571429,57.923297,0.3011,3.260745160235615
Pro251,0.002123,2.661699,0.310366,2.9741880000000003,0.6023000000000001,52.550355,-0.7812,38.341347368082936
Trp273,4.307537,1.492082,-0.098961,5.700658,0.6014950000000001,81.70452,0.2038,59.961934758645
Ser223,0.017088,-0.631571,-0.032549,-0.647032,0.6012000000000001,12.45769,-0.5814,38.82762659499032
Leu331,4.706273,-3.683494,-0.09349,0.9292890000000004,0.6007904761904761,59.332495,-0.4367,33.19212161040628
Leu86,1.155203,-3.262548,-1.168474,-3.275819,0.6005380952380952,38.997847,-0.2104,24.546793538057063
Asp151,-1.19113,-1.98585,-0.506506,-3.683486,0.600465,72.122777,-0.0709,44.38087104823428
Lys460,-2.156851,1.996834,0.717653,0.5576359999999999,0.5999190476190476,48.879683,1.1747,35.41052976164011
His270,2.974065,2.561228,0.131014,5.666307,0.599104761904762,59.554828,-0.3919,54.889913408567146
Val417,4.664195,-2.649385,-0.116945,1.897865,0.5990047619047618,72.117774,1.4984,18.260948852674662
Tyr311,2.344442,0.613359,-0.666054,2.291747,0.598765,42.673464,0.5906,57.85828885302434
Leu423,3.873198,-0.210245,-0.026047,3.636906,0.5985380952380952,86.274068,2.6751,34.78199048358216
Leu484,0.191754,0.406266,0.042769,0.640789,0.5985333333333331,36.692219,0.3655,27.032947342086104
Arg7,2.216999,-0.429927,0.253829,2.040901,0.5982095238095239,47.03258,-0.2191,46.70454232727263
Phe104,3.269872,6.767476,-0.425409,9.611939,0.5981047619047618,35.908171,-0.5023,48.53923178213681
Pro357,0.635436,11.472515,-0.508854,11.599097,0.5975714285714284,79.8396,0.904,28.3154503584174
Met315,3.348429,0.448835,-0.384881,3.412383,0.597235,67.548893,0.0423,51.30265203671249
Gly881,0.970027,6.161821,-0.160707,6.971140999999999,0.5971,73.468531,0.8418,23.266634028152847
Leu348,3.696472,2.964314,0.077884,6.73867,0.5969952380952381,64.361546,0.1346,17.009357718620652
Ile111,-0.4602,3.847946,-0.739621,2.648125,0.5969,26.020672,-0.2353,57.00122560963054
Pro365,1.66432,11.86015,-0.147133,13.377337,0.5968666666666669,75.425126,2.675,46.27776987928437
Glu295,-0.520713,3.679039,0.419112,3.577438,0.596575,96.07411,1.0039,79.79423039919615
Val359,5.194757,2.364287,-0.146513,7.412531,0.5964714285714285,74.908426,2.6456,34.32772252859196
Gly120,1.517465,5.139598,0.042048,6.699111000000001,0.5962619047619048,9.465126,-0.5507,53.97260973864429
Thr325,2.964209,-2.570023,0.001411,0.3955969999999999,0.5960285714285714,12.025255,-0.4884,41.49664927436913
Leu220,-1.38755,-1.03668,-1.620039,-4.044269,0.5959428571428571,1.084571,-0.656,37.43127294121855
Leu452,-0.978669,0.633579,-2.081858,-2.426948,0.5956999999999999,22.808161,-0.1979,34.33987085007746
Val404,4.961747,2.025768,0.200395,7.1879100000000005,0.5942428571428571,83.738509,1.646,24.533846539016256
Glu221,0.948139,-1.253629,0.618874,0.3133839999999999,0.5938428571428572,21.823637,-0.6987,42.61867302016805
Ile320,5.355063,-1.089351,-0.456421,3.809291,0.5932950000000001,71.180214,0.0934,48.17342606666044
Pro166,-0.223835,7.510443,0.900158,8.186766,0.5932428571428572,15.660841,-0.7878,44.78105381743489
Val256,6.081697,-1.087897,-0.06053,4.93327,0.5923238095238096,51.425973,-0.7147,37.92390441397088
Ala333,2.530092,-2.955903,-0.88164,-1.3074510000000004,0.5916904761904761,36.303176,-0.1979,32.83868045461023
Ile163,-0.315742,6.371453,1.02948,7.085191,0.59005,22.815787,-0.0669,38.63129348080388
Ala888,1.448303,0.0,0.305379,1.753682,0.5900000000000001,141.415726,-0.4596,39.96998897923291
Ile62,2.005485,1.080392,0.439138,3.525015,0.5898300000000001,40.211785,0.2868,48.50124799425269
Lys116,1.277822,6.095278,0.566917,7.940017000000001,0.5889285714285715,31.367235,-0.2947,62.87592711046096
Leu262,4.807792,1.304722,-0.018519,6.093995,0.5886190476190476,57.269188,-0.5372,47.95460722391541
Asn830,0.270264,-1.766984,-0.324458,-1.821178,0.5885,45.856998,2.5064,20.10313560119416
Asn411,-0.065966,-0.005806,-0.177011,-0.248783,0.5876428571428571,100.31593,2.6751,26.89702637839358
Asp366,-0.380198,3.309988,-0.281403,2.648387,0.5871285714285714,102.338406,2.6712,43.44771598139539
Asn734,1.201992,3.190785,0.213771,4.606548,0.5867619047619049,55.156839,-0.05,17.67709981869198
Thr66,2.998934,1.813836,0.312549,5.125319,0.5866666666666667,14.303158,-0.6301,44.02375445143225
Asp516,-1.031501,-1.137546,0.329072,-1.839975,0.5863949999999999,99.603735,0.6491,21.135476526447185
Ala413,2.922781,-1.91051,0.0,1.012271,0.5858904761904762,88.010451,1.1738,22.495805409009037
Ser421,1.332994,0.505174,0.156308,1.994476,0.585852380952381,83.334073,2.6748,31.46633690152065
Ala284,1.072403,0.853264,0.05117,1.976837,0.5857190476190477,73.215112,2.6749,71.84593266845383
Leu328,2.447143,-4.795827,-0.688547,-3.037231,0.5857047619047618,23.415106,-0.4957,36.541497218915374
Ser236,1.828647,-0.096557,0.682914,2.415004,0.585035,13.040178,-0.0842,29.58413782755888
Gln341,0.850215,3.057041,0.41366,4.320916,0.5847095238095238,55.269853,0.1721,23.15380750546225
Cys198,-1.268578,5.081583,-0.136839,3.676166,0.5846619047619047,9.657782,-0.5788,50.60041337775809
Arg370,1.538854,0.0,0.114683,1.653537,0.5834904761904762,94.922885,0.8707,40.32112621194999
Val540,1.984951,-3.039917,-1.088421,-2.143387,0.5833,39.279031,-0.49,10.077579372051604
Phe212,-2.178625,9.426587,-1.58519,5.662772,0.5825400000000001,1.807506,-0.7299,38.82612145192975
Leu235,4.758706,0.811708,0.183859,5.754273,0.5814095238095238,71.824198,0.179,24.073842734387046
Asn379,1.601472,4.163919,0.317789,6.0831800000000005,0.5793619047619047,96.703049,2.6747,46.26899780630655
Glu225,-1.045944,-2.872485,0.213121,-3.705308,0.57928,74.417499,0.1092,43.24079105428114
Ile259,6.338566,-0.423926,0.432164,6.346804000000001,0.5792142857142857,67.194547,-0.8218,42.89992050109184
Ser135,-0.166328,0.052962,0.144476,0.03111,0.5781904761904761,51.021642,-0.6776,33.26774359646293
Gly292,1.460942,0.359639,-0.108242,1.712339,0.5779142857142857,74.015694,2.303,79.70116561255551
Phe339,4.906824,1.425097,-0.442611,5.88931,0.5777950000000001,65.328418,-0.3616,23.61475085619156
Ser282,0.475469,-0.588547,0.17106,0.0579819999999999,0.5775949999999999,72.938731,1.3034,73.17663618942866
Glu245,-0.647346,-1.952926,0.305954,-2.294318,0.5772380952380951,82.353931,-0.3646,30.987003953270477
His112,-0.828645,3.938552,0.155192,3.265099,0.5772047619047619,38.830584,-0.375,59.40054903786665
Ile400,5.888639,4.190053,0.97802,11.056712,0.5771904761904763,89.039895,0.7435,19.017165219874386
Ile391,3.428405,3.6995,0.135527,7.263432,0.5770523809523809,86.207631,2.6577,34.19700631634296
Val265,2.948517,1.201351,-0.767463,3.3824049999999994,0.5765904761904762,43.57554,-0.2974,50.20742034799238
Val241,2.205469,-1.244347,0.268095,1.2292169999999998,0.5765285714285714,54.481929,-0.0483,30.47572097588505
Asn529,0.119448,-3.959124,0.678805,-3.160871,0.576435,49.479182,-0.8431,16.988230808415572
Asp285,-0.53819,0.0,-0.530127,-1.068317,0.5761350000000001,93.710911,1.2271,71.52534551471948
Pro444,-1.225189,-7.810032,0.183762,-8.851459,0.5748047619047619,58.847764,0.3309,42.66686087586008
Leu177,-0.693223,3.237672,-1.006034,1.5384149999999996,0.5739952380952381,16.392763,-0.7771,47.7338152047372
Gln877,-0.095961,0.917253,-0.094786,0.726506,0.5738619047619047,79.499445,0.8092,18.15531519968739
Glu386,0.306012,0.0,0.310372,0.616384,0.5732857142857144,98.586307,2.6751,44.61283503656767
Arg393,0.970531,5.569068,0.139007,6.678606,0.5724904761904762,90.273292,2.2289,28.94247491145151
Lys885,0.452479,1.892613,0.262865,2.6079570000000003,0.5724666666666667,84.046593,1.0606,31.374989689241332
Leu879,5.415908,2.09095,-0.811703,6.695155,0.5723999999999999,60.23878,2.105,16.043338150148177
Cys215,-2.424232,4.113233,-1.119806,0.5691950000000001,0.5723714285714285,8.334197,-0.5499,42.89703741518754
Leu118,4.749934,1.53472,0.302429,6.587083,0.5719857142857143,64.512958,0.0883,56.51873768937166
Gln819,-1.226767,-4.183169,-0.598245,-6.008181,0.5709047619047618,65.767033,0.2787,15.314820958796744
Asn156,1.368389,-1.27565,0.607844,0.7005830000000002,0.5707,3.066816,-0.7368,37.76816214750196
Val358,3.532085,3.302495,-0.142012,6.692568,0.5705333333333331,83.69221,2.6746,31.305366233283397
Leu509,-1.649344,-1.085379,-1.250795,-3.985518,0.5700380952380952,9.197419,-0.0368,22.023345454312796
Ser327,1.029762,-2.946607,0.369981,-1.5468640000000002,0.569385,52.040921,0.315,38.83544722286587
Lys396,1.615524,2.256458,0.362372,4.234354,0.5683952380952382,78.556038,2.0728,24.660662197110607
Gln322,1.015511,-1.160803,0.231124,0.085832,0.567647619047619,42.213859,-0.375,46.36396584633372
Ser520,0.771155,2.520063,0.686229,3.977447,0.5674619047619047,49.78352,-0.3418,17.66416471277371
Glu321,5.020554,-1.610483,0.445139,3.85521,0.567404761904762,8.949738,-0.5567,46.70298378048237
Ser306,1.353875,-0.642939,-0.21954,0.4913959999999999,0.5674,53.826956,0.4399,65.03361978238641
Val109,0.088637,4.572379,-0.980606,3.68041,0.5670142857142858,21.208119,-0.4477,54.31856228767474
Thr347,1.537502,1.218591,0.28306,3.039153,0.5661999999999999,60.128429,0.0071,15.17294414410071
Asp61,3.215951,2.188883,0.540314,5.945148,0.5647190476190476,31.313247,-0.6012,49.30561876703303
Leu876,4.451337,3.376508,-0.409434,7.418411,0.5646904761904763,61.99265,0.0938,13.563200691577192
Met184,0.513567,2.841794,-0.690731,2.6646300000000003,0.5644250000000001,32.110871,-0.5322,52.14209851933464
Lys886,0.710687,1.70374,0.496114,2.910541,0.5641952380952381,88.737235,1.7244,34.55938202572494
Ser287,1.616696,0.0,0.045008,1.6617039999999998,0.5632142857142858,74.439238,1.8516,73.57746826984467
Glu447,-1.848038,-2.6681,0.12273,-4.393408,0.5630761904761905,46.564996,0.0011,42.55282427759642
Lys362,-0.061371,0.0,0.0,-0.061371,0.5592285714285714,91.528668,1.0168,42.9916322672215
Val364,6.343411,0.0,-0.281403,6.062008,0.5592047619047619,85.279008,2.6751,45.00351554045528
Asn281,-1.188268,0.848291,0.038416,-0.3015610000000001,0.5588666666666666,89.026286,0.202,71.66937642396508
Ala473,0.446482,-1.625236,0.003743,-1.1750109999999998,0.5584428571428571,33.081195,0.3466,34.15648146399157
Lys335,1.325756,-1.240187,0.412263,0.497832,0.5583380952380952,41.647133,-0.7137,27.11664700880254
Leu242,2.775322,-1.927664,0.389352,1.23701,0.557247619047619,51.779662,0.2207,25.032403680030413
Glu435,-1.02372,1.172584,0.253077,0.4019410000000001,0.5572047619047619,101.813265,2.6751,42.504780860510266
Gln189,0.88498,-0.902969,0.897529,0.87954,0.55679,37.592219,-0.6464,52.2492942344679
Gly229,-0.698885,-8.649412,-0.309298,-9.657595,0.5567095238095239,87.075169,0.4758,37.36745317786589
Ile179,1.214558,5.052374,-1.462272,4.80466,0.55644,18.500752,-0.7583,45.88588433276622
Asp878,0.732243,2.113873,0.0,2.846116,0.5560333333333334,81.473355,2.0623,19.67015505785351
Leu821,-1.049134,-3.142949,-1.355571,-5.5476540000000005,0.555595238095238,2.029735,-0.8175,13.364187143257162
Glu433,0.859191,-1.000162,0.332089,0.191118,0.5541238095238095,91.554276,2.6751,37.68171458413218
Gly87,0.232556,-8.436276,0.561404,-7.642315999999999,0.5540761904761906,50.477238,-0.6939,24.435961245672328
Asn875,-0.104741,3.240187,0.0,3.135446,0.5538904761904762,45.969632,-0.2642,14.813394006776434
Leu218,0.116796,1.068167,-0.722135,0.462828,0.5535809523809524,9.927615,-0.852,43.97381612960149
Val399,4.927478,4.482031,-0.160247,9.249262,0.5522761904761906,58.183054,-0.2318,19.627586963251492
Glu372,1.93735,2.277767,0.114683,4.3298,0.5521190476190477,87.515628,2.5847,41.04010335025973
His268,0.772625,2.166202,0.089465,3.0282920000000004,0.551465,16.650398,-0.8167,50.703961314674416
Phe37,4.32116,2.790174,0.115201,7.226534999999999,0.5510650000000001,75.971509,0.4537,67.85963874793322
Leu838,-2.712903,-1.978727,-2.050231,-6.741861,0.5510238095238096,0.0,-0.7443,9.601472230861264
Ala72,0.519907,-0.534028,-0.628939,-0.64306,0.5509571428571428,1.684921,-0.8183,37.958742616161565
Glu340,4.068802,1.047738,0.435738,5.552277999999999,0.5501714285714285,15.11174,-0.4706,23.309360759145672
Phe208,-2.484319,5.490109,-1.441688,1.564102,0.5500238095238096,0.0,-0.7655,40.519322514079626
Ser426,2.321404,0.0,-0.076326,2.245078,0.5494857142857145,85.480964,1.0162,37.61467760063883
Glu486,0.066618,2.111574,0.395566,2.573758,0.5494380952380953,53.458752,0.123,29.09430023217606
Ile476,-1.848698,-1.635077,-2.819619,-6.303393999999999,0.5493142857142859,2.749673,-0.58,28.812945736248484
Glu505,-2.078369,-0.332267,0.399205,-2.011431,0.5492714285714285,58.408994,1.1286,26.06347338709866
Thr884,2.151336,2.862256,-0.119549,4.894043,0.5486333333333333,82.919053,0.0725,28.672197212630916
Glu152,-0.12222,-2.646133,-0.317703,-3.086056,0.5481428571428572,24.882045,-0.7389,38.27376789656331
Leu332,0.806339,-3.132468,-1.360552,-3.686681,0.5475428571428571,7.559857,-0.6403,32.09927929097474
Ala239,2.632705,-0.080841,1.00293,3.554794,0.5471904761904762,27.523825,-0.2782,28.081230938119507
Ile337,2.836828,0.830633,0.311168,3.978629,0.5468190476190478,49.140906,-0.2801,28.932654389115424
Gly263,2.491689,2.524994,-0.975064,4.041619000000001,0.5459142857142856,37.421056,-0.6328,47.60066570963057
Asn518,-0.496906,2.366677,-0.029254,1.840517,0.544542857142857,46.999586,-0.6184,17.18858484576319
Gln85,-1.915143,-1.877206,-0.211701,-4.004049999999999,0.5438904761904761,79.189673,-0.405,21.915677790111808
Ser384,0.722927,2.020127,0.233509,2.976563,0.5438714285714287,80.498159,2.6751,48.10731091008933
Tyr511,1.526336,1.21397,-0.010812,2.729494,0.5435666666666666,86.767546,2.6477,17.55740419310326
Thr787,-0.616889,-2.75785,0.195378,-3.179361,0.5422333333333333,60.69994,1.0198,30.87299164318223
Gln309,1.006927,-1.318393,-0.69162,-1.003086,0.5421190476190477,59.884426,0.4421,61.36967866137153
Glu437,-2.099527,0.834313,0.253077,-1.0121370000000005,0.5414809523809525,100.942649,2.6751,44.45360886362321
Ile71,6.855636,0.188828,-0.790328,6.254136,0.5398799999999999,49.655611,0.1175,37.50566363897592
Met374,3.028648,3.042738,-0.491441,5.579945,0.53982,94.886442,2.6751,40.65585321943201
Ser298,0.830754,1.338422,0.226646,2.3958220000000003,0.5397666666666667,63.422143,0.9438,74.2687616767642
Glu406,-0.579309,1.536587,0.38734,1.344618,0.5395714285714286,102.356744,2.675,28.17415975677003
Gln380,0.616162,2.587988,-0.199965,3.004185,0.5394857142857143,96.095124,2.6751,47.84349324620852
Leu202,2.594688,2.987152,-0.727388,4.854451999999999,0.5385809523809524,44.122463,0.0261,49.597973083584776
Cys883,6.803144,0.0,0.145088,6.948232,0.5378047619047619,83.240589,1.6724,27.068482946038923
Gly186,1.14625,-6.617385,-0.024229,-5.495364,0.5376857142857142,70.89417,-0.7466,53.78222696207364
Gly160,-1.421573,3.885693,-1.646866,0.8172539999999999,0.5371809523809524,0.0,-0.7426,39.791708194044645
Thr286,1.567103,0.0,-0.119889,1.447214,0.535804761904762,94.282736,2.6747,75.61768344111053
Gly197,-0.117662,5.441192,-0.782964,4.540566,0.5357450000000001,3.461404,-0.6991,48.961453113648496
Thr108,0.882936,5.505956,-0.164172,6.2247200000000005,0.533152380952381,3.614337,-0.3523,54.14632450129925
Asp115,0.115313,0.0,0.199779,0.315092,0.5329142857142857,85.556814,0.2014,63.02963288803132
Gly458,-0.189769,-4.170421,1.21572,-3.14447,0.5326714285714287,15.44535,-0.3555,36.46849035811601
Ile436,-0.439837,3.850368,-0.318185,3.092346,0.5311761904761905,35.898638,2.6748,40.25094093310117
Gly390,1.433754,5.263857,0.170312,6.867923,0.5310238095238096,74.54417,2.6751,35.96388702573736
Asn642,-0.032818,1.373547,0.033405,1.374134,0.5300857142857142,19.51703,0.0777,20.54216517312623
Asp171,0.097694,2.422445,-0.156675,2.3634640000000005,0.5299750000000001,13.616758,-0.7623,40.670855080757775
Ser872,1.215091,1.320183,-0.083341,2.4519330000000004,0.5268666666666667,52.952194,-0.6586,7.381097276150749
Leu11,2.394461,4.603809,0.140206,7.138476,0.5268523809523808,36.725195,0.2718,48.18042206124807
Gln837,0.896279,-3.16357,0.977549,-1.2897420000000002,0.5267047619047618,9.129859,0.0214,15.274396027339348
Ile467,-2.501976,-3.272773,-1.919166,-7.693915,0.5259619047619049,0.0,-0.428,31.484656532984445
Glu394,0.064835,4.023368,0.35073,4.4389330000000005,0.5256142857142857,92.302991,0.9632,28.043541645091832
Leu403,4.893915,0.485068,-0.418122,4.960861,0.5247571428571429,90.414993,1.9304,21.61278570661357
Thr887,1.370576,1.664516,0.017569,3.052661,0.5247238095238095,91.499787,0.1876,36.6471608859404
Val617,-1.913334,-0.320601,0.3551,-1.8788350000000005,0.5243095238095238,13.619032,2.6751,27.105583557636237
Pro831,-1.236348,-6.591234,0.238518,-7.589064,0.5240666666666666,50.045762,-0.7232,18.740385001381377
Glu398,0.353706,3.606384,0.509338,4.469428,0.5235857142857142,90.286046,-0.0939,20.91802679508753
Gln81,3.025459,-1.972023,0.489428,1.542864,0.5235476190476189,15.156636,-0.1692,25.744689471811466
Cys448,-4.393866,-2.263082,-0.462917,-7.119865,0.5229600000000001,0.0,-0.6264,39.088066363021845
Thr407,0.736281,2.299566,-0.236576,2.799271,0.5221952380952382,86.335633,2.6717,30.53506117563874
Gln824,-0.069803,-0.906341,0.398872,-0.5772719999999999,0.5220999999999999,35.832317,-0.1983,14.82063176791057
Leu503,-0.76783,-1.653967,-0.443615,-2.865412,0.5213476190476191,30.775322,-0.3079,24.68533692295894
Arg515,-0.117831,1.338854,0.094227,1.31525,0.5211619047619048,55.594721,0.9907,22.01679309072963
Leu498,-0.341785,-2.191881,-1.277777,-3.811443,0.5205238095238095,9.439836,0.2703,27.70949389649692
Asn419,1.940947,-0.521845,0.0,1.419102,0.5194619047619048,101.080348,2.1595,24.993193173342217
Gln497,-1.040602,-2.336995,0.437699,-2.939898,0.5191857142857143,36.995965,0.8736,27.487188888644106
Ile324,3.532977,-2.224029,-0.053193,1.255755,0.5190250000000001,46.832526,-0.4794,42.10037911943312
Leu375,4.175764,1.257251,-0.360774,5.072241,0.516,88.955664,2.6751,42.67584630678108
Tyr749,-0.235543,0.392273,-0.700033,-0.5433030000000001,0.5116,26.759373,-0.3349,16.102129144929872
Ile63,6.099958,1.783739,0.017195,7.900892,0.5097150000000001,56.430455,-0.4468,44.68307027275543
Ala858,1.208273,-4.742044,-2.170291,-5.704062,0.5074949999999999,24.022572,-0.6114,11.845685712528423
Leu307,4.99377,-1.175741,0.117431,3.93546,0.507195238095238,56.696446,0.6485,62.83517171139106
Val323,2.807245,-1.385761,-0.03494,1.386544,0.5070095238095238,38.617856,-0.2352,44.54875902873165
Asp319,0.955782,-2.903201,0.276973,-1.670446,0.504485,61.573757,-0.3191,50.66926028668664
Ile73,1.371968,-0.005071,-1.420748,-0.0538509999999998,0.5044619047619046,19.488948,-0.4623,35.65318702444425
Phe12,5.70075,5.083588,-0.074933,10.709405,0.5042714285714286,53.560946,-0.0995,50.69145759395759
Leu114,0.007273,4.205892,-0.891457,3.321708,0.5011428571428572,34.053498,-0.2416,57.92167493261913
Ser226,1.086989,-2.209295,0.304742,-0.817564,0.5010809523809524,71.464783,-0.211,41.01705691538582
Leu812,5.250685,2.612263,-0.283094,7.579853999999999,0.5000571428571429,51.533028,0.4804,13.95914191488861
Asp383,-0.274091,0.0,0.079586,-0.1945049999999999,0.4989285714285714,106.155534,2.6711,46.795972786127656
Phe206,-0.005986,4.234635,-0.412722,3.815927,0.498355,30.460029,0.1407,48.890139639808766
Gln880,0.118769,2.937986,-0.071003,2.985752,0.4962809523809523,81.331901,1.9974,21.153623566661103
Met485,0.144401,3.424429,-1.102806,2.466024,0.49584,6.194019,-0.3752,28.614621594562458
Gln510,-1.608471,0.054307,-0.157446,-1.71161,0.4951285714285715,69.49284,1.0743,21.70244251230723
Phe461,0.044849,1.264905,-0.417867,0.8918869999999999,0.4947142857142858,25.548159,1.5752,38.08248963762743
Ser508,-0.702625,-1.731116,0.164432,-2.269309,0.4942428571428571,50.659925,-0.0634,21.16804792606064
Ala95,0.409071,5.196744,-1.304104,4.301711,0.4941857142857143,1.778215,-0.6171,35.118451588872766
Lys474,-2.403946,-0.995963,0.0,-3.399909,0.493747619047619,82.800657,-0.014,31.438795555809698
Ala585,3.578314,1.535314,-0.514854,4.598774000000001,0.4931666666666667,33.652162,-0.1562,17.223963306974383
Val471,-1.051694,-2.777168,-1.700522,-5.529384,0.4930952380952381,10.54698,-0.7004,28.73974257017623
Gly182,0.780139,7.156001,-1.353626,6.582514,0.4929619047619047,16.220493,-0.7749,49.00488328728066
Arg371,1.501674,3.092675,-0.415835,4.178513999999999,0.492042857142857,95.069901,1.7203,39.33040903677459
Ile874,3.677671,4.104991,-0.741557,7.041105,0.4914714285714285,60.061767,0.6252,12.11519917293975
Leu74,3.215891,-0.163939,-1.011532,2.04042,0.4907666666666667,34.772782,-0.0695,33.1130354241347
Arg227,-0.345424,2.809677,0.497002,2.9612550000000004,0.4904249999999999,48.741188,0.2864,34.14257783179237
Ala478,1.358072,-0.19594,-0.351795,0.8103369999999999,0.4901809523809524,35.011119,0.4663,23.485265040020305
His475,-0.111785,3.185983,0.016813,3.091011,0.49005,47.965438,0.2551,32.07729268501318
Gln648,1.014115,-0.1856,1.242814,2.0713290000000004,0.489704761904762,13.207158,-0.384,15.28373400056413
Val376,3.890652,2.742275,0.037449,6.670376,0.4893952380952381,79.245182,2.6751,40.167177072829006
Val207,-2.41285,4.301237,-0.437422,1.4509650000000005,0.4877285714285713,0.0,-0.619,45.857521574982655
Gly524,1.173745,-6.417726,0.480952,-4.763029,0.4844333333333334,94.960461,-0.728,14.04204846167396
Val538,3.169968,-3.290698,-0.706282,-0.827012,0.4832523809523809,51.752802,-0.7446,9.19846193665006
Arg69,3.770735,0.738405,0.429927,4.9390670000000005,0.4819857142857143,11.742261,-0.7427,41.21135160365406
Arg641,-0.721286,-0.836923,0.30584,-1.2523689999999998,0.4815238095238094,46.999411,-0.5507,24.013965436803645
Ser784,0.161948,1.291861,0.230591,1.6844,0.481155,29.487278,0.3557,27.243493902214528
Asn472,-1.792944,-0.965206,0.288266,-2.469884,0.4801428571428571,61.342608,0.9593,31.565958832261053
Lys873,0.499105,2.66101,-0.019875,3.1402400000000004,0.4785761904761904,89.442694,0.0738,9.472703204471255
Gln450,-2.250893,-2.298076,-0.364347,-4.913316,0.4785,62.432605,1.0125,41.368804805070205
Ile67,6.80764,0.720827,-0.857422,6.671045,0.476895,50.127862,-0.1472,40.79886248414286
Asn788,-0.90137,-5.131042,0.629714,-5.402698,0.4753857142857143,59.85479,0.2785,27.867213369836605
Thr169,-0.636819,4.975803,0.534626,4.87361,0.474395238095238,17.534523,-0.7045,45.450582009474864
Arg836,1.704438,-3.633826,0.515766,-1.4136220000000002,0.4743380952380952,18.02274,0.0566,14.579266956880929
Glu833,-1.122825,-1.453151,0.083452,-2.492524,0.4731499999999999,23.59893,0.3069,16.896283082382354
Leu737,1.869211,2.299342,-0.468839,3.699714,0.4722095238095238,25.299085,-0.4615,18.64776302938237
Val772,3.551974,3.140735,1.489631,8.18234,0.4718095238095238,34.60586,-0.7404,3.901299398918263
Ala816,0.398908,-4.026138,0.42535,-3.2018800000000005,0.4708095238095238,43.399138,-0.5514,14.741611953921456
Thr389,0.990742,3.451712,0.070634,4.513088,0.4681666666666667,89.169037,2.6742,39.86484875175121
Thr210,-1.126704,7.88935,-0.1469,6.615746000000001,0.4669761904761905,14.396099,-0.7618,48.15367726352786
Ala525,1.849397,1.792287,1.13009,4.771774,0.4667904761904762,58.670021,-0.3103,10.004426520295905
Ile841,-2.58843,0.968958,-2.834376,-4.453848,0.46623,0.0,-0.2617,15.00165807502624
Ala616,-1.840591,0.011551,-0.296494,-2.125534,0.4641,44.465116,0.8619,27.86873949427925
Ala882,1.951421,7.197745,-0.334067,8.815099000000002,0.4607904761904761,78.640369,1.0002,26.450691295314
Ala682,0.777397,1.402478,-0.357286,1.822589,0.4606761904761905,30.312744,-0.6438,14.463487373382671
Gln79,2.5956,-1.321409,0.181012,1.455203,0.4602571428571427,10.512708,-0.7081,30.30913543801604
Glu789,-0.526583,-1.570562,0.619226,-1.4779190000000002,0.4600285714285714,50.115388,0.6621,24.940257276138915
Ile746,3.262252,0.568313,-0.564699,3.265866,0.4595571428571429,47.422149,-0.4979,10.94716821831107
Met742,3.12198,1.199976,-0.003994,4.3179620000000005,0.4589299999999999,77.749071,-0.4393,21.02214510938406
Glu175,0.968033,1.724564,-0.177101,2.515496,0.4577809523809524,40.208865,-0.6122,42.13634123888784
Asp601,2.13864,0.748573,-0.124837,2.762376,0.4576476190476191,16.931276,0.4483,28.345474435965965
Ser504,-1.686549,2.90505,-0.040998,1.177503,0.4553619047619047,102.230933,1.0461,28.54466706759776
Met854,-0.244804,-6.56815,-0.552363,-7.365317,0.4527349999999999,0.0,-0.5665,10.281979624566468
Thr758,-1.380877,-0.123037,0.161603,-1.342311,0.4522428571428572,26.377824,-0.5354,7.389347129483092
Ile802,-1.007728,-1.452535,-1.422596,-3.882859,0.4488238095238095,1.195512,-0.5041,7.226936626261503
Asn82,0.323111,-0.83106,-0.139891,-0.64784,0.4478549999999999,58.684557,-0.3102,26.143934745940594
Lys457,-1.632654,5.447083,-0.262312,3.552117,0.4445904761904762,44.588499,1.1311,38.51362091520349
Lys828,-1.936969,1.873802,0.360787,0.29762,0.4439809523809523,87.428876,2.6727,21.337472882232326
Val416,4.953923,-4.43966,-0.417331,0.0969319999999996,0.4438714285714286,73.972644,1.816,21.349477932727066
Ser637,0.048026,0.881927,0.101269,1.031222,0.442352380952381,17.978479,0.5548,18.427822578915823
Lys864,0.46541,-0.021935,0.523073,0.966548,0.4422666666666667,63.698328,-0.2558,3.44697853199001
Val731,0.802529,-0.393212,-0.536066,-0.126749,0.4402523809523809,22.495386,-0.445,13.499531621504502
Leu853,0.589854,-5.792787,-0.873644,-6.076577,0.4375523809523809,11.154236,-0.8174,5.817088103166394
Glu673,-4.030771,0.793764,0.163389,-3.073618,0.4353714285714286,62.586423,0.7593,28.96969199007818
Val757,-2.681807,0.845918,-1.352888,-3.188777,0.43472,0.0,-0.8184,7.2603952371754525
Tyr336,0.606158,-0.357754,-0.371028,-0.122624,0.4341285714285714,17.324032,-0.5105,28.51169545993363
Cys827,-2.066721,-1.120589,-0.150438,-3.337748,0.433352380952381,15.954131,-0.0783,17.89423161244986
Gln679,0.135418,2.441676,0.21867,2.795764,0.4324476190476191,56.30847,0.0672,22.114775626263995
Arg840,1.104272,-0.266149,0.60248,1.440603,0.4321095238095238,15.778312,-0.1879,15.2718054269952
Glu456,-2.340321,-1.088072,-0.13665,-3.565043,0.4298666666666667,90.54321,0.906,41.162586799179664
Ala859,1.309259,-4.186506,-0.420948,-3.298195,0.4288619047619048,26.687693,-0.6762,11.947493544672874
Tyr75,1.805233,0.31848,-0.33542,1.788293,0.427955,39.669374,-0.5412,33.61349462641455
Met820,0.968807,-3.232105,0.085196,-2.178102,0.42767,44.670963,-0.4713,16.18245769344076
Tyr519,0.012392,-0.157629,-0.422032,-0.567269,0.427647619047619,1.932082,-0.776,17.62981029393113
Tyr514,-0.595274,-1.001237,-0.112706,-1.709217,0.4259190476190476,10.144418,-0.1945,21.254226332661467
Leu499,0.55279,-2.615012,-1.619666,-3.681888,0.4247619047619048,29.255164,0.1304,22.235217313981888
Gly577,-1.078085,-4.128103,0.26932,-4.9368680000000005,0.4240190476190476,85.617724,-0.2368,25.726280356864653
Ala783,0.660221,-0.141919,0.40852,0.926822,0.4219285714285714,28.884983,0.8517,25.316151800777305
Gly491,-0.064031,2.758614,-0.313163,2.3814200000000003,0.4192047619047619,0.0,-0.5676,24.80922088659779
Arg377,0.976378,2.009775,0.171902,3.158055,0.4167315789473684,92.273099,2.6364,44.3244940072642
Gln815,0.720747,-3.778884,0.422314,-2.635823,0.416347619047619,26.05778,-0.0053,12.215312071330802
Leu326,4.059846,-3.743249,-0.681531,-0.3649339999999997,0.416195238095238,54.132959,-0.2979,41.22952303871584
Asn776,3.319549,3.775559,0.079032,7.17414,0.4150095238095238,3.850139,-0.6833,9.75205034851646
Arg412,1.216414,0.792249,0.094989,2.1036520000000003,0.414965,93.419701,2.5525,25.68793020077717
Ala629,-0.921541,3.103073,-0.066401,2.1151310000000003,0.4147095238095237,0.0,-0.7831,18.335750925446167
Cys600,3.43015,0.694649,-0.037425,4.087374,0.4144380952380951,50.004427,0.6921,30.308979890454907
Ser669,-2.117912,-0.052816,0.240108,-1.93062,0.4141238095238095,48.736564,1.0154,23.30975877181057
Pro713,-1.430418,-3.489109,-0.099515,-5.019042000000001,0.4135857142857141,28.302485,-0.4444,23.21239285381841
Ile536,0.726769,-6.17425,-1.038301,-6.485782,0.4117619047619046,31.787763,-0.3035,7.243958724344031
Ala826,0.327229,-0.392881,0.071173,0.005521,0.4096952380952381,53.074865,-0.1748,15.811783106278686
Ala541,0.48675,-0.437376,-0.549557,-0.5001829999999999,0.4088,0.0,-0.7477,10.484301931936146
Ile451,-2.516012,-1.455873,0.331922,-3.639963,0.4074333333333332,4.830206,-0.38,39.50388761881544
Tyr674,-0.471744,3.371135,-0.32257,2.576821,0.405455,42.9021,1.016,30.25730293664655
Leu857,0.399069,-6.297713,-1.195058,-7.093702,0.4042428571428572,29.009192,-0.8174,8.090950191417571
Gln469,-0.884327,-2.935318,0.329233,-3.490412,0.4016714285714285,31.373652,1.899,34.86089033573296
Phe211,-2.286115,8.526985,-2.039907,4.200963,0.4011619047619047,7.093474,-0.7391,45.96405894826957
Tyr479,2.36885,0.721307,0.037616,3.127773,0.4010761904761905,58.736593,-0.3635,20.759818496316388
Tyr792,-2.091033,0.075192,-0.186687,-2.202528,0.4007849999999999,24.023024,-0.295,22.135602476553466
Asn204,1.971133,3.81106,1.036765,6.818957999999999,0.3980450000000001,3.412146,-0.7609,42.83916377568544
Val863,5.318425,0.100536,0.456106,5.8750670000000005,0.3971523809523809,65.317238,-0.8407,3.298958926691874
Leu575,1.215589,-0.964249,-0.002279,0.249061,0.3967380952380952,49.6432,0.1003,21.267827157469565
Val216,-1.936655,2.599407,-2.300322,-1.6375700000000002,0.3967263157894737,0.506784,-0.8265,39.39420958719695
Asn378,0.9367,3.438082,-0.162516,4.212266,0.3934649999999999,81.605191,2.6257,44.35500509525391
Glu610,-2.418334,-0.090364,-0.301023,-2.809721,0.3930142857142857,64.597912,-0.1316,24.449307986116903
Ile793,-2.944781,-2.82134,-1.993128,-7.759249,0.3925857142857143,0.0,-0.4487,17.233501269330038
Glu613,-3.891867,0.919721,0.318429,-2.653717,0.3907047619047619,68.008298,0.7891,29.9779377209307
Phe80,0.996131,-1.722085,-0.697642,-1.423596,0.3903238095238095,20.838149,-0.7341,28.834851187408617
Ala754,0.239435,-0.030392,0.382018,0.5910610000000001,0.3883210526315789,26.636391,-0.7226,7.967418716246812
Leu481,-1.361513,-0.155828,-1.497119,-3.01446,0.3870142857142858,0.0,-0.598,24.70784689122061
Thr845,-0.598252,4.750812,0.121588,4.274147999999999,0.3828047619047619,0.0,-0.63,12.209982186719191
Ile680,2.051505,4.346421,-1.14351,5.254416,0.3821238095238094,39.228444,-0.4138,19.030462001748667
Asn732,3.229033,1.517397,0.726142,5.472572,0.3806714285714286,1.237239,-0.8221,16.56746048735291
Ile729,0.531996,-1.090123,-0.629093,-1.18722,0.379495,17.546409,-0.5834,19.02977480161024
Val530,-1.237393,-1.347267,-0.984125,-3.568785,0.3788285714285714,4.010792,-0.7868,16.379873320633468
Tyr517,-1.901495,1.054378,-0.748905,-1.596022,0.3776299999999999,22.898848,-0.6558,13.321189511451296
Gly418,2.730325,-10.070149,-0.484137,-7.823961,0.3756190476190476,66.226178,0.9739,22.25593019848867
Leu264,2.057526,1.227974,-1.273157,2.0123429999999995,0.3745142857142857,15.765407,-0.781,45.253687175742925
Val522,-0.685259,2.170006,0.338223,1.82297,0.3743142857142857,3.152115,-0.8224,13.698992590698047
Phe647,-2.505862,1.188649,-1.335608,-2.652821,0.3737095238095239,1.202867,-0.7475,13.50799903760731
Tyr533,-0.218801,-3.874636,-0.580272,-4.673709,0.3701142857142858,32.204004,-0.548,15.358262922609445
Ser705,1.440983,-2.390405,-0.116803,-1.066225,0.3696047619047619,11.992018,-0.6162,15.395850447442
Ile762,0.304838,-0.240227,-0.947034,-0.8824230000000001,0.3687999999999999,34.202624,-0.7262,6.569047571756502
Asn771,3.172519,3.246382,-0.178907,6.239994,0.3675142857142857,15.388337,-0.5618,4.140633164142894
Met781,-1.615591,-1.593811,-0.892856,-4.102258,0.3662999999999999,3.312661,-0.6868,15.813962185360126
Asn810,0.368658,0.9494,-0.330674,0.987384,0.3648761904761904,45.064445,-0.0698,10.142045799541629
Pro786,-1.160557,1.694063,0.070111,0.6036170000000001,0.3648190476190476,93.402202,0.9683,32.66845905456822
Ser745,0.975519,-0.27928,-0.22044,0.4757990000000001,0.364795,32.052967,-0.7374,14.137644428970477
Lys704,8.650457,-1.552689,1.88176,8.979528,0.3645619047619047,0.781268,-0.8564,12.708071568888808
Leu462,-1.482445,-0.439751,-1.912824,-3.83502,0.3610619047619047,0.0,-0.749,36.59148585395241
Cys526,2.513667,2.53508,-0.586002,4.462745,0.36016,37.423221,-0.7744,9.47535503292621
Ala741,2.699714,1.415724,-1.536865,2.5785730000000004,0.354847619047619,53.615112,-0.8012,20.33765261774328
Cys817,-0.78926,-3.843831,-1.253173,-5.886264000000001,0.3540047619047619,9.497404,-0.6549,12.548478593040674
Phe106,-0.913752,6.832445,-1.212579,4.706114,0.3524809523809524,0.0,-0.8134,49.350633582559
Glu548,-1.696467,-0.949872,-0.005239,-2.651578,0.3519047619047619,110.984644,0.3328,26.661387904608414
Thr779,1.418649,-1.4082,-0.056643,-0.0461939999999998,0.3497714285714285,0.0,-0.8601,15.78612637729725
Ile756,-2.833031,0.803703,-0.818471,-2.847799,0.3482789473684211,0.0,-0.5807,7.116047357908744
Met728,-1.536162,-1.058453,-1.129465,-3.72408,0.34805,0.0,-0.5316,14.874981042004729
Gln234,0.647719,1.939177,0.119362,2.706258,0.3479571428571428,103.236622,-0.1814,26.357395888061475
Ala768,2.383335,-0.49142,-0.052111,1.839804,0.3438047619047619,37.584633,-0.7239,1.334938949914939
Gly773,1.984646,5.723321,-0.583782,7.124185,0.3427619047619047,2.541723,-0.2026,5.482902698388874
Ser651,2.597728,-2.378647,0.353157,0.572238,0.3410238095238095,1.239124,-0.8271,13.039029603463591
Lys549,-1.91854,3.537266,0.541173,2.159899,0.3402142857142857,53.951348,0.7174,23.17153102408212
Arg627,-0.414865,2.279708,0.065929,1.930772,0.339947619047619,63.69132,-0.7696,21.58377791305313
Ala667,-2.620352,-0.788136,-1.125907,-4.534395,0.3399190476190477,0.314024,-0.5264,21.022160640619223
Phe615,-1.540459,0.471306,-0.532959,-1.602112,0.3392904761904762,23.779859,-0.1167,22.95234955293248
His869,0.618322,1.848268,-0.096393,2.370197,0.3384380952380952,47.882425,-0.6992,3.4194003860326125
Lys670,-1.161319,-0.612416,0.405387,-1.368348,0.3370761904761905,27.201377,1.0528,25.573705284921072
Val805,1.205988,-1.863037,-0.808072,-1.465121,0.3369809523809524,35.909122,-0.4883,9.416365009917577
Glu482,5.947587,3.293201,0.978393,10.219181,0.3369761904761905,1.315625,-0.7849,20.0256138233014
Thr725,0.20528,-0.668277,0.642052,0.1790549999999999,0.3364428571428571,3.459348,-0.5428,20.632859084479787
Met534,4.21382,-4.620037,-0.310925,-0.7171419999999998,0.334265,68.318478,-0.1974,12.339958954550864
Ala621,-1.954023,1.167376,0.133421,-0.6532260000000001,0.3328428571428571,8.645542,0.0641,24.003495099672463
Gln552,-0.875316,2.311554,0.629035,2.0652730000000004,0.3317714285714285,42.810623,0.0241,15.68323512544526
Gly574,-0.621896,3.539199,-1.967154,0.950149,0.3309571428571428,30.973128,0.2939,20.90325278515284
Glu620,-2.855246,0.367024,0.369801,-2.118421000000001,0.3308428571428571,78.371816,0.8951,26.352345132834003
Met193,-0.810132,1.671454,-0.900649,-0.039327,0.328615,25.948296,-0.6049,48.70744635063514
Pro693,-0.144099,0.113541,-0.020821,-0.051379,0.3281142857142857,62.153811,-0.4545,4.679133573643736
Leu780,2.81471,-1.469923,-0.084988,1.2597989999999997,0.3277809523809524,30.04557,-0.0709,20.181898374533557
Cys545,0.477178,-0.078017,-0.889942,-0.490781,0.3253142857142857,17.425672,0.4813,20.28467354925881
Ile760,-4.202688,-0.866485,-2.137841,-7.207014,0.3235619047619048,0.0,-0.5958,8.102957793299925
Ser612,-0.267907,1.630812,-0.372911,0.989994,0.3229428571428571,83.955564,2.6414,30.027319743859923
Val823,-1.014542,1.395652,-0.992943,-0.6118330000000002,0.3226190476190476,1.24476,-0.6708,13.798964635073167
Arg272,0.748858,1.097927,-0.402471,1.444314,0.3217,76.562731,-0.7621,57.71410802394853
Gly860,-0.046799,-10.505017,-0.71778,-11.269596,0.3192095238095238,71.341683,-0.7573,9.0302043166254
Ser200,0.700268,4.60226,0.458965,5.761493000000001,0.3190142857142857,0.0,-0.7466,46.368090644321335
Leu470,-2.084992,-3.400179,-2.013599,-7.49877,0.3181047619047619,0.0,-0.5906,33.12896005008307
His672,-1.941157,0.05858,-0.012847,-1.895424,0.3170190476190476,40.450693,0.531,26.29207397677102
Met678,-1.08094,3.742817,-0.74428,1.917597,0.316415,1.376723,0.0292,23.63706610389707
Ser794,-0.798179,-1.252839,0.390082,-1.660936,0.313935,4.484675,-0.6036,19.47576108910766
Arg490,1.893836,2.043974,0.129981,4.067791,0.3136238095238095,12.414059,-0.7921,26.456545673991528
Ile800,-0.152175,2.248803,-1.367031,0.7295969999999998,0.313495238095238,0.0,-0.5528,9.319001931537516
Arg598,-1.136748,0.694328,0.0,-0.4424200000000001,0.3131380952380953,53.953194,-0.4383,28.5363488379295
His635,-1.135125,1.386558,0.557028,0.808461,0.3126571428571428,29.236134,0.4592,16.603212881849103
Gly808,0.67938,7.637938,-1.362917,6.954401000000001,0.3112714285714285,30.087028,-0.8519,6.701600182046076
Thr611,-0.36859,0.650952,-0.113839,0.168523,0.3106285714285715,37.756237,0.4378,28.559307764720067
Gly849,-0.288933,2.028956,-0.081899,1.658124,0.3104619047619047,0.0,-0.816,9.963055956883911
Ala203,-1.105713,3.001824,-0.896517,0.999594,0.31015,2.264959,-0.7323,48.323376734247375
Val842,-3.185766,2.831627,-1.980917,-2.335056,0.3094619047619047,0.0,-0.6092,10.709934920437192
Lys606,-0.95565,-1.507418,0.197557,-2.265511,0.3056428571428571,23.73079,-0.5287,23.829057094228464
Tyr761,-2.315714,0.05616,-0.533317,-2.792871,0.3050238095238096,0.0,-0.2602,3.545084061062586
Gly542,0.03983,-12.731217,-0.592934,-13.284320999999998,0.3045809523809523,16.69273,-0.8527,13.437867762409333
Glu550,-1.375457,3.689097,0.198606,2.512246,0.3031095238095239,73.943582,0.7819,21.37277972094412
Ala695,1.291175,1.224744,-0.377121,2.1387980000000004,0.3007142857142857,41.096683,-0.8216,10.915889748435534
Phe628,-0.069993,4.271598,-1.149923,3.051682,0.3005238095238095,38.392492,-0.5298,18.12768526315481
Cys527,3.169213,0.564722,-0.102104,3.631831,0.300305,43.627112,-0.8506,11.66454298290336
Glu700,1.453055,-2.4672,0.315206,-0.6989390000000001,0.299847619047619,34.383949,-0.1975,14.336351174549264
Glu466,5.212042,-3.224367,0.310381,2.2980560000000003,0.2992095238095238,0.571339,-0.7851,35.95269498938848
Gln770,5.540671,-0.142861,1.137149,6.534959,0.2976761904761905,1.703996,-0.8579,2.9339696658281933
Ala714,-0.37875,-0.555075,0.990707,0.0568820000000001,0.2971428571428571,7.821095,-0.3326,22.87140393591963
Asn736,5.186907,3.521403,0.656012,9.364322,0.29609,0.229795,-0.8598,13.620672744031404
Thr796,-0.187545,1.162782,-0.393657,0.58158,0.2959190476190476,26.219121,-0.8246,17.1579071859012
Ile660,-1.945264,2.669757,-0.698313,0.02618,0.295865,0.0,-0.3088,13.352957200560482
Ala607,0.027098,-0.290391,-0.200102,-0.463395,0.295752380952381,45.948807,0.9693,27.430129146615403
Val683,0.557811,2.794252,-0.540338,2.811725,0.2957142857142857,23.579395,-0.0767,12.506316004323576
Ser580,1.117218,1.046094,-0.034093,2.1292190000000004,0.2956899999999999,44.36654,0.5604,23.457141236732152
Ile573,-2.192699,2.17513,-3.117404,-3.1349730000000005,0.2954380952380952,0.160871,-0.3294,17.60638625612877
Arg650,-0.646971,2.56581,0.441775,2.360614,0.2954047619047619,54.620517,0.6864,16.684499962540084
Phe196,-1.687697,3.795435,-1.407375,0.7003629999999998,0.29506,4.941467,-0.4907,50.54497762389454
Ile733,2.786468,1.651997,-0.716152,3.722313,0.2935199999999999,42.099102,-0.405,18.919408050993564
Gly844,-2.374098,5.134657,-1.055627,1.7049319999999997,0.2932380952380952,0.0,-0.1836,15.841191148395374
Ser740,1.909698,2.728196,1.2166,5.854494,0.2928333333333333,10.642486,-0.8607,17.254535085014606
Ala579,0.52307,0.611689,-1.113642,0.021117,0.2907666666666667,3.036396,-0.5894,21.658536631083827
Val716,-1.781562,1.989836,-0.107374,0.1008999999999998,0.2893809523809524,7.782188,-0.4953,19.05007467176966
Gly180,0.354644,6.975021,-1.286324,6.043341,0.2892952380952381,7.180325,-0.5604,49.11300607782016
Tyr205,-1.178802,2.908027,-0.217118,1.5121070000000003,0.2892904761904761,26.823044,-0.7611,46.8441791474672
Arg718,-2.344851,0.677764,-0.186319,-1.853406,0.28819,53.797403,0.3793,18.1531296475291
Lys633,-1.587153,2.91754,0.415997,1.7463839999999995,0.2875,39.992388,-0.0126,18.19768743549575
His861,0.108161,-2.231046,-0.010523,-2.133408,0.28577,40.290805,-0.6992,5.203196998000363
Ser602,2.974805,-0.814459,0.307196,2.467542,0.2853666666666666,0.0,-0.7683,25.43226081181144
Leu512,-0.871717,-1.066991,-0.953422,-2.89213,0.2848149999999999,20.530337,-0.715,17.636621615264076
Asp464,0.71318,-2.099771,0.818741,-0.5678500000000001,0.2842761904761904,26.997808,-0.5882,32.28661919433498
Gly663,-0.368041,3.049678,-0.547827,2.1338100000000004,0.2829571428571428,0.0,-0.5686,17.458687980486964
Lys715,-2.031982,0.615112,-0.473454,-1.8903240000000003,0.2827476190476191,53.775851,0.9693,21.90622785876199
Ala743,2.376788,1.261984,-0.709703,2.929069,0.281395238095238,68.693277,-0.7824,16.873583081254555
Ser774,2.78478,-0.654047,1.009409,3.140142,0.2804285714285714,0.0,-0.8447,6.487378823531119
Gln632,-0.954257,1.313825,0.953168,1.312736,0.2790952380952381,37.630815,-0.0082,18.2566928823377
Leu681,1.963848,1.834915,-0.330022,3.468741,0.2788523809523809,32.81677,0.012,17.567921248685057
Ile778,1.353225,-1.275769,-0.973682,-0.8962260000000001,0.2765333333333333,23.616005,-0.5622,17.386862339134108
Cys570,-2.874524,3.524051,-1.307702,-0.658175,0.2757714285714285,0.199299,-0.632,14.222347907430755
Ser865,1.351304,0.860027,0.871623,3.082954,0.274965,39.035791,-0.8446,1.3393509622201332
Thr809,2.348056,-1.141381,-0.740213,0.4664620000000001,0.2746238095238095,4.077894,-0.8601,7.121113676946887
Leu584,6.837539,1.140824,-0.498882,7.479481,0.2745857142857142,55.280665,-0.3854,20.290563126734558
Lys666,-2.771947,-1.405968,0.962635,-3.2152800000000004,0.2740857142857142,45.769455,0.993,20.620519125376063
Gly640,-0.216137,-8.18639,-0.317244,-8.719771,0.2737619047619047,56.007215,-0.648,23.949108146233755
Arg871,1.44879,3.352086,0.0,4.800876,0.2720380952380952,69.988177,-0.835,3.995975350274323
Thr636,0.92611,1.109264,-0.139842,1.895532,0.2697190476190477,8.986047,0.1661,19.09427018767672
Leu596,-2.175851,-2.851786,-1.293837,-6.321474,0.2688333333333333,3.294613,-0.1714,24.655462052048428
Arg582,1.296345,0.225829,0.176557,1.6987310000000002,0.2686809523809524,60.26316,0.448,20.27462362166065
Tyr687,-1.596425,0.274674,-0.161784,-1.4835349999999998,0.2673850000000001,11.713199,0.1296,9.951591882709016
Ser775,1.50541,-1.651321,0.17936,0.0334489999999998,0.2641714285714286,10.198229,-0.7941,9.39354150467224
Gly576,0.589938,2.297696,-1.540216,1.3474180000000002,0.2628999999999999,27.685443,-0.0562,23.898065653939444
Val553,-1.341571,-0.692655,-2.197738,-4.2319640000000005,0.2618666666666667,0.0,-0.5439,11.818643111626647
Pro813,0.433766,-0.840703,0.48953,0.082593,0.2616761904761904,50.843945,-0.5287,13.009860337451745
Met199,-1.346549,4.751565,-1.323254,2.0817620000000003,0.2615449999999999,7.954595,-0.3428,50.84686752396848
Asn755,-1.187407,2.447134,0.964639,2.224366,0.2614842105263158,38.432811,-0.8598,2.8904999567548866
Val711,1.009152,-0.116015,-0.25987,0.633267,0.2610714285714285,34.91981,-0.0626,24.16529037690216
His752,-0.195593,0.0,0.593071,0.397478,0.258785,12.252344,-0.7947,6.0008341920103065
Met657,-0.140821,1.797197,0.556868,2.213244,0.2565599999999999,7.785295,-0.8596,6.227239275955277
Ile531,1.693611,-0.43474,-1.242181,0.01669,0.256455,29.262133,-0.5759,18.37161250407813
Ser624,-0.484061,-2.109041,-0.243735,-2.836837,0.2557999999999999,63.478981,0.2149,23.84922309007151
Ala751,0.80768,-1.07429,-0.207377,-0.473987,0.2546952380952381,16.862505,-0.8409,9.77360082057785
Arg495,3.713548,-2.146329,-0.341739,1.2254799999999997,0.2535571428571429,6.882238,-0.8132,21.132216424218264
Ile699,6.644808,-2.316964,0.994315,5.322159000000001,0.2535190476190476,67.219075,-0.6417,14.170249009809249
Ile638,0.62955,0.797683,-0.791099,0.6361340000000002,0.2532904761904762,31.928055,-0.0837,20.889675679627008
Ile494,-1.63142,-1.234974,-1.715525,-4.581919,0.2530238095238095,0.0,-0.5648,27.190273297633475
Ala769,3.352966,1.16013,-0.026686,4.48641,0.2523285714285714,36.177981,-0.8596,2.982970499351276
Phe675,-1.281811,-2.65388,-1.363578,-5.299269000000001,0.2513333333333333,21.125199,-0.0932,28.330780822278797
Val717,-3.84053,1.073318,-2.046449,-4.813661,0.2508666666666667,0.530519,-0.7326,17.828290271363656
Ala639,0.493052,2.708106,-0.296358,2.9048,0.2500047619047619,43.75372,-0.8026,20.434688204129763
Cys764,-2.155022,-3.196776,-1.452421,-6.804219000000001,0.2488631578947368,0.257391,-0.7132,6.982521464342234
Cys70,2.180464,0.892078,-0.682407,2.3901350000000003,0.2488238095238095,17.931417,-0.4818,38.22252795145816
Lys619,-2.040292,-0.386472,0.523438,-1.903326,0.2476619047619048,25.2063,-0.6319,24.419195113680548
Pro513,-0.096078,-1.608872,0.255456,-1.449494,0.2468142857142857,25.488341,-0.7915,17.504818250984503
Ser649,1.176889,1.041293,0.393891,2.612073,0.2451523809523809,0.0,-0.6619,15.572039172825116
Leu643,-2.60477,0.514359,-2.274484,-4.364895,0.2450095238095238,0.0,-0.5962,18.66237918916021
Thr689,-0.41646,9.279629,0.569635,9.432804,0.2441047619047619,11.607842,-0.7103,3.7294699355270313
Val492,-0.642778,0.503049,-1.142591,-1.28232,0.2433047619047619,0.0,-0.8047,21.12306313014285
Ile696,-0.307705,0.274891,-0.436038,-0.468852,0.242595238095238,16.68002,-0.3923,10.552983701304576
Leu631,-2.219565,3.783098,-0.161275,1.402258,0.2424523809523809,1.983233,-0.7865,18.8048973940301
Glu677,-2.464736,0.426309,0.408828,-1.629599,0.2422761904761904,77.650481,0.1891,28.206375821788946
Ala603,1.166971,-2.352809,-0.073751,-1.259589,0.2406380952380951,40.025215,-0.358,27.420073085241768
Ala599,1.668415,0.581251,-0.736004,1.513662,0.2398333333333333,43.204726,-0.3943,28.25860389332778
Thr724,-0.507138,-0.087412,-0.802652,-1.397202,0.2392904761904762,41.810302,-0.0047,18.729639959166324
Val593,0.530006,-0.135691,-0.289021,0.105294,0.2381380952380952,6.97455,-0.6619,15.376659129993094
Glu719,-2.57513,0.53492,0.343066,-1.6971440000000002,0.2362333333333333,55.590799,-0.0178,17.31257153053815
Pro597,0.781368,0.8594,-0.110904,1.529864,0.2353571428571428,41.38628,-0.5132,28.804047805820627
Gly822,-0.039458,-9.906958,-0.331778,-10.278194,0.234947619047619,70.356075,-0.5277,17.69520615873124
Leu721,-3.251472,2.486415,-1.4551,-2.2201570000000004,0.2332857142857142,0.0,-0.7814,13.344153251518058
Ala654,0.335536,3.451161,-1.112566,2.674131,0.2330904761904761,16.807082,-0.86,10.389664239040645
Val605,-3.190169,-1.124174,-1.215015,-5.529358,0.2325047619047618,0.79422,-0.4358,25.22555579169664
Thr625,-0.703247,-1.552637,0.997569,-1.258315,0.2304142857142857,15.096732,-0.6868,19.77809783573739
Arg443,0.669762,-4.158596,0.018632,-3.470202,0.2302904761904761,14.969061,-0.768,41.72661437260397
Glu665,-2.128336,-0.364659,-0.400101,-2.893096,0.2300857142857143,55.075527,-0.7012,16.045799512645043
Asn750,1.418368,0.653707,0.518975,2.59105,0.2298714285714286,13.358637,-0.8598,12.16668344291081
Val583,2.126408,1.689969,-0.098479,3.717898,0.2271142857142856,24.166425,-0.0661,18.4072846721074
Gln766,1.70143,0.323467,0.840726,2.8656230000000003,0.2269142857142857,11.985906,-0.8579,1.3315877740502136
Met867,3.024507,0.815186,-0.280145,3.5595479999999995,0.22648,49.588501,-0.6546,1.334317803223803
Gly785,-0.452768,-11.65141,0.520253,-11.583925,0.2264,36.465663,-0.6225,29.792316106674217
Glu604,-1.099974,-1.096773,0.126426,-2.0703210000000003,0.2251190476190476,58.534632,-0.3736,29.048404706627178
Ala835,-2.345624,-3.319435,-0.822528,-6.487587,0.2250523809523809,0.0,-0.7217,12.315099918392868
Asn697,4.030079,1.459007,0.823665,6.312751,0.2245857142857143,0.707873,-0.8598,6.398088855275456
Val738,3.151982,3.702871,-0.344223,6.51063,0.2240809523809523,41.690223,-0.3104,20.337420706667796
Pro17,1.893153,7.735296,0.067202,9.695651,0.2239285714285714,3.109328,-0.7341,48.63562400134288
Met847,-1.480098,2.976935,-1.246325,0.2505120000000003,0.2238399999999999,0.0,-0.5064,14.385603254643163
Phe551,-1.516885,2.771681,-0.665894,0.588902,0.2237619047619047,7.312667,0.0463,17.283768165536124
Lys722,-2.350255,1.079052,0.88213,-0.3890730000000003,0.2216714285714285,54.777334,-0.8039,13.948407292590794
Lys662,-3.31165,2.388829,0.167797,-0.7550240000000004,0.2212619047619047,54.175904,-0.8326,15.181049304972303
Pro535,0.460632,-7.843211,0.220245,-7.162334,0.2194428571428571,54.520968,-0.653,10.634723926835148
Ile645,-2.593376,-2.463243,-2.481975,-7.538594,0.2177333333333333,0.210117,-0.4684,15.08129029625781
Gly614,-0.260229,1.60429,-0.801783,0.5422779999999999,0.2176714285714286,0.0,-0.5472,26.846935355827856
Pro537,1.333377,-9.297001,0.157018,-7.806605999999999,0.2175857142857143,57.866833,-0.8544,7.130425022395227
Cys843,-2.988278,4.61098,-2.883878,-1.2611760000000007,0.216175,0.0,-0.727,14.300549989423484
Thr557,-0.225942,0.518369,-0.902127,-0.6097,0.2156952380952381,18.225975,-0.8606,3.0159479438478374
Ile712,-1.634394,-2.271096,-2.68758,-6.59307,0.215142857142857,0.263588,-0.4148,20.474235394758946
Leu634,-0.815958,3.391295,-1.518639,1.056698,0.2150095238095237,12.500354,-0.2332,19.16254542068981
Thr566,0.347033,4.361211,0.132608,4.840852,0.2142285714285714,0.0,-0.735,8.46585394393265
Ile618,-4.372588,0.071811,-2.670501,-6.971278,0.2103857142857143,0.63035,-0.0005,22.552508751799653
Asn834,0.575831,-0.854487,0.167512,-0.111144,0.2095599999999999,15.303644,-0.8218,13.99235727102478
Ser684,0.13095,2.653953,0.219747,3.00465,0.209415,37.281861,-0.8449,8.35025951692521
Pro798,1.102623,-0.789053,0.126987,0.4405569999999998,0.2060619047619047,9.086077,-0.8536,12.926940860079776
Ala839,-2.582656,-0.460292,-1.413686,-4.456634,0.2059761904761904,0.0,-0.8408,12.79143357876669
Ala556,-0.752044,2.128943,-1.151808,0.2250909999999999,0.2058190476190476,3.052903,-0.8239,6.674559910585866
Asp767,0.141957,-0.590249,0.225847,-0.222445,0.20353,40.925463,-0.8579,0.0
Leu668,-2.912483,-1.415929,-1.87847,-6.206882,0.2030380952380952,0.19695,-0.6365,18.211360767389127
Val846,-2.250024,3.640577,-2.552121,-1.161568,0.2030142857142857,0.0,-0.8595,12.369221964214242
Leu562,-1.681959,3.92349,0.171406,2.4129370000000003,0.202695238095238,1.682914,-0.8532,3.25862639773264
Ala855,-1.044729,-6.474382,-1.407703,-8.926814,0.2025666666666666,0.0,-0.3734,11.115621170227058
Ser581,1.426292,0.902345,0.22439,2.553027,0.2021380952380952,1.713832,-0.7642,20.80228494661103
Asp586,7.16096,4.559463,1.370731,13.091154,0.2017428571428571,10.496317,-0.7023,15.624546457417573
Leu811,-0.014226,0.754823,-0.466954,0.2736430000000001,0.2007190476190476,11.582519,-0.8523,9.766021247160994
Cys708,-2.040193,-3.629783,-2.897654,-8.567630000000001,0.2001666666666666,0.268775,-0.4964,19.151095764994757
Thr589,3.496903,1.11571,-0.429911,4.182702,0.1991619047619047,0.0,-0.7549,9.19359434606509
Asp547,-0.121529,-0.63451,0.373703,-0.382336,0.1990523809523809,22.061328,-0.7064,22.303620468435167
Thr804,0.918625,2.407342,-0.529203,2.796764,0.1987809523809524,1.222347,-0.8427,9.662490155234313
Thr664,-0.096959,1.292499,0.073721,1.269261,0.1978666666666667,0.0,-0.5082,15.113443882848143
Val720,-1.750012,0.77204,-0.35459,-1.332562,0.1968333333333333,14.213906,-0.3559,14.2883165558438
Leu791,-3.790956,-1.801748,-1.882304,-7.475007999999999,0.1949761904761904,0.0,-0.8173,18.853845788061385
Cys795,-2.238418,-0.783921,-2.211804,-5.234143,0.1947190476190476,0.0,-0.578,16.477996571185464
Arg571,0.026332,1.211994,-0.050459,1.187867,0.1938904761904762,66.111142,-0.7108,16.569862190133026
Pro676,-1.957808,1.264889,0.290112,-0.4028070000000001,0.1921809523809524,57.998773,-0.0387,29.820728143356927
Leu671,-3.62134,-0.68864,-2.255995,-6.565975,0.1912761904761904,0.951393,-0.2816,23.137224768757378
Leu851,-1.581577,-2.498665,-2.705146,-6.785388,0.1909666666666666,0.0,-0.5959,12.77402438544721
Val706,-0.301516,-4.033723,-1.783662,-6.118901000000001,0.1894333333333333,0.0,-0.5751,15.759665986308214
Cys561,-2.262547,3.545058,-0.051392,1.231119,0.1893799999999999,7.323929,-0.7422,3.240232399072636
Ser565,-0.314486,4.789763,0.506333,4.98161,0.1891380952380952,22.429318,-0.8612,7.0344569797533065
Ala753,-2.360391,-0.039238,-0.183593,-2.583222,0.1886095238095238,0.0,-0.8022,9.654302771303582
Glu782,-2.235201,0.029567,0.940834,-1.2648,0.1869047619047619,58.782738,-0.7506,22.916034146422454
Leu544,-0.45468,0.103856,-1.977335,-2.328159,0.1863047619047619,0.0,-0.8205,17.302679705756564
Lys692,-0.86888,3.89466,0.899868,3.925648,0.1830285714285714,44.006023,-0.8304,1.3396928752516375
Arg496,1.26891,-2.815392,0.011171,-1.535311,0.181547619047619,8.865936,-0.8133,22.478482199650404
Ala763,-2.313737,-0.652067,-1.916144,-4.881948,0.1810999999999999,2.964889,-0.8408,8.754223209400136
Gly701,2.739348,-10.902233,1.025524,-7.137361000000001,0.1779619047619048,5.554384,-0.8519,11.688190535750175
Gly744,0.817037,-3.276893,-0.265975,-2.725831,0.1779,65.330192,-0.7796,14.92253034843622
Trp608,-2.641533,-0.120223,-0.919553,-3.681309,0.177605,15.859551,-0.7686,27.312270886910884
Asp623,1.33174,0.042204,0.316395,1.6903389999999998,0.1759380952380952,18.540792,-0.499,22.66558018229404
Leu609,-3.266545,-0.167966,-2.276959,-5.71147,0.1757095238095238,2.47394,-0.3882,22.73108809538162
Gln814,1.223474,-1.871725,0.196585,-0.4516660000000001,0.1748047619047618,20.525332,-0.8579,8.852444973000397
Gly539,0.881517,-1.102329,0.216911,-0.0039009999999999,0.1746999999999999,27.898889,-0.8527,8.456536643331004
Cys688,-2.749619,2.792266,-0.7357,-0.6930529999999999,0.17377,0.0,-0.8497,6.3357342905144
Trp698,0.656814,0.1414,-0.668759,0.129455,0.172555,23.457491,-0.8356,11.428532845470585
Ser799,2.003081,-1.307559,0.66929,1.364812,0.1707428571428571,0.266173,-0.8086,9.175838599277997
Ala710,-1.204969,-0.07265,-0.891439,-2.169058,0.1681619047619048,4.929507,-0.6566,21.97364942379849
Ala694,1.583529,5.360751,0.206973,7.151252999999999,0.1678238095238095,9.189509,-0.6914,7.531552363224995
Pro543,0.565497,-12.770131,0.19319,-12.011444,0.1677999999999999,33.382137,-0.8544,17.07018087191814
Tyr644,-1.351184,-0.848234,-0.357243,-2.556661,0.1645714285714285,24.091085,-0.4008,14.972274175956036
Glu709,-0.024673,-0.531518,0.59314,0.0369489999999999,0.1644761904761904,44.794991,-0.7273,22.66035432203124
Arg568,-0.713816,4.322863,0.600991,4.210038,0.1641523809523809,24.000039,-0.8583,10.164514449790506
Ser852,0.858385,-3.681929,-0.087442,-2.910986,0.1633095238095238,0.0,-0.8445,9.593674687000805
Asn870,1.104438,0.179994,0.331079,1.615511,0.1632857142857142,46.995033,-0.8598,2.883552323090393
Val707,1.517787,-4.187603,-0.176107,-2.845923,0.1621619047619047,21.115685,-0.8198,19.303560940924864
Asn567,-0.564066,5.138863,0.585587,5.1603840000000005,0.1589904761904761,38.642609,-0.786,10.507758371793672
Gly739,1.276356,4.1459,-0.354882,5.067374,0.1571904761904761,36.800835,-0.8519,18.255302216068625
Arg595,0.713389,-1.035542,0.843907,0.521754,0.1570047619047619,29.433286,-0.4515,22.028702140616456
Arg702,8.0398,0.359009,0.84342,9.242229,0.1548571428571428,0.732055,-0.8578,4.289761182163875
Val563,0.184531,4.357922,-0.138178,4.404275,0.1538238095238095,18.521463,-0.7866,4.6152513474349375
Gly587,2.227489,6.354533,0.128011,8.710033000000001,0.1538190476190476,1.481081,-0.2515,12.98006533111448
Ser626,-0.385291,2.746314,-0.277029,2.083994,0.153805,21.078359,-0.846,18.80988636329311
Ala856,-1.534042,-6.181349,-0.934484,-8.649875,0.153315,5.792233,-0.8213,7.564791471018881
Phe622,-2.399084,1.335169,-0.474025,-1.53794,0.1522095238095238,0.0,-0.8181,17.426946318847715
Arg630,-1.729608,3.32577,-0.052094,1.5440679999999998,0.1509285714285714,39.302412,-0.7692,20.097992959497223
Thr723,-0.250812,-0.277363,-0.242686,-0.770861,0.150847619047619,10.367279,-0.771,15.78404007217417
Lys691,-1.023124,0.710753,0.677605,0.365234,0.1501380952380952,37.756867,-0.8564,0.0
Thr558,0.154893,0.366701,0.208458,0.730052,0.1490333333333333,79.964506,-0.8441,1.3364460333286936
Cys777,-1.26728,0.195844,-1.794898,-2.866334,0.1489523809523809,0.0,-0.8496,13.975347795314436
Gly591,1.462545,2.803602,-0.47194,3.794207,0.1489095238095238,0.0,-0.5247,11.059635346610664
Arg590,6.806037,2.120994,0.99321,9.920241,0.1479761904761904,6.977705,-0.8583,7.65403494896646
Asp690,1.608792,1.656825,1.179394,4.445011,0.1455428571428571,22.637182,-0.858,1.3419497009947878
Gly685,1.019768,2.186661,0.631619,3.838048,0.1452952380952381,15.932939,-0.8519,11.17739889240784
Gly560,-0.038121,4.15737,0.970585,5.089834,0.1427571428571428,45.099282,-0.8527,1.33825446010839
Gly747,2.181024,-5.054181,-0.086251,-2.959408,0.1416,0.859632,-0.8519,12.851905189504006
Gly652,1.151045,-8.816926,-0.156457,-7.822338,0.1401047619047619,10.724627,-0.819,14.126270279164276
Gly825,0.009907,-8.549733,0.50447,-8.035356,0.1398238095238095,20.544171,-0.8516,14.19335428994852
Glu801,4.626684,-0.034726,2.040367,6.632325,0.1397952380952381,1.604715,-0.8568,5.216657263037319
Asp653,4.680945,-0.729157,1.680537,5.632325000000001,0.1389428571428571,4.928433,-0.8585,11.172967958425373
Met797,-0.051832,-0.68753,-0.898575,-1.637937,0.1386249999999999,0.0,-0.8591,12.116231014634874
Asn658,-0.341507,3.307806,-0.156128,2.810171,0.1375904761904761,87.004329,-0.8603,8.702790931649456
Ala848,-0.815862,2.652403,-1.867971,-0.03143,0.137415,0.0,-0.8596,12.398566610701415
Gly703,2.117933,-12.64378,0.405577,-10.12027,0.1371619047619047,3.360211,-0.8519,11.087171370552548
Leu862,1.236136,-0.479806,-1.224378,-0.468048,0.1362761904761905,26.149675,-0.7815,3.071075544495771
Lys735,0.252027,2.301768,1.101897,3.655692,0.1353619047619048,35.542623,-0.8563,10.792350902375254
Gly748,0.527029,1.918506,-0.145847,2.299688,0.1336523809523809,21.641877,-0.8519,13.290757314765775
Gly578,0.539866,-10.248574,-1.172108,-10.880816,0.1329142857142857,18.466497,-0.8527,23.888190345859183
Gly806,0.661452,-8.807045,-0.673631,-8.819224,0.1326952380952381,37.848491,-0.8518,8.779150870101276
Val594,-0.487313,-1.748363,-2.629578,-4.865254,0.1326857142857143,0.0,-0.6146,18.76065273384697
Asn686,-0.840677,-0.560062,-0.203409,-1.604148,0.1326047619047619,51.947526,-0.8231,7.723715815590317
Gly656,0.126319,-6.11197,-0.506945,-6.492596000000001,0.1317619047619047,9.542364,-0.8527,9.682296731664447
Ala759,-3.270737,-0.618401,-0.867805,-4.756943,0.1315809523809523,1.41105,-0.8409,7.78231957709268
Ser661,-1.207303,2.608442,0.636412,2.037551,0.1314333333333333,17.060907,-0.83,10.996264138333526
Gly807,-0.009464,9.058619,-0.345001,8.704154,0.1278571428571429,35.611534,-0.8519,8.350907375848447
Arg646,3.768717,2.406446,0.834987,7.010149999999999,0.123895238095238,0.788612,-0.8583,10.90727802891262
Ala564,1.135958,4.279034,0.786371,6.201363,0.1230904761904761,40.583738,-0.86,6.515195008593374
Leu818,-2.149005,-4.810805,-0.647874,-7.607684,0.1208809523809523,0.586436,-0.8175,10.243035634029592
Met655,0.743454,1.043879,0.247382,2.034715,0.117765,18.60705,-0.8596,5.115750678053026
Glu559,1.140592,3.833484,0.551346,5.525422,0.1149142857142857,28.122932,-0.8575,0.0
Ala572,-2.533336,0.953073,-2.986419,-4.566682,0.1125333333333333,0.0,-0.8239,17.61277530657789
Pro554,1.790201,-2.480214,-0.125783,-0.8157960000000002,0.1122714285714285,0.259067,-0.8544,11.227133249409665
Glu850,4.194312,-0.696245,1.215557,4.713623999999999,0.1118285714285714,0.0,-0.832,10.764392551370468
His866,0.789533,0.83743,-0.056298,1.570665,0.1104714285714286,27.751216,-0.8587,0.0
Met659,-0.866242,2.437991,-1.057832,0.5139169999999997,0.11029,18.424658,-0.8596,12.429587201512367
Asp790,-0.434789,-0.487021,1.279878,0.358068,0.1065649999999999,19.714031,-0.8579,24.750534822504346
Leu546,-0.790767,1.495295,-0.926721,-0.2221929999999999,0.1059190476190476,0.0,-0.525,19.54774723593489
Gly569,-0.790425,5.038259,-1.312135,2.935699,0.1053761904761904,0.0,-0.8527,13.375631386966374
Gly765,-0.124783,-9.217906,-0.345402,-9.688091,0.1045499999999999,15.793772,-0.8519,4.2995890501302565
Gly532,2.132192,-10.314854,-0.164214,-8.346876,0.1041380952380952,19.432928,-0.8527,16.045224928308112
Met555,-0.171157,2.000322,-1.259551,0.5696140000000001,0.10063,0.0,-0.5015,7.664331738644928
Pro592,1.60577,-3.927044,0.260074,-2.0612,0.0998190476190476,0.0,-0.8544,13.407872389010867
Gly803,-1.227263,0.377969,0.358006,-0.491288,0.0974571428571428,0.450774,-0.7796,7.448121508138814
Met588,1.997456,-0.651189,0.058678,1.404945,0.09386,0.758759,-0.8596,8.979328315636977
Gly832,1.86661,-8.290641,-0.328695,-6.752726000000001,0.0848523809523809,0.901547,-0.7502,16.287945419849613
Glu528,-1.230562,0.672338,0.386627,-0.1715969999999999,0.081795,86.073721,-0.8575,13.659881331841795
