,mutation_position,saa_STR,stt_STR,sds_STR,Total,score,RSA,Conserv_score,min dist
0,Asp116,-0.824184,1.134531,0.405691,0.23867933333333333,0.3393100714285714,69.126239,0.2517,7.077327320394331
1,Thr68,-0.177452,-5.711608,0.148524,-1.9135119999999999,0.280256,80.079279,2.2876,13.482542564368192
2,Arg52,-0.776603,-4.155802,0.586216,-1.4487296666666667,0.2195271052631578,64.67741,-0.4274,3.393720082741062
3,Lys76,-1.62898,1.02333,0.555366,-0.016761333333333298,0.2187236874999999,60.539318,0.6582,17.94995518100254
4,Asp127,-2.388935,-1.658516,0.057725,-1.329908666666667,0.2068594444444444,74.837856,1.0935,13.757384271728403
5,Pro53,-0.27406,-6.178839,0.557249,-1.9652166666666668,0.2057927222222222,21.663314,-0.2409,1.330796378113496
6,Asp70,-1.661012,-5.139216,-0.002554,-2.2675940000000003,0.2014291666666667,105.680614,1.022,11.230524386688272
7,Gly67,0.078852,-0.314277,0.832706,0.19909366666666664,0.18468065,40.639931,1.4259,15.089580411661553
8,Glu48,-0.495389,0.122034,0.061588,-0.10392233333333334,0.1796882631578947,49.664562,-0.6705,10.05121092207302
9,Val78,-1.873488,-1.314015,-1.418235,-1.5352459999999999,0.1775777058823529,12.066269,0.1047,17.384915127776726
10,Ala107,-2.31242,0.754875,-0.927574,-0.828373,0.1648083333333333,0.293899,-0.7141,13.793243889672944
11,Phe140,4.483536,2.943669,-0.105747,2.440486,0.15849425,56.162618,2.5553,8.937015161674505
12,Gln65,-1.011797,-1.399997,-0.081999,-0.8312643333333334,0.1479504444444444,59.830294,0.1871,17.789040080903746
13,Pro55,-1.857825,-5.885071,0.082299,-2.5535323333333335,0.1453937,58.408057,-0.8389,1.3476089937366842
14,Glu118,-1.228228,0.807533,0.277272,-0.0478076666666667,0.1447213846153845,94.005372,1.3635,7.622320053631964
15,Thr73,-1.78392,-4.170329,-0.148841,-2.0343633333333333,0.1280058235294117,35.7821,1.4744,9.815436923540387
16,Pro66,-1.992551,-7.919026,0.119982,-3.2638649999999996,0.1250435555555555,66.326092,2.5578,16.995086378127063
17,Pro130,-1.186587,-0.549335,-0.100127,-0.6120163333333334,0.1228475,58.241358,2.5581,14.88669153976128
18,Ser77,-1.817976,-2.337471,-1.041397,-1.7322813333333331,0.12227,30.625153,-0.8015,17.365340278842794
19,Ser64,-1.082418,-4.250959,0.204482,-1.7096316666666669,0.1192099,76.477807,-0.7023,18.564504679629888
20,Gln102,-1.791213,1.535214,-0.212447,-0.1561486666666666,0.0927545833333333,44.860008,0.2342,16.10611486361624
21,Lys58,-1.194219,-1.973735,0.826684,-0.7804233333333334,0.0832454736842105,44.830431,1.0409,5.362619602395829
22,Gly51,-0.221975,-9.604314,0.075684,-3.250201666666667,0.0774326315789473,63.563234,-0.5726,7.452544867359069
23,Val88,-0.546868,-4.414773,0.110396,-1.6170816666666668,0.0758960526315789,28.856699,1.233,13.98950835447765
24,Arg71,-0.575721,-1.773644,0.138636,-0.7369096666666667,0.0740549411764705,65.467224,-0.4967,7.536236925681144
25,Cys152,-0.934052,0.765421,-0.556655,-0.241762,0.0688346,16.747255,0.1252,3.351120708061707
26,Glu129,-1.320991,-4.21039,0.698802,-1.610859666666667,0.0597739375,57.660403,0.1433,15.369787278944363
27,His114,0.01442,2.815887,0.125641,0.985316,0.0591424444444444,28.463276,0.9834,1.330729123450749
28,Ala6,-1.42089,3.528868,-0.582006,0.5086573333333334,0.0559397499999999,4.620659,-0.4912,2.891254917851416
29,Glu154,2.484259,0.7323,0.597977,1.271512,0.0537237499999999,17.71429,1.0547,4.927081387596516
30,Asp132,-1.201354,-3.676197,0.403442,-1.4913696666666667,0.0430261333333333,48.123804,1.1434,16.338190964730458
31,Asp79,-2.357848,-2.478328,-0.267923,-1.7013663333333333,0.0361239444444444,69.458288,1.0172,19.18391620603051
32,Arg33,-0.99037,-3.139215,-0.173567,-1.4343840000000003,0.0294117058823529,65.766989,0.9893,3.3899393799889697
33,Lys106,-2.271638,-1.689529,0.648,-1.1043889999999998,0.0227635294117647,39.896265,2.5581,16.858742450135477
34,Asp142,-0.065906,1.046304,0.421554,0.46731733333333336,0.0159451666666666,76.118379,2.498,9.721020831167888
35,Glu120,-2.080496,-0.50457,0.175866,-0.8030666666666666,0.0157946111111111,86.572936,0.7004,7.197294839035011
36,Ala83,0.285213,-3.086134,-1.124145,-1.3083553333333333,0.0152268235294117,64.456088,2.3726,17.053329088480055
37,Arg159,0.481159,0.0,-0.003993,0.15905533333333333,0.0130311111111111,81.762351,-0.488,17.55279789663175
38,Ser135,-0.669955,-0.408487,0.044949,-0.34449766666666665,0.0119397222222222,45.900928,0.3426,10.703385866164034
39,Glu134,-1.222623,0.6098,0.543395,-0.02314266666666667,-0.0037983333333333,48.719527,0.9698,12.839662339796948
40,Ala19,0.962232,4.588126,1.090782,2.213713333333333,-0.0072590588235294,46.17787,1.0918,6.2213446295796855
41,Asp87,-1.916764,-4.995156,-0.193192,-2.3683706666666664,-0.0279107333333333,109.345965,1.3286,17.213919542045037
42,Val72,-2.006705,-2.697895,-0.564039,-1.756213,-0.0409046842105263,7.355267,-0.2099,6.098024434191781
43,Asp69,0.110624,-0.275402,0.988547,0.2745896666666667,-0.05354975,17.124189,0.4435,9.023585872589676
44,Pro105,-2.656652,2.287471,-0.07039,-0.14652366666666658,-0.0544236999999999,68.12489,0.7117,17.18146003691188
45,Asn23,-0.405133,1.651347,0.197025,0.4810796666666666,-0.0555294999999999,61.764392,-0.4909,1.3342492270936488
46,Pro89,-0.745399,-1.055277,-0.082653,-0.6277763333333335,-0.0594438947368421,84.391812,1.0661,14.719384328157208
47,Trp30,0.187583,-2.013579,-1.17819,-1.0013953333333332,-0.0656405555555555,4.717078,0.1293,1.332617724630736
48,Val136,1.714244,3.377697,-0.085656,1.6687616666666667,-0.0871517368421052,41.36403,0.1572,12.360762355130044
49,Asn34,1.10093,-4.809239,0.459839,-1.0828233333333335,-0.0923169999999999,12.82687,0.3616,3.4593999479678565
50,Gly86,-0.79884,-13.189977,-0.357563,-4.7821266666666675,-0.0989901578947368,52.489549,2.5557,15.439364268000157
51,Asn18,-0.808698,-3.334066,0.479116,-1.2212159999999999,-0.1064296923076922,59.533471,-0.7993,9.770958908930076
52,Gln146,-1.103994,-0.906806,0.144611,-0.622063,-0.1105936249999999,71.629276,0.3238,7.937541495954526
53,Asn37,-1.250009,-5.204324,0.069308,-2.1283416666666666,-0.1142114999999999,85.225179,-0.7744,7.7818581971146195
54,Ala145,2.159703,-1.007978,0.373825,0.5085166666666666,-0.1213421666666666,96.325727,0.3854,11.529074594259509
55,Arg12,-0.604217,3.76712,0.238861,1.1339213333333333,-0.1323051249999999,37.37913,-0.3072,7.311738028676903
56,His124,-0.7465,-2.156441,0.361896,-0.8470150000000002,-0.1443546111111111,42.598165,1.1345,9.293311358175837
57,Asn59,0.023189,-0.844112,0.787,-0.011307666666666633,-0.1447203888888889,5.581053,-0.9325,2.9417263638890683
58,Ala143,1.942344,3.846754,0.122284,1.9704606666666666,-0.1660034736842105,45.958102,0.0833,10.4608598594953
59,Leu36,1.997185,-1.709694,0.46653,0.25134033333333333,-0.1853700526315789,34.235041,-0.1122,4.81116836121955
60,Pro25,-0.020027,-1.279213,0.168151,-0.37702966666666665,-0.1863841578947368,34.332593,-0.6099,3.38390839119501
61,His45,-0.887761,3.528133,0.182683,0.9410183333333334,-0.1870972631578948,43.065575,-0.6716,11.192646782597938
62,Leu24,-0.9234,0.198396,-0.005665,-0.24355633333333335,-0.1872246666666667,2.290168,-0.7973,3.1312020056202066
63,Glu157,-0.276036,2.06024,0.939438,0.9078806666666667,-0.1873448124999999,43.081919,-0.0191,12.345564628642952
64,Gln108,-0.840341,0.723914,0.42401,0.10252766666666663,-0.1941042222222222,49.83545,0.1976,14.215477832278449
65,Phe137,2.116584,-0.527403,-0.68999,0.2997303333333333,-0.1942524375,31.10337,1.4867,8.873698383425031
66,Glu101,-1.613793,1.145532,-0.405291,-0.29118400000000005,-0.202139875,64.583251,0.7241,14.488806645131268
67,Gly56,-1.797703,-9.0097,0.027605,-3.593266,-0.2077453157894736,55.472015,-0.1314,3.675107345371017
68,Val119,-0.219071,0.25827,-1.340614,-0.433805,-0.2079854117647059,21.482158,0.2532,4.156609555876039
69,Glu80,-1.797759,-3.131367,-0.396644,-1.7752566666666667,-0.2082083529411764,49.681798,0.5094,16.936475459787967
70,Pro39,1.556917,-4.621298,0.356892,-0.9024963333333332,-0.2289397777777777,5.519262,0.0486,8.22523160768133
71,Ala84,-0.252489,-2.558174,-1.194028,-1.334897,-0.2309233888888889,16.428502,2.5422,13.311285174617812
72,Arg44,-1.214301,1.924389,0.205841,0.3053096666666666,-0.2323361052631579,37.340981,-1.1391,11.680692916090209
73,Ser138,0.244354,0.110256,-0.094421,0.08672966666666666,-0.2607424375,59.74457,0.5864,9.55626396663466
74,Trp47,-1.925968,1.144889,-0.644565,-0.4752146666666666,-0.2704837058823529,5.978121,0.4215,5.190602469848756
75,Ile91,-3.673063,-2.609361,-1.884226,-2.7222166666666667,-0.3120771428571429,6.385198,0.501,10.203346019811343
76,Val75,-3.256293,-3.766112,-1.860662,-2.9610223333333336,-0.3169938888888889,5.823719,-0.3641,14.428559387548017
77,Lys109,2.633968,2.5069,0.675265,1.9387109999999996,-0.3213501764705883,13.442915,-0.1864,10.644849552717972
78,Asp131,-2.167079,-4.934901,0.190948,-2.3036773333333334,-0.3224979999999999,80.342882,1.0392,17.083971142565183
79,Ser150,0.665143,3.915224,0.319118,1.6331616666666668,-0.3285155625,15.183823,2.2047,6.748248365316735
80,Lys38,-0.110082,-2.158723,0.577804,-0.563667,-0.3385197058823529,20.481648,-0.4674,7.077023526879078
81,Glu139,0.041846,1.528898,0.255916,0.6088866666666667,-0.3403987777777778,41.891145,0.7642,7.323597271833015
82,Ala117,-1.809287,2.580542,-0.391282,0.12665766666666659,-0.340449,2.005582,0.7193,4.933821034451898
83,Asp11,-0.464188,1.376291,0.196598,0.369567,-0.3462964736842105,83.110622,-0.8497,9.483196982030902
84,Tyr128,-1.851133,-1.803194,-0.894876,-1.516401,-0.3759779285714286,16.623222,0.7399,8.802389789142492
85,Arg98,-0.834141,3.153167,-0.443345,0.625227,-0.3892472941176471,73.873123,0.0861,14.105701896750832
86,Pro126,-0.24942,-5.140903,0.428343,-1.6539933333333332,-0.3952453333333333,10.200237,-0.8774,11.805203683122116
87,Tyr151,0.256002,0.811722,-0.996184,0.0238466666666667,-0.4193202222222221,4.590993,-0.1026,3.888902801562413
88,His141,0.383521,1.518269,-0.09241,0.6031266666666667,-0.4199338666666666,27.310231,0.2332,7.635360698748946
89,Val99,-2.223804,2.257398,-1.966541,-0.6443156666666666,-0.5253840769230769,4.893821,-0.5489,11.421649180394224
90,Trp74,-1.794816,-2.699846,-0.261922,-1.585528,-0.5296785294117646,20.697916,-0.3632,11.575441719433432
91,Val40,-1.022406,-1.22726,-1.476301,-1.241989,-0.546108142857143,0.0,-0.5377,4.340621499278646
92,Asp144,-0.274356,4.613635,-0.301242,1.3460123333333334,-0.5541881764705883,53.396028,-0.2774,9.216300016818028
93,Leu156,-0.964344,1.9294,-1.080018,-0.038320666666666635,-0.558292875,5.036822,0.3438,7.508596007243965
94,Cys85,-1.827807,1.932904,-1.342431,-0.4124446666666666,-0.5683094705882352,4.401977,-0.3648,12.753979810239626
95,Arg158,0.174619,1.773291,0.583753,0.8438876666666667,-0.5753412777777778,28.981916,-1.0296,14.82513278186742
96,Phe153,-1.5772,4.521575,-0.417291,0.8423613333333334,-0.5755974705882353,3.608303,-0.8076,3.3701942080538925
97,Ile14,-0.325372,4.768951,-1.103722,1.1132856666666668,-0.6109693636363637,11.919384,-1.1534,4.283035138777174
98,Met16,-0.415782,1.607673,0.246462,0.479451,-0.612517388888889,30.82102,1.0555,6.850749302083677
99,Ala81,-3.505566,-2.867103,-2.222297,-2.8649886666666666,-0.6330771249999999,0.0,-0.9657,14.31508885756564
100,Lys32,-0.357627,-2.511079,0.762091,-0.7022050000000001,-0.6368206875,51.262067,-0.965,1.3402078197055851
101,Ala29,0.021997,-2.144303,-0.843973,-0.9887596666666667,-0.6615412777777778,42.132693,-0.2882,1.336870225564172
102,Ser63,0.227775,-2.964832,0.218548,-0.839503,-0.671528125,8.716814,-0.9366,15.282926028742008
103,Asn147,3.044911,3.577548,0.681016,2.4344916666666667,-0.7047415714285714,3.980738,-0.6648,4.668668975200533
104,Val10,1.581098,6.031681,0.268015,2.6269313333333333,-0.7183812631578947,31.982761,1.1193,6.701215859827229
105,Ala9,-1.856593,1.97822,-0.747484,-0.20861899999999997,-0.7267990555555556,5.178637,-0.3951,3.684643944806608
106,Leu62,-1.165276,-1.077146,-1.655564,-1.2993286666666666,-0.7278724166666667,9.233996,-0.2775,12.158669746316823
107,Ile82,-0.633197,-2.814867,-1.326151,-1.591405,-0.7324317333333331,26.200193,0.4925,15.96723802039664
108,Ile60,-2.727214,-4.193151,-1.873054,-2.9311396666666667,-0.7800459444444444,0.0,-0.7828,8.261572247459922
109,Phe103,-2.779824,1.610991,-2.018269,-1.0623673333333334,-0.7847580909090911,0.0,0.0435,13.263568486647928
110,Ala26,0.982918,-2.168594,-0.197016,-0.4608973333333335,-0.7981855789473684,22.678143,0.3855,1.3352531595169497
111,Ile41,-1.94211,-1.954414,-2.705901,-2.2008083333333333,-0.8246342,0.0,-0.5831,7.733440437476712
112,Met42,-1.568057,-1.070504,-1.188042,-1.2755343333333333,-0.8306572000000002,0.0,-1.1765,4.441520685531026
113,Ile155,-0.404776,1.170048,-0.629536,0.045245333333333304,-0.8325523529411765,11.097453,0.0222,7.251667808166615
114,Gly97,-0.262457,4.671605,-1.078093,1.1103516666666664,-0.8340222631578947,8.29157,-0.588,11.25234922138484
115,His149,-0.538271,2.005515,-0.10827,0.4529913333333333,-0.8418464666666666,27.274207,0.5305,4.006477130846998
116,Leu110,-1.61371,1.536349,-1.847526,-0.641629,-0.8438209999999999,0.0,-0.4386,7.320101433723442
117,Met92,-3.112408,-2.779577,-0.383892,-2.091959,-0.855767411764706,0.0,-0.5669,6.437777722164691
118,Ile115,-2.100787,0.842159,-1.05222,-0.7702826666666667,-0.858538,3.692439,-0.8577,3.289687219174492
119,Val13,-2.162222,3.404232,-0.08281,0.3864,-0.885547842105263,3.354869,-0.5146,3.914205666543341
120,Leu8,-2.172583,3.138334,-1.256444,-0.0968976666666666,-0.9035030588235292,2.047804,-0.5098,2.795035956834903
121,Ser49,-0.627676,1.656843,0.152083,0.39375,-0.9123099444444444,52.94383,-1.1644,8.805724331365365
122,Ile50,0.335328,2.811509,-0.735157,0.8038933333333333,-0.928390846153846,29.486789,-0.6987,4.020688000827719
123,Ile61,-2.357684,-4.511321,-1.025298,-2.6314343333333334,-0.949738625,0.0,-0.9681,7.740871591752444
124,Ile94,-2.049609,3.528441,-1.09231,0.12884066666666674,-0.9554424,5.131746,-0.937,3.7059286285626176
125,Thr113,0.556553,0.105144,-0.244048,0.13921633333333333,-0.9673296666666666,0.796046,-1.2171,0.0
126,Val93,-2.407569,-3.589765,-1.996892,-2.664742,-0.9821617142857144,0.0,-0.6153,6.355716246026092
127,Leu112,-1.967409,0.088186,-1.035556,-0.9715929999999999,-0.9907606666666666,0.0,-0.2255,1.3249584899158162
128,Glu17,-1.628611,5.001108,0.754788,1.3757616666666668,-0.9956942941176472,89.390104,0.2259,10.213823867680508
129,Leu4,-2.54592,2.342876,-1.282721,-0.49525500000000006,-1.0022079166666666,0.0,-0.3365,7.802524335111041
130,Thr46,-0.936486,2.353736,-0.75968,0.21919000000000002,-1.004248,18.644056,-1.1931,7.09051140609759
131,Pro21,-0.936921,2.406579,0.58265,0.6841026666666666,-1.0111459444444444,44.401492,-0.7262,1.3352636443788917
132,Asp27,3.287634,-1.288143,0.294833,0.7647746666666667,-1.040925,6.407785,-1.0987,0.0
133,Glu90,1.598167,-1.017759,0.618451,0.39961966666666654,-1.073819588235294,12.353534,-0.7678,10.081502070624198
134,Gly43,-0.192175,2.155161,0.865018,0.942668,-1.0780278333333333,10.351799,-1.2097,10.04253239974858
135,Trp133,-0.846368,1.731645,-0.683932,0.06711500000000004,-1.1110676666666666,3.19114,-0.7325,12.512177987864463
136,Ala7,-0.370085,4.356828,-0.107315,1.2931426666666666,-1.1239245,10.936038,-1.1853,3.3819859550270164
137,Tyr111,-0.212619,0.4185,-0.399888,-0.064669,-1.1351370769230766,5.580022,-0.3881,4.100386079383258
138,Leu104,-2.450274,4.51734,-1.312886,0.25139333333333336,-1.144596,9.636244,-0.4743,12.740418321232626
139,Phe125,-2.013454,-3.042965,-1.782201,-2.27954,-1.1569285,0.846285,-1.0732,8.366172721143164
140,Thr123,-0.42814,-0.414414,-0.249263,-0.363939,-1.1588555294117648,32.123966,-0.5217,7.547828429422598
141,Phe31,-0.196501,-1.435669,-1.394837,-1.0090023333333333,-1.2968565,20.792137,-1.2076,0.0
142,Leu54,-1.902839,-4.417836,-0.805096,-2.375257,-1.3587515,12.408824,-1.2071,0.0
143,Gly95,-0.379164,-10.444563,-0.478763,-3.7674966666666667,-1.380508,0.0,-1.2097,6.958265157350645
144,Thr35,1.826924,-4.263694,-0.278526,-0.9050986666666666,-1.4132076666666666,0.0,-1.2198,2.6919511511169736
145,Ser3,-0.134985,2.183341,0.580265,0.876207,-1.419890384615385,0.0,-0.7316,9.051003480277751
146,Tyr100,-1.482178,1.704158,-1.065072,-0.28103066666666665,-1.4420112307692308,6.07149,-0.829,6.238505029251799
147,Gly15,0.946908,-7.805633,0.657675,-2.067016666666667,-1.46127975,9.64856,-1.2097,4.896300746481981
148,Leu28,1.692642,-1.771141,-0.037095,-0.03853133333333337,-1.4963235333333336,49.059362,-0.694,0.0
149,Trp22,-0.838047,2.401266,-0.740194,0.2743416666666667,-1.57647675,9.983886,-1.0798,0.0
150,Ile2,-0.418935,1.708964,-1.368226,-0.026065666666666668,-1.6070195,9.849394,-0.5844,12.85767047330114
151,Ser148,0.337244,-1.405562,0.091927,-0.32546366666666665,-1.7539956842105264,50.250385,2.4877,4.242019566197214
152,Ile5,-2.015722,2.543309,-1.030649,-0.1676873333333333,-1.7963364285714287,1.720843,-0.8245,3.8300528716977262
153,Asp122,-1.393578,-2.45683,0.686331,-1.0546923333333333,-1.8238846666666664,61.425912,-1.1533,9.665852781829445
154,Arg57,0.237774,-0.268757,0.604651,0.19122266666666668,-1.86824275,10.795803,-1.2177,3.4401885122766163
155,Met20,0.746723,0.94179,-0.237084,0.4838096666666667,-1.986029538461538,44.195161,-0.7245,2.9930203808193485
156,Gly121,0.14735,4.197316,0.208825,1.5178303333333334,-2.3705028,20.064772,-0.8552,8.0574108744683
