mutation_position,score
Gln546,0.9172046561745176
Gln526,0.8957056855639094
Gln474,0.878646933105638
Glu29,0.8693477542684969
Lys481,0.8691222711051985
Ser420,0.8513192264343935
Gln517,0.8482262659378514
Phe531,0.837705159459712
Gln486,0.8372342407452187
Met505,0.8361557188334716
Arg548,0.830233302369799
Gly522,0.820346723765515
Glu297,0.8198027618349475
Pro2,0.8169635981600103
Glu404,0.8157325346612138
Lys406,0.8153248718165429
Arg527,0.8138156637264187
Thr318,0.8138111111099937
Glu547,0.8095609402084468
Glu289,0.8093206459366293
Pro475,0.8055349224490755
His501,0.8043127440013574
Met529,0.8035200943954426
Glu451,0.8033701378128321
Ser525,0.7991865972701317
Gln295,0.7991295774044611
Leu426,0.7987397033360921
Asn541,0.7950031670022149
Glu399,0.7934501668169408
Ser520,0.793191716581158
Asn327,0.7862412111139357
Ser27,0.7838970425264977
Ser73,0.7837449882572566
Met458,0.7830186583422681
Leu469,0.7825529406520338
Lys405,0.7809232693726128
Lys441,0.7790940601493977
Ala24,0.7756776919755262
Gln550,0.7744949109052717
Thr495,0.7727916267510043
Asp549,0.7711126210399388
Gln242,0.7703223443350192
Ala452,0.7697433001875128
Gly432,0.7687011503339443
Gly418,0.7672410123260063
Asp477,0.7641930612258221
Lys485,0.7640744002051048
Gln365,0.7621729650014044
His411,0.7610548640141539
Ala71,0.7602152112647383
Val512,0.7571104869084107
Val449,0.7571026675622902
Leu56,0.7567674621835518
Gly532,0.7557733703641594
Glu329,0.7557243004690658
Thr403,0.7554728118167833
Glu440,0.7546576697045964
Glu400,0.7544238993404048
Val543,0.7505386242225992
Lys398,0.7478250389314784
Glu291,0.747749959791147
Gln362,0.7475212091513049
Gln298,0.746371987865397
Ile483,0.7462232578102748
Val473,0.742005570971371
Gln528,0.7413552378813315
Ala421,0.7408557880935122
Val454,0.7403841251725576
Tyr518,0.7382930092608183
Ser476,0.7378780097840225
Lys83,0.7358733871598493
Gln489,0.7353778421185737
Glu363,0.7342520424008563
His519,0.7329648000418248
Val482,0.732227119327727
Leu456,0.7320107203236722
Thr68,0.7303967893222532
Arg58,0.7298377746249332
Gln55,0.7297033122615337
Leu124,0.729506986393222
Arg18,0.7283015345672015
Leu412,0.7271015465226653
Trp410,0.7261676570989539
Lys551,0.7253732728626062
Lys523,0.7233897362540406
Arg389,0.7231145196632844
Gln478,0.7225276683324768
Gln515,0.7203797002620066
Glu4,0.7201313997852651
Lys472,0.7193060459881675
Arg439,0.7187289490698833
Asp86,0.718387037064576
Phe508,0.7179884071244513
Gln7,0.7161257508740799
Asp450,0.7159623443766048
Thr428,0.7159218231285605
Glu330,0.715633473842617
Cys15,0.7145856349612838
Ala340,0.7139381360249123
Val534,0.7131473605448746
Ala48,0.712927889544724
Lys271,0.7121810223058935
Glu40,0.708223267234219
Asn463,0.7071026147415992
Thr296,0.7038557999988397
Ile437,0.7037509792417824
Arg498,0.7031805865142627
Ala545,0.7018259032780361
Gly480,0.7004522734208525
Gly20,0.6973465016657671
Val10,0.6972887797401652
Val319,0.6971951859155545
Leu419,0.6966695700349188
Trp208,0.6950493568905374
Glu514,0.6943838643105357
Pro41,0.6940086562557296
Ser467,0.6928949298784371
Glu62,0.6926746904965698
Arg413,0.6919694228885922
Glu436,0.6915542983609703
Pro70,0.6907331055952606
Lys98,0.6901869711806179
Leu461,0.6894673253084852
His17,0.6876965111893248
Leu28,0.6862852452060614
Lys25,0.685250482934798
Leu402,0.6852204384656554
Leu465,0.6842964157260796
Ala60,0.6814153146627675
Met337,0.6799212491658378
Pro74,0.6788977587708469
Gly57,0.6782794189743109
Met464,0.6779607463380117
Ile435,0.6774184463077376
Asp494,0.6771868404808062
Thr141,0.6761867178572106
Cys431,0.6760574554795118
Asn212,0.674438410528992
Ala355,0.6713429031841736
Thr493,0.6698709069093114
Pro200,0.6697854169148363
Ile502,0.6695618437354086
His433,0.6685825711935037
Ile44,0.6685013262181989
Thr193,0.6675645203097432
Gly31,0.6665530093299877
Leu468,0.6653670746898825
Thr521,0.6625338906599516
Thr424,0.661423024361583
Glu292,0.6606760330211697
Glu37,0.6598342200849308
Lys94,0.6597114825945055
Ile286,0.6588943630775795
Lys36,0.657280104677347
Asp506,0.6559093120470327
His507,0.6545926473087282
Asn194,0.6544034763161278
Lys267,0.6537517588888158
Ser3,0.6535949704535364
Asp401,0.6516286770804618
Ile84,0.6510267967212933
Lys322,0.6509528183195158
Leu106,0.6504622399543061
Thr235,0.6498370516956156
Ser326,0.6496327753094023
Pro407,0.6490026913680544
Lys359,0.6486707906316046
Ala69,0.6479651307182881
Lys82,0.6476236151650776
Cys272,0.646926481180906
Ser175,0.6452906504222253
Ser23,0.6448497488735458
Ala38,0.644506329648313
Leu42,0.644339907380757
His66,0.6433923062911442
Arg45,0.6407989599865782
Gly14,0.64053694560768
Tyr484,0.6394926366130551
Lys97,0.6394810866895045
Ala8,0.6386823999805336
Arg196,0.6378682613133897
Val530,0.6372019803358349
Ile537,0.6357433820503012
Trp43,0.6354713895927905
Asp238,0.6352746682409487
Thr299,0.6349664634772931
Ser500,0.6347338154766576
Leu492,0.634381733929666
Pro49,0.6334716279534071
Asp321,0.6322185753972318
Leu392,0.6314625654751786
Ala226,0.6313658895022578
Arg161,0.6294484806815832
Lys211,0.6291713406256715
Arg491,0.627035159128666
Ser524,0.6269338624420996
Phe487,0.6266747060727157
Val252,0.6259169509330119
Thr300,0.6251936937464173
Gly367,0.6250988154169155
Gly274,0.622159031350612
Thr434,0.6215591154359953
Asp35,0.6208304568867339
Gly26,0.6198345098237126
Gly442,0.6198247319951952
Leu423,0.6192186819999405
Lys488,0.6165818628791305
Ser387,0.6164356295904235
Gly453,0.615289155379007
Arg276,0.6146821278087647
Lys72,0.6141527073042944
Val354,0.6132292777692377
Phe334,0.6131150223646029
Pro138,0.6131003205793517
Lys247,0.6126683029399305
Gln341,0.6124101966880493
Lys394,0.6115793180232427
Glu213,0.6093600226700137
Arg132,0.6081909835312811
Ile429,0.6079433906755026
Ser63,0.6064614814677095
Pro21,0.6064319568249437
Gln415,0.606135935342261
Lys75,0.6056775685483735
Leu230,0.6053869059806641
Phe99,0.6032433820499725
Ile516,0.6032302134079021
Pro422,0.6027129573388643
Ser466,0.6022082803950279
Pro12,0.6010085883399966
Glu416,0.6001983766472418
Gly205,0.5962597804538269
Ala536,0.5962485296187638
Gly471,0.5962201999642387
Ile455,0.5944536905638168
Lys30,0.5943194692586955
Ala360,0.592745962334414
Asp79,0.5923332305362891
Ser227,0.5919476257143621
Gly497,0.5899831787883729
Pro427,0.5890791055547054
Ala446,0.5887117315141465
Lys39,0.5885648504801894
Ile490,0.5885476397793824
Gln393,0.5877521908656821
Thr333,0.5874712390321691
Val425,0.5859068897763644
Gly96,0.585558361182294
Thr535,0.5853936043715134
Asp133,0.5851923494028033
Arg369,0.5846135299378135
Pro59,0.5845791912677121
Ser19,0.5843977012873024
Ala470,0.583150859912382
Leu510,0.5801250532417599
Val189,0.5792987881096122
Arg209,0.5783723171423403
Glu9,0.577965774409859
Thr430,0.5765324827015927
Glu504,0.5745121893508811
Leu539,0.5728152813952991
Val356,0.5720982977989342
Arg125,0.571819071312239
Val511,0.5710940916018021
Glu302,0.568654994072401
Pro33,0.5683072396713622
Thr460,0.5668341267831931
Phe197,0.5667398889318849
His513,0.5660158175551869
Leu397,0.5637942291396789
Thr5,0.5634946209483689
Glu201,0.5610857054294304
Lys137,0.5603148190223897
Ala544,0.5563070669131813
Pro6,0.555410108701965
Leu503,0.5517024800814261
Asp444,0.5508354440027532
Ser61,0.5505309372637195
Pro273,0.5493441388602148
Glu34,0.5483099126768616
Gln368,0.5460306269512247
Arg266,0.5433395009642192
Phe324,0.542807940029943
Pro78,0.5421467680302399
Arg51,0.5383657050184842
Thr13,0.5382953902794917
Asp129,0.5376692210609847
Glu366,0.5367997205324495
Glu283,0.5364074592984535
His218,0.5354668679392353
Arg91,0.530014385730667
Val459,0.5296180091264725
Asp245,0.5287041679736703
Thr135,0.5273501721175994
Ala231,0.5267502266660257
Arg224,0.5247195307668803
Ser50,0.5225176692903133
Gly462,0.5200164523535767
Ile167,0.519771705537786
Thr353,0.518420565313627
Gly11,0.5179047328253845
Val160,0.5176278642121728
Ala157,0.5171965570261362
His22,0.5094652086760498
Val358,0.5088243727761605
Glu128,0.5026988703527716
Arg182,0.5020676118538173
Ser32,0.500937563725554
Gly115,0.49891443725712153
Ala253,0.49645161365359936
Ile80,0.4931803686960465
Gln243,0.49225729929113615
Ala265,0.4904174785483507
Leu81,0.4873423250097251
Glu104,0.48617887069559834
Lys102,0.48556115888653784
Val204,0.4836135559865382
Phe542,0.48248672376040325
Val479,0.48108151664704274
Gly116,0.4761034755388311
Leu241,0.4757891400684207
Asp388,0.4755849121718468
Gly134,0.47551817870975865
Gly395,0.47532927507229206
Val414,0.47427624170315824
Asp234,0.47285463666440314
Ser352,0.4688991671169475
Leu77,0.46524131742901353
His67,0.46465780053429667
Ala114,0.4645839587616499
Leu499,0.4645249104640584
Ile311,0.4644466025087797
Glu187,0.46348038118129564
Ala509,0.45854886226733377
Ala183,0.4554124143310391
Glu270,0.45190473736102277
Ile76,0.4502627453635652
Leu293,0.4501690443059079
Pro16,0.45001872442914304
Asp198,0.44590448852083175
Pro215,0.44383424873552507
Val320,0.44301798735011005
Glu342,0.44002771526579937
Val378,0.438789802230816
Ser254,0.4383188611743215
Asn93,0.43794464035294034
Trp408,0.4298375573420422
Ile92,0.4291338868642819
Arg164,0.4285040361815137
Val372,0.42695668747815185
Pro64,0.4250688660114115
Glu131,0.4242878637805946
Val118,0.42293040331387
Pro312,0.4224549674089361
Leu438,0.4201257697421359
Pro290,0.417735069200007
Val206,0.4170454205484049
Trp54,0.41691984824108913
Asp179,0.41272160828435195
Val448,0.41176215687085194
Leu248,0.4090239386368599
Gly100,0.4064211806427925
Ile166,0.40613775835841964
Asp140,0.4013360201915708
Ala237,0.4008705488797898
Thr236,0.40026455712144926
Ala350,0.3977504127136366
Asn216,0.3973636772171267
Ser199,0.39449069353678207
His203,0.3925750779987418
Ile127,0.39013255008620346
Ala195,0.38967498624769276
Val178,0.3895800263079238
Phe443,0.3877469243285838
Glu171,0.38510651592880335
Ser123,0.3840076410062944
Ile264,0.3835117047837316
Gly139,0.38348165255970146
Gly457,0.37994429722589895
Gln445,0.3797554911813759
Asn294,0.37740469153067974
Ala155,0.3696394696804955
Glu239,0.3672011957612801
Gly85,0.3662801398391508
Cys346,0.3658790414461362
Trp409,0.36452443531138135
Ala159,0.3640237765321079
Asp47,0.3607179176023838
Ala107,0.3604205342396726
Met126,0.35725289906246915
Val533,0.3558220856196915
Ile261,0.35330520856151926
Thr383,0.3523019060707246
Gly162,0.3515718110187264
Pro375,0.35022181785965667
Cys275,0.3497311402162257
Pro192,0.34913632055804006
Asn113,0.3455016084272637
Asp316,0.3428624124865524
Ser202,0.3410799013321329
Thr262,0.3393322106691082
Val280,0.338327648494563
Leu417,0.3381872640490865
Thr260,0.3378901930981638
Val255,0.3334406564864667
Leu540,0.3329215333167316
Gly246,0.3282675056854088
Asp120,0.32450157397710566
Leu251,0.3209639554225388
Leu136,0.3199556494417899
Arg190,0.31179774673222327
Thr53,0.3111230231711487
Pro282,0.31025140055145706
Ala331,0.30978374674389947
Leu496,0.3075611668560077
Lys269,0.30733787697938125
Cys109,0.3051064451056185
Val180,0.3033010057256276
Ala130,0.3017218405320759
Leu345,0.29984818705476374
Asp221,0.2954030444069228
Thr87,0.29300107835036737
Val371,0.29282007795860443
Met89,0.29188205975238307
Asp249,0.28966264476900916
Glu176,0.2894228831384518
Ala335,0.2887133021230063
Leu338,0.28855777862253906
Val314,0.28795822969107854
Met382,0.28611795214707914
Thr313,0.28478621906055873
Pro88,0.2799537488420079
Leu184,0.2786950799737568
Pro229,0.27838391730351153
Pro447,0.2760389312459907
Ile339,0.2758374289394658
Phe385,0.2746516279340413
Ser377,0.272914811233041
Val303,0.26882577191401846
Ile373,0.2685093490045629
Leu210,0.2641159148519815
Gly279,0.26321523632841715
Ile188,0.2630651823775389
Met173,0.26303767835016095
Arg317,0.26282740574725216
Ile219,0.2626054493503774
Phe396,0.2563749531882562
Met169,0.2560946552042998
Leu344,0.25406927611655544
Ile214,0.2516300842473298
Ala357,0.2442381914125836
Leu105,0.24313115469307625
Gly284,0.2424387007973757
Phe112,0.241587828458507
Thr146,0.2383515158899331
Leu364,0.235826079605886
Ile306,0.23477663704505977
Leu315,0.2333347036190468
Ser217,0.22876351067840653
Met391,0.22849518991097476
Ile95,0.2241151971101795
Cys370,0.22365773137239678
Cys103,0.22148532225121664
Phe111,0.21887812565400142
Tyr301,0.2175279206528097
Leu386,0.21589755987535839
Val168,0.2157540284726116
Ala361,0.21488937497619887
Ile278,0.21393359428686906
Leu287,0.2132062050285611
Ser117,0.210152127867604
Tyr233,0.20981102000036356
Ala186,0.2088151421319298
Glu144,0.2082122521051326
Lys172,0.2076077794176488
Ile277,0.20217339347678281
Pro145,0.19924800392363565
Asp538,0.19871098963067926
Asn225,0.1939178300439341
Leu374,0.1933545136231216
Cys165,0.1930048483595303
Gly185,0.19084874261107473
Arg379,0.18732561158281003
Cys244,0.18697933200832922
Asp309,0.18672516672130132
Val90,0.18527457792741434
Ser349,0.18066038020133018
Leu268,0.17954755918509652
Ile142,0.1781062925310212
Leu181,0.1769498658683235
Pro46,0.17518488169846508
His232,0.17360547906253254
Ile143,0.17083643998117973
Ala288,0.16610900534856432
Ile152,0.16349850775473346
Lys384,0.16330052875051085
Ala158,0.1570347169331218
Met250,0.15551845642376244
Lys119,0.14468506440945117
Thr150,0.1440602008717986
Leu156,0.13664818698928077
Tyr223,0.13541780431315414
Gly153,0.13442106484721913
Leu220,0.1318429203267205
Arg336,0.13065018358098188
Cys52,0.13007892496550721
Leu154,0.12823808764371628
Tyr308,0.12671079190057827
Leu101,0.12596163973709423
Gly351,0.12591779760844712
Thr257,0.12458443528969754
Ser285,0.12107049781080655
Ser174,0.1210269160068878
Pro170,0.11347848873270996
Asp376,0.11327768385555477
Lys108,0.11259166840435003
Phe310,0.11210450142213754
Ala207,0.1100052590652717
Asn228,0.10987664058046884
Gly348,0.10468158486365452
Thr191,0.10313424404647394
Gly148,0.10136894150704363
Gly343,0.10116739780585329
Phe332,0.09864667651440955
Ile240,0.09795132418404132
His65,0.09741660184145301
Tyr381,0.09241226784891672
Lys325,0.0881488202938288
Ser147,0.08745809154465875
Trp390,0.0869841532853891
Gly259,0.0833604870523332
Lys177,0.07887283797156155
Glu304,0.07707422999701084
Glu110,0.07633425527950406
Asn149,0.07614057327897869
Gly258,0.07546786098234179
Ile122,0.07424639174423256
Asn380,0.0707275811830335
Gly256,0.07054502600824636
Gly305,0.06941381068303745
Arg121,0.066812811749772
Gly263,0.06151570866018937
Gly347,0.06036285349788265
Asp281,0.057542601678638006
Tyr163,0.05364686458566734
Gln222,0.052424843504931935
Gly151,0.03203182397393151
Asp328,0.029970351025990626
Gly307,0.022035796562609372
Trp323,0.015710110863487062
