mutation_position;score
Tyr159;1.0
Pro79;0.8631823098397102
Val142;0.860160835618939
Gln111;0.8407144771246875
Asn37;0.8039785802825975
Pro32;0.801892154912856
Leu114;0.7943047033429831
Thr108;0.79161883586895
Gln11;0.7848336006082752
Lys76;0.77159197290781
Lys101;0.7623299296940445
Gln126;0.7448176578182066
Ala150;0.7406213524577052
Pro157;0.7288282380329583
Pro52;0.7266712030356215
Pro80;0.7259260654577137
Lys59;0.7071500305640217
Leu63;0.7042059666807535
Lys146;0.7028966294602659
Pro88;0.7005838837009417
Asn40;0.6941901947368841
Glu78;0.6882705491421102
Lys74;0.6876319629942846
Thr29;0.6873189371436118
Glu122;0.6852972342804144
Arg61;0.6850451868708496
Arg141;0.6706419818920013
Ser70;0.6667822308235721
Lys49;0.6550570990958604
Asp100;0.6546055645499355
Asn121;0.651547340839591
Glu99;0.6473257885377106
Glu42;0.6398518917116557
Thr91;0.6348104483312955
Ala15;0.6331160795615888
Asp66;0.6303367767284977
Gly55;0.6251641264425775
Glu118;0.625143110027703
Lys65;0.6233531740079742
Glu145;0.6215903796254226
Ile107;0.616691101942517
Gln139;0.6159805181889404
Gly3;0.6095114423624796
Ser89;0.6094427321702826
Asp67;0.6047604838421297
Gln117;0.6011318218625166
Lys153;0.6004559723707452
Thr135;0.5933271668475237
Ala5;0.5909628856754814
Glu143;0.5893789125453858
Ser158;0.5888968908306444
Asn31;0.5878372755997459
Ala131;0.5844425136249143
Ala156;0.5792216868274401
Lys154;0.5769724170616379
Ser71;0.5628677133031086
Ile136;0.5590386141313252
Leu97;0.5589628640372765
Cys138;0.5554618414342302
Val27;0.5439547689704911
Gly50;0.5420676987309971
Arg147;0.5309294988836344
Arg149;0.529725690193023
Leu6;0.5209283632364632
Glu98;0.5198686791777475
Ala44;0.5173696632535851
Leu57;0.5027074078037224
Ile112;0.4999200820369591
Asp102;0.492848588824811
Val25;0.4761648051985345
Glu132;0.45851502794686716
Gln130;0.44670972581178103
Phe155;0.4428266059332256
Glu54;0.4353601746285979
Met39;0.4267801488916269
Lys30;0.4146640878541589
Ile4;0.41457523885320724
Lys48;0.40516526490858906
Ile116;0.39825524167283927
Ser7;0.39625036072645864
Gly34;0.39236254188536995
Asn140;0.3887820710130893
Leu60;0.3871628074812938
Cys75;0.37852244193571866
Leu113;0.37773385411284754
Ala10;0.374397089995478
Ile96;0.3740702353267952
Asp19;0.3676607877757049
Ile125;0.3644593735441658
Ser2;0.34374649019808434
Phe64;0.34266835504372645
Pro46;0.3420651978866291
Lys110;0.3352839809916343
Pro84;0.33461903667261234
Arg8;0.30872032945536015
Lys18;0.3047446304587885
Pro128;0.3007751641153937
Cys43;0.2980965815789158
Met62;0.2964291214562734
Tyr134;0.2887187179643278
Ile109;0.2799435903609841
Gly23;0.27635923312736965
Pro105;0.27606361327615225
Pro72;0.2674936856816759
Ile45;0.26272531805211685
Pro73;0.25329859609211647
Ala26;0.2428288470606404
Lys14;0.2384914401459761
Ala106;0.2373631840672985
Val86;0.23701963327136047
Ala133;0.22682598896642792
Leu119;0.2262873287668869
Phe24;0.22249008531425424
Phe58;0.21617972279667277
Met36;0.21549052634732874
Thr51;0.2133263500159265
Val92;0.21206701812870146
Leu9;0.2101699843390084
Pro28;0.20630781472840629
Arg104;0.2058474344350413
Met1;0.20144160711384532
Asn124;0.19841110317761607
Leu94;0.17680988403550596
Leu81;0.16951975968782132
Leu120;0.15864256797938264
Gln151;0.15514308104456798
Leu38;0.15018570677642043
Gly90;0.14419394247699652
Gly47;0.1347117070417503
Ser95;0.13240601468427995
Asp127;0.129794936183191
Val148;0.1293057460078561
Tyr68;0.1236359461366647
Trp41;0.1221247754787515
Tyr137;0.11955878637537533
Ala152;0.11574239447838328
Pro21;0.11234046667476531
Tyr87;0.10976060980789581
Phe82;0.10915062228339514
Trp16;0.1080072551837282
Phe22;0.10466024785234798
Thr35;0.10180692587323521
Asp33;0.09785941663158802
Glu12;0.08287932599159598
Trp53;0.07170588109529404
Trp103;0.049629200796416695
Pro69;0.04955205737079236
Arg13;0.0387614219374873
Gly56;0.0330114403129994
Tyr144;0.02867413561033554
Arg17;0.026861942146717954
His83;0.02669686095509345
Asn85;0.026561198448113856
Ala129;0.02348777963842277
Pro123;0.02223107156193631
Phe77;0.008767311595333347
Cys93;-0.0034850007646072267
His20;-0.003906362561223453
Gly115;-0.008917312439935834
